Client_Num,Customer_Age,Gender,Dependent_Count,Education_Level,Marital_Status,state_cd,Zipcode,Car_Owner,House_Owner,Personal_loan,contact,Customer_Job,Income,Cust_Satisfaction_Score
C100000,29,nan,1,Uneducated,Unknown,NY,87903,Yes,No,Yes,Cellular,Student,43538.0,2
C100001,25,Male,1,College,Divorced,TX,42795,No,No,Yes,Telephone,Self-employed,25836.0,5
C100002,58,Male,0,Post-Graduate,Single,GA,83043,No,Yes,No,Telephone,Salaried,35694.0,4
C100003,52,Male,4,College,Single,IL,55803,Yes,No,Yes,Cellular,Student,121622.0,3
C100004,50,Female,1,College,Unknown,OH,89811,No,Yes,Yes,Cellular,Businessman,111510.0,3
C100005,69,Female,2,Graduate,Married,GA,42470,Yes,No,No,Telephone,Student,92698.0,1
C100006,48,Female,2,Post-Graduate,Single,PA,59523,Yes,No,Yes,Email,Self-employed,77483.0,3
C100007,57,Female,4,Post-Graduate,Single,IL,36993,Yes,Yes,No,Telephone,Government,92619.0,3
C100008,48,Male,0,Post-Graduate,Unknown,GA,97750,No,No,No,Email,Self-employed,160445.0,4
C100009,63,Male,1,College,Unknown,CA,87815,No,Yes,Yes,Cellular,Self-employed,173495.0,2
C100010,26,Female,3,Uneducated,Unknown,CA,42223,Yes,No,Yes,Cellular,Businessman,143208.0,4
C100011,61,Male,3,Post-Graduate,Single,CA,72149,Yes,Yes,No,Telephone,Salaried,56864.0,4
C100012,64,Female,1,College,Divorced,TX,33153,No,Yes,No,Telephone,Unemployed,61557.0,5
C100013,49,Male,4,Graduate,Single,MI,88434,Yes,No,No,Telephone,Businessman,127371.0,5
C100014,24,Male,2,Uneducated,Unknown,PA,36418,No,Yes,Yes,Cellular,Unemployed,62116.0,4
C100015,38,nan,2,Graduate,Married,PA,19866,No,Yes,No,Telephone,Businessman,72611.0,5
C100016,35,Male,1,Uneducated,Married,IL,73720,No,No,No,Telephone,Student,130585.0,1
C100017,45,Male,5,College,Unknown,OH,36796,No,Yes,No,Email,Government,43797.0,3
C100018,24,Female,2,High School,Married,IL,82149,Yes,No,No,Cellular,Self-employed,45723.0,4
C100019,34,Female,1,Uneducated,Single,NY,24117,No,No,Yes,Cellular,Businessman,51964.0,2
C100020,37,nan,0,Graduate,Divorced,FL,48180,No,No,No,Cellular,Unemployed,98617.0,5
C100021,54,Female,2,College,Single,CA,63176,No,Yes,Yes,Telephone,Businessman,178511.0,1
C100022,39,Male,5,Uneducated,Unknown,OH,11628,Yes,No,No,Cellular,Retired,154836.0,5
C100023,49,Male,4,High School,Single,FL,87005,Yes,Yes,No,Telephone,Salaried,65340.0,1
C100024,42,Male,5,High School,Married,FL,55604,Yes,No,No,Email,Salaried,44025.0,1
C100025,34,nan,2,Post-Graduate,Single,FL,83857,Yes,No,No,Cellular,Retired,94409.0,1
C100026,56,Female,1,Post-Graduate,Divorced,TX,99259,Yes,No,Yes,Email,Government,126388.0,4
C100027,22,Male,3,Graduate,Married,GA,21145,No,Yes,Yes,Email,Self-employed,96831.0,3
C100028,65,Female,2,Uneducated,Divorced,FL,22244,Yes,No,Yes,Cellular,Businessman,136592.0,4
C100029,27,Male,5,Uneducated,Divorced,GA,20603,Yes,Yes,No,Cellular,Student,130388.0,3
C100030,48,Male,1,Post-Graduate,Divorced,NC,33402,No,Yes,No,Telephone,Retired,19829.0,2
C100031,28,Female,2,Uneducated,Single,CA,58081,Yes,Yes,Yes,Email,Salaried,137946.0,5
C100032,49,Male,2,Uneducated,Single,FL,87683,Yes,Yes,Yes,Email,Businessman,95139.0,4
C100033,30,Male,2,High School,Single,PA,88368,No,Yes,Yes,Telephone,Student,172908.0,5
C100034,41,Female,3,Post-Graduate,Single,GA,88204,Yes,No,No,Cellular,Businessman,89385.0,5
C100035,55,Female,1,College,Married,PA,11606,Yes,Yes,No,Email,Government,73881.0,2
C100036,24,Female,5,Post-Graduate,Single,PA,27722,No,No,Yes,Telephone,Retired,47432.0,5
C100037,41,Male,0,College,Married,MI,31940,Yes,No,Yes,Email,Government,83131.0,3
C100038,58,Male,5,High School,Divorced,FL,18390,Yes,Yes,Yes,Email,Student,54072.0,4
C100039,45,Female,4,Graduate,Married,NC,76905,No,No,No,Telephone,Salaried,102006.0,2
C100040,40,Female,3,Uneducated,Unknown,OH,77868,Yes,No,No,Email,Retired,107147.0,3
C100041,27,Male,4,High School,Single,PA,38903,Yes,Yes,No,Telephone,Government,67377.0,3
C100042,27,Male,4,Uneducated,Unknown,CA,89553,Yes,Yes,No,Telephone,Salaried,20966.0,2
C100043,52,Female,0,Graduate,Married,NY,53472,Yes,No,No,Email,Student,57317.0,2
C100044,52,Female,2,Graduate,Single,PA,73064,Yes,Yes,Yes,Email,Retired,25125.0,5
C100045,42,Female,0,High School,Unknown,CA,17119,No,Yes,Yes,Cellular,Unemployed,85926.0,1
C100046,69,Female,4,Graduate,Single,IL,98179,Yes,No,No,Cellular,Student,123170.0,3
C100047,45,Male,3,College,Married,CA,13722,No,Yes,Yes,Email,Businessman,126950.0,3
C100048,26,Male,4,Graduate,Unknown,TX,77006,Yes,Yes,No,Cellular,Student,151909.0,1
C100049,47,Male,4,Uneducated,Married,OH,16437,Yes,Yes,Yes,Cellular,Businessman,156173.0,3
C100050,38,Male,0,Uneducated,Unknown,IL,20044,No,Yes,Yes,Telephone,Salaried,89389.0,4
C100051,32,Female,1,Uneducated,Divorced,MI,23915,No,Yes,Yes,Email,Unemployed,160610.0,5
C100052,48,Male,4,Uneducated,Divorced,CA,85102,No,Yes,No,Cellular,Retired,67790.0,5
C100053,39,Female,1,College,Divorced,CA,43091,Yes,No,Yes,Cellular,Unemployed,163792.0,4
C100054,63,Male,2,Post-Graduate,Divorced,GA,95172,Yes,Yes,No,Cellular,Businessman,58451.0,1
C100055,37,nan,4,High School,Divorced,NC,63616,No,No,Yes,Email,Retired,97115.0,2
C100056,55,Male,0,Uneducated,Married,OH,36302,Yes,No,Yes,Telephone,Salaried,97963.0,3
C100057,35,Female,5,Graduate,Divorced,TX,35330,Yes,No,Yes,Email,Government,97140.0,3
C100058,25,Male,2,Uneducated,Married,PA,16430,Yes,No,Yes,Telephone,Salaried,50411.0,2
C100059,56,Female,3,Graduate,Divorced,TX,97702,Yes,Yes,Yes,Cellular,Unemployed,56620.0,2
C100060,53,Female,4,Graduate,Single,MI,40033,Yes,No,Yes,Email,Self-employed,125475.0,1
C100061,41,Male,0,Uneducated,Divorced,FL,63557,No,Yes,No,Telephone,Businessman,154321.0,3
C100062,55,Female,4,College,Single,FL,36843,Yes,No,No,Cellular,Government,158215.0,2
C100063,62,Male,0,Graduate,Married,TX,12838,No,No,No,Cellular,Salaried,173584.0,3
C100064,47,Female,0,Graduate,Divorced,MI,96833,Yes,Yes,No,Email,Student,95613.0,4
C100065,65,Male,1,Uneducated,Unknown,PA,17089,Yes,Yes,No,Telephone,Unemployed,42686.0,2
C100066,50,Female,4,Graduate,Married,IL,18583,Yes,No,No,Cellular,Businessman,34099.0,1
C100067,59,Female,0,Graduate,Divorced,NC,61246,Yes,Yes,Yes,Cellular,Salaried,41785.0,1
C100068,66,Male,0,Uneducated,Married,NC,65307,No,No,Yes,Cellular,Government,89569.0,3
C100069,50,Male,2,Uneducated,Unknown,TX,12064,Yes,Yes,Yes,Telephone,Retired,179828.0,3
C100070,65,Male,4,High School,Divorced,NC,17350,Yes,Yes,No,Telephone,Unemployed,177512.0,1
C100071,41,Male,5,College,Unknown,TX,43843,No,No,No,Cellular,Unemployed,121294.0,3
C100072,46,Female,5,College,Divorced,FL,79782,Yes,Yes,Yes,Telephone,Student,178872.0,1
C100073,44,Female,2,Graduate,Single,CA,88245,Yes,No,Yes,Cellular,Retired,49058.0,5
C100074,42,Female,1,College,Married,IL,52243,Yes,Yes,Yes,Cellular,Businessman,137448.0,1
C100075,57,Female,1,Graduate,Unknown,NC,50227,No,No,Yes,Telephone,Unemployed,44352.0,5
C100076,63,Male,0,High School,Married,NY,76161,Yes,No,No,Telephone,Government,151310.0,4
C100077,46,Female,0,Uneducated,Unknown,FL,32310,No,No,Yes,Email,Unemployed,172510.0,4
C100078,42,Male,0,Uneducated,Married,MI,33914,No,Yes,No,Email,Student,89469.0,4
C100079,66,Female,4,Uneducated,Married,NY,58695,Yes,No,No,Telephone,Retired,31425.0,2
C100080,53,Male,4,College,Married,GA,16569,Yes,No,Yes,Telephone,Self-employed,21097.0,1
C100081,44,nan,5,nan,Single,NC,30184,Yes,Yes,No,Telephone,Student,87741.0,5
C100082,25,Male,3,College,Divorced,TX,23174,Yes,No,No,Telephone,Retired,167954.0,5
C100083,44,Male,0,College,Single,NC,91891,No,No,Yes,Cellular,Businessman,158052.0,5
C100084,55,Male,5,High School,Married,PA,26907,Yes,No,No,Cellular,Self-employed,69873.0,1
C100085,42,Female,2,High School,Unknown,PA,35807,Yes,Yes,No,Email,Salaried,35395.0,4
C100086,53,Male,5,High School,Married,OH,20510,Yes,Yes,Yes,Telephone,Self-employed,160949.0,2
C100087,37,Female,3,High School,Divorced,IL,13053,No,No,Yes,Email,Self-employed,177080.0,1
C100088,32,Female,4,Uneducated,Single,PA,50469,Yes,Yes,Yes,Telephone,Self-employed,87824.0,2
C100089,50,Male,4,Post-Graduate,Divorced,CA,52396,Yes,No,Yes,Telephone,Unemployed,47596.0,2
C100090,46,Female,0,Post-Graduate,Unknown,TX,50555,Yes,Yes,Yes,Telephone,Unemployed,156015.0,2
C100091,33,Female,2,High School,Divorced,NC,78710,Yes,No,No,Cellular,Student,76111.0,1
C100092,26,Female,2,Post-Graduate,Single,IL,42598,Yes,No,Yes,Email,Self-employed,102919.0,4
C100093,23,Male,5,Post-Graduate,Unknown,IL,13069,Yes,No,Yes,Telephone,Self-employed,92271.0,4
C100094,31,Male,1,High School,Divorced,GA,53580,Yes,Yes,No,Email,Unemployed,165406.0,3
C100095,63,Male,0,Post-Graduate,Single,NY,10546,No,No,No,Email,Salaried,91092.0,5
C100096,30,Male,4,College,Single,OH,99153,No,No,No,Cellular,Self-employed,137817.0,5
C100097,31,Female,0,Graduate,Married,NC,21479,Yes,Yes,Yes,Cellular,Retired,82469.0,4
C100098,36,Female,5,Graduate,Divorced,OH,79600,Yes,Yes,Yes,Telephone,Student,149399.0,5
C100099,40,Female,0,High School,Unknown,IL,67092,Yes,No,Yes,Email,Government,154782.0,4
C100100,62,Female,1,Uneducated,Married,PA,32889,No,Yes,No,Cellular,Unemployed,57001.0,2
C100101,64,Female,1,High School,Divorced,FL,61947,Yes,No,Yes,Email,Government,20499.0,3
C100102,39,Female,3,Uneducated,Divorced,OH,50006,Yes,Yes,No,Email,Student,95246.0,5
C100103,29,Male,0,Graduate,Unknown,CA,51994,No,Yes,No,Telephone,Student,36249.0,2
C100104,56,Female,4,High School,Married,FL,75315,No,No,No,Email,Self-employed,66879.0,5
C100105,35,Female,5,College,Married,TX,14312,Yes,No,No,Cellular,Student,60079.0,3
C100106,43,Female,5,Post-Graduate,Unknown,FL,90063,Yes,No,No,Telephone,Self-employed,63973.0,1
C100107,41,Male,1,Uneducated,Married,CA,99697,No,Yes,No,Telephone,Businessman,140379.0,3
C100108,59,Female,3,Post-Graduate,Single,NY,57323,No,No,Yes,Telephone,Salaried,139674.0,2
C100109,25,Female,3,Post-Graduate,Unknown,NC,23693,No,Yes,No,Cellular,Salaried,152487.0,3
C100110,42,Male,5,High School,Divorced,OH,44009,No,No,Yes,Telephone,Salaried,121146.0,2
C100111,51,Female,3,Post-Graduate,Unknown,PA,44592,Yes,No,No,Email,Unemployed,46136.0,3
C100112,35,Male,4,College,Single,NY,87930,Yes,No,No,Telephone,Businessman,146207.0,5
C100113,48,Male,5,Post-Graduate,Unknown,CA,62378,No,Yes,No,Cellular,Salaried,102274.0,3
C100114,58,Female,1,High School,Divorced,NY,86868,Yes,No,No,Cellular,Self-employed,142891.0,3
C100115,35,Female,2,College,Divorced,OH,29913,Yes,Yes,No,Telephone,Retired,109762.0,4
C100116,69,Male,4,Graduate,Unknown,NY,67243,No,No,No,Email,Government,66765.0,3
C100117,39,Female,5,Post-Graduate,Unknown,TX,99801,No,No,No,Cellular,Salaried,176644.0,5
C100118,55,Female,0,High School,Single,GA,72042,No,Yes,Yes,Cellular,Unemployed,72500.0,2
C100119,38,Male,2,Graduate,Single,OH,68379,Yes,Yes,No,Cellular,Salaried,112092.0,1
C100120,30,Male,4,Graduate,Divorced,NC,69829,Yes,Yes,Yes,Telephone,Self-employed,46635.0,1
C100121,35,Female,1,Uneducated,Married,FL,36214,Yes,No,No,Cellular,Retired,140203.0,1
C100122,44,Male,3,College,Married,OH,70192,No,No,No,Cellular,Self-employed,124028.0,1
C100123,67,Female,4,Post-Graduate,Married,CA,49611,Yes,Yes,Yes,Cellular,Salaried,165479.0,2
C100124,40,Female,0,High School,Married,NY,88055,No,No,Yes,Telephone,Student,87554.0,2
C100125,57,Female,0,Uneducated,Divorced,OH,57241,Yes,Yes,No,Cellular,Businessman,49756.0,1
C100126,31,Female,0,College,Married,NY,64795,No,Yes,Yes,Cellular,Unemployed,115175.0,3
C100127,29,Male,5,Uneducated,Married,PA,61601,Yes,No,No,Telephone,Government,122016.0,3
C100128,25,Female,2,College,Unknown,MI,45595,Yes,Yes,Yes,Telephone,Government,132865.0,4
C100129,31,Male,5,College,Married,NC,80201,No,No,Yes,Email,Unemployed,137243.0,2
C100130,59,Female,3,Post-Graduate,Unknown,IL,27366,No,Yes,Yes,Cellular,Businessman,90081.0,4
C100131,47,Female,4,College,Divorced,MI,94018,Yes,No,Yes,Telephone,Unemployed,60169.0,5
C100132,22,Male,2,Uneducated,Unknown,OH,34570,Yes,Yes,Yes,Email,Salaried,172102.0,2
C100133,40,Female,4,College,Single,CA,78433,No,No,No,Cellular,Salaried,127405.0,1
C100134,41,Male,1,Post-Graduate,Unknown,GA,45893,Yes,Yes,Yes,Telephone,Salaried,142908.0,1
C100135,50,Male,1,Post-Graduate,Married,NC,63849,Yes,No,Yes,Telephone,Salaried,75183.0,4
C100136,68,Female,4,Uneducated,Unknown,IL,29169,No,No,Yes,Cellular,Salaried,53682.0,2
C100137,21,Female,2,Graduate,Unknown,PA,31954,No,No,No,Cellular,Retired,158366.0,3
C100138,55,Female,0,Graduate,Divorced,GA,47035,Yes,Yes,No,Email,Government,74602.0,2
C100139,46,Female,2,College,Divorced,FL,25143,No,No,Yes,Cellular,Salaried,63242.0,4
C100140,52,Male,5,High School,Married,NY,64314,Yes,Yes,No,Cellular,Self-employed,25542.0,4
C100141,29,Female,2,College,Single,MI,51676,Yes,Yes,No,Cellular,Student,42960.0,1
C100142,69,Female,4,Uneducated,nan,GA,62203,No,Yes,No,Telephone,Salaried,90086.0,1
C100143,60,Female,2,Uneducated,Unknown,NY,88754,Yes,No,Yes,Email,Retired,27981.0,5
C100144,41,Female,1,Uneducated,Single,IL,92510,Yes,Yes,Yes,Email,Self-employed,94641.0,4
C100145,36,Female,4,Uneducated,Divorced,PA,45721,Yes,Yes,No,Email,Government,55683.0,5
C100146,32,Male,5,Uneducated,Married,IL,35979,Yes,No,No,Telephone,Self-employed,101922.0,5
C100147,56,Female,4,Post-Graduate,Married,PA,69102,Yes,No,Yes,Cellular,Businessman,44067.0,1
C100148,57,Male,4,Graduate,Divorced,PA,34061,No,No,Yes,Telephone,Businessman,33550.0,3
C100149,47,Female,2,Uneducated,Married,TX,99996,No,No,No,Email,Self-employed,156060.0,1
C100150,27,Female,3,High School,Unknown,TX,12826,Yes,Yes,Yes,Cellular,Salaried,92011.0,2
C100151,50,Female,5,High School,Married,NC,10216,Yes,Yes,No,Cellular,Salaried,106829.0,3
C100152,44,Male,5,High School,Single,TX,21938,No,Yes,Yes,Email,Retired,66405.0,4
C100153,50,Female,0,High School,Married,TX,10588,Yes,Yes,Yes,Cellular,Salaried,172069.0,3
C100154,40,Male,5,Post-Graduate,Married,NY,12586,No,Yes,Yes,Telephone,Retired,86775.0,4
C100155,66,Male,0,High School,Divorced,OH,77552,No,No,Yes,Email,Self-employed,21274.0,4
C100156,60,Female,1,Uneducated,Divorced,MI,72163,No,Yes,No,Telephone,Businessman,64983.0,5
C100157,65,Male,4,College,Single,MI,83528,Yes,No,Yes,Cellular,Businessman,151847.0,2
C100158,48,Female,0,High School,Divorced,FL,29414,Yes,No,Yes,Email,Government,55479.0,1
C100159,24,Female,2,Post-Graduate,Single,CA,80704,Yes,Yes,Yes,Cellular,Unemployed,160996.0,5
C100160,32,Male,5,Post-Graduate,Unknown,PA,12113,YES,Yes,Yes,Email,Retired,-1000.0,5
C100161,23,Female,2,High School,Single,IL,73981,No,Yes,Yes,Email,Unemployed,178876.0,2
C100162,57,Female,2,College,Married,NY,37367,Yes,No,No,Email,Businessman,111521.0,1
C100163,24,Male,5,High School,Single,PA,54533,Yes,No,No,Email,Businessman,30265.0,5
C100164,35,Male,1,Post-Graduate,Unknown,CA,99461,Yes,No,Yes,Email,Student,55821.0,3
C100165,48,Male,4,Graduate,Married,TX,46588,No,Yes,No,Cellular,Businessman,56572.0,1
C100166,57,Male,0,Uneducated,Single,FL,99855,Yes,No,Yes,Email,Self-employed,100702.0,2
C100167,29,Male,4,Post-Graduate,Divorced,TX,85402,No,No,No,Telephone,Retired,170562.0,3
C100168,34,Male,4,High School,Divorced,PA,95123,Yes,No,Yes,Email,Salaried,116923.0,3
C100169,52,Female,2,Uneducated,Divorced,FL,84268,Yes,No,Yes,Telephone,Self-employed,91331.0,5
C100170,68,Male,0,High School,Single,CA,76901,Yes,Yes,No,Cellular,Retired,98617.0,2
C100171,23,Male,1,High School,Single,IL,64795,Yes,No,Yes,Email,Salaried,158998.0,2
C100172,67,Female,4,Graduate,Unknown,IL,56296,Yes,Yes,Yes,Email,Salaried,115160.0,5
C100173,38,Female,5,Uneducated,Married,NC,51996,No,Yes,Yes,Telephone,Government,100634.0,1
C100174,34,Male,3,Uneducated,Married,GA,74519,Yes,Yes,Yes,Email,Retired,32287.0,4
C100175,45,Male,2,Graduate,Married,GA,15802,No,Yes,Yes,Cellular,Businessman,161296.0,5
C100176,59,Female,3,Post-Graduate,Married,IL,29296,Yes,No,No,Cellular,Government,148451.0,3
C100177,46,Male,1,High School,Single,GA,76365,Yes,Yes,No,Email,Salaried,147563.0,4
C100178,26,Male,1,College,Single,MI,45226,No,Yes,No,Telephone,Unemployed,114048.0,1
C100179,46,Female,1,High School,Unknown,OH,53869,Yes,No,No,Cellular,Student,62261.0,1
C100180,68,Male,1,High School,Married,CA,68203,No,No,Yes,Email,Student,156017.0,1
C100181,61,Female,0,Post-Graduate,Single,OH,45508,No,No,Yes,Telephone,Unemployed,96329.0,4
C100182,21,Male,3,High School,Single,GA,57562,Yes,No,No,Telephone,Retired,147007.0,5
C100183,41,Female,2,Graduate,Single,TX,92820,Yes,Yes,Yes,Cellular,Government,156235.0,2
C100184,34,Female,3,Graduate,Single,NC,48038,Yes,No,No,Email,Government,135866.0,5
C100185,66,Female,0,Uneducated,Married,GA,36890,Yes,No,Yes,Cellular,Businessman,32181.0,5
C100186,28,Male,4,College,Married,NY,82580,Yes,Yes,Yes,Telephone,Government,66332.0,4
C100187,45,Female,1,High School,Single,PA,65487,No,Yes,No,Cellular,Unemployed,63080.0,3
C100188,69,Male,4,High School,Divorced,FL,31746,No,No,No,Email,Government,137957.0,4
C100189,38,Female,1,Post-Graduate,Unknown,TX,76755,Yes,Yes,No,Cellular,Self-employed,150412.0,3
C100190,35,Female,2,Graduate,Married,PA,51048,Yes,No,No,Telephone,Government,46339.0,4
C100191,62,Female,1,College,Married,MI,29823,No,No,No,Cellular,Retired,93743.0,3
C100192,40,Male,1,Uneducated,Divorced,NC,89333,No,Yes,No,Telephone,Government,169759.0,2
C100193,36,Male,5,Graduate,Married,NY,59513,No,Yes,No,Telephone,Retired,51780.0,2
C100194,27,Female,4,Uneducated,Divorced,MI,59268,Yes,Yes,Yes,Telephone,Unemployed,69219.0,1
C100195,49,Male,5,Post-Graduate,Divorced,MI,29888,Yes,Yes,No,Cellular,Retired,108069.0,1
C100196,51,Male,4,Post-Graduate,Single,MI,41683,No,No,No,Email,Self-employed,29881.0,3
C100197,49,Male,4,High School,Married,IL,72927,No,No,No,Telephone,Salaried,124853.0,5
C100198,37,Female,0,College,Unknown,PA,59632,Yes,Yes,Yes,Cellular,Retired,20732.0,1
C100199,25,Male,1,Uneducated,Divorced,FL,29880,No,No,Yes,Telephone,Unemployed,81524.0,4
C100200,38,Female,4,Graduate,Unknown,OH,40450,Yes,Yes,Yes,Cellular,Unemployed,71390.0,2
C100201,34,Female,0,Post-Graduate,Single,NY,91280,No,No,No,Telephone,Salaried,156376.0,1
C100202,51,Female,5,High School,Married,OH,31718,Yes,No,Yes,Cellular,Self-employed,69371.0,1
C100203,38,Male,5,High School,Single,NY,35572,No,No,No,Telephone,Businessman,87239.0,1
C100204,67,Female,2,Uneducated,Single,CA,30192,No,No,No,Telephone,Government,67547.0,4
C100205,45,Male,2,Post-Graduate,Unknown,IL,30155,No,No,Yes,Telephone,Retired,53738.0,4
C100206,31,Male,1,College,Unknown,NY,58965,No,No,No,Email,Businessman,27106.0,1
C100207,46,Female,4,Post-Graduate,Divorced,GA,68490,Yes,Yes,Yes,Cellular,Student,96025.0,5
C100208,25,Female,1,Uneducated,Married,GA,87737,No,Yes,Yes,Email,Businessman,137544.0,5
C100209,36,Female,1,Uneducated,Single,CA,73472,Yes,Yes,Yes,Cellular,Unemployed,66011.0,4
C100210,28,Male,1,Post-Graduate,Divorced,FL,47572,No,No,Yes,Telephone,Government,62871.0,4
C100211,33,Male,0,Uneducated,Divorced,NC,47808,No,Yes,No,Cellular,Salaried,26038.0,2
C100212,52,Female,1,Post-Graduate,Single,IL,78285,Yes,No,Yes,Cellular,Government,114594.0,5
C100213,47,Female,5,Graduate,Single,MI,86037,No,No,Yes,Telephone,Retired,148135.0,1
C100214,69,Male,2,Post-Graduate,Divorced,PA,75543,No,No,No,Telephone,Government,117672.0,3
C100215,46,Male,4,Post-Graduate,Single,TX,61078,Yes,Yes,No,Telephone,Government,82759.0,2
C100216,29,Female,3,Uneducated,Single,IL,89795,No,No,Yes,Cellular,Businessman,21593.0,2
C100217,67,Male,3,Uneducated,Unknown,CA,26337,No,No,Yes,Telephone,Unemployed,69441.0,1
C100218,27,Male,3,High School,Married,GA,12076,No,Yes,Yes,Telephone,Salaried,167948.0,1
C100219,66,Male,4,High School,Divorced,PA,80457,Yes,Yes,Yes,Cellular,Salaried,144894.0,4
C100220,28,Male,1,Graduate,Single,NY,71862,No,Yes,No,Email,Retired,56448.0,5
C100221,22,Male,5,High School,Divorced,FL,24897,Yes,No,Yes,Cellular,Businessman,43593.0,4
C100222,38,Male,4,Post-Graduate,Married,FL,22780,Yes,No,No,Cellular,Businessman,91035.0,5
C100223,56,Female,4,Uneducated,Divorced,NC,28188,Yes,Yes,No,Cellular,Businessman,166301.0,5
C100224,44,Male,5,High School,Divorced,NC,73149,Yes,No,No,Telephone,Student,46964.0,3
C100225,54,Female,0,High School,Divorced,IL,62582,No,No,Yes,Cellular,Student,80947.0,2
C100226,62,Female,5,Graduate,Unknown,TX,86499,No,No,Yes,Email,Government,149987.0,3
C100227,58,Male,4,Graduate,Married,CA,46321,Yes,Yes,No,Cellular,Retired,100394.0,1
C100228,31,Female,0,Post-Graduate,Married,PA,38973,No,No,Yes,Cellular,Student,42401.0,3
C100229,30,Female,2,Uneducated,Divorced,GA,46229,No,Yes,No,Telephone,Unemployed,23589.0,3
C100230,49,Female,0,Graduate,Divorced,CA,98995,No,Yes,No,Telephone,Businessman,170780.0,3
C100231,69,Male,3,High School,Married,CA,47027,No,Yes,Yes,Email,Businessman,138223.0,3
C100232,60,Female,0,Uneducated,Single,OH,38527,No,No,Yes,Cellular,Businessman,59401.0,2
C100233,26,Male,2,Uneducated,Unknown,OH,80767,No,No,No,Cellular,Salaried,91670.0,2
C100234,68,Female,4,High School,Married,NY,94639,Yes,No,No,Cellular,Retired,49783.0,2
C100235,30,Female,3,Graduate,Divorced,TX,76806,No,Yes,No,Cellular,Unemployed,47829.0,2
C100236,50,Female,0,High School,Single,NY,32308,Yes,Yes,Yes,Cellular,Salaried,144526.0,3
C100237,48,Female,5,Uneducated,Single,PA,18616,No,No,Yes,Cellular,Student,124692.0,4
C100238,49,Male,1,College,Single,GA,98488,Yes,No,Yes,Telephone,Unemployed,64328.0,4
C100239,45,Female,5,College,Unknown,GA,78285,No,Yes,No,Email,Self-employed,167842.0,1
C100240,56,Female,4,Post-Graduate,Unknown,CA,50183,Yes,No,Yes,Cellular,Self-employed,95768.0,2
C100241,47,Male,3,High School,Married,NC,63970,Yes,Yes,No,Cellular,Businessman,154497.0,4
C100242,54,Male,3,High School,Married,GA,94700,No,Yes,No,Telephone,Salaried,140279.0,1
C100243,54,Male,0,Post-Graduate,Married,NC,91677,No,Yes,Yes,Cellular,Retired,31824.0,3
C100244,52,Female,4,Post-Graduate,Married,NC,55470,Yes,Yes,No,Telephone,Government,114941.0,1
C100245,64,Male,4,Post-Graduate,Divorced,PA,26936,No,No,No,Email,Student,145910.0,4
C100246,24,Male,1,Uneducated,Unknown,TX,92833,No,Yes,No,Cellular,Salaried,19161.0,1
C100247,68,Male,1,High School,Single,CA,60535,No,Yes,Yes,Email,Businessman,30912.0,1
C100248,54,Male,3,Uneducated,Divorced,GA,34982,No,No,No,Cellular,Businessman,32058.0,1
C100249,36,Male,5,Post-Graduate,Married,MI,99656,Yes,Yes,No,Email,Self-employed,130944.0,4
C100250,67,Male,3,High School,Married,TX,98894,No,Yes,Yes,Email,Retired,107101.0,2
C100251,66,Female,2,Uneducated,Divorced,OH,92575,No,Yes,No,Cellular,Unemployed,102013.0,3
C100252,31,Male,3,Uneducated,Single,MI,52360,No,Yes,Yes,Email,Retired,105591.0,2
C100253,35,Female,1,Post-Graduate,Unknown,PA,93510,No,No,Yes,Telephone,Businessman,127528.0,5
C100254,58,Male,0,High School,Unknown,TX,19940,Yes,No,No,Telephone,Unemployed,52929.0,2
C100255,50,Male,2,Post-Graduate,Single,PA,14057,No,No,No,Email,Businessman,133858.0,3
C100256,47,Male,3,High School,Unknown,TX,69112,No,No,Yes,Email,Government,162912.0,1
C100257,36,Female,1,College,Married,NC,71848,No,Yes,No,Telephone,Student,146209.0,2
C100258,21,Male,5,Graduate,Married,CA,72032,Yes,Yes,No,Cellular,Government,78333.0,4
C100259,45,Male,2,Graduate,Married,GA,37344,YES,No,No,Telephone,Unemployed,112439.0,5
C100260,48,Male,0,Graduate,Married,IL,75402,Yes,Yes,No,Email,Self-employed,84929.0,1
C100261,63,Male,0,Post-Graduate,Single,FL,48297,No,No,Yes,Telephone,Salaried,165648.0,1
C100262,34,Female,5,College,Unknown,CA,23439,No,Yes,Yes,Cellular,Retired,91797.0,1
C100263,54,Female,1,High School,Unknown,NC,84670,Yes,No,No,Telephone,Self-employed,62325.0,2
C100264,68,Female,4,Uneducated,Divorced,NC,71296,Yes,No,Yes,Cellular,Retired,102837.0,4
C100265,24,Female,5,High School,Single,IL,36497,No,No,Yes,Email,Businessman,61878.0,3
C100266,34,Female,1,Uneducated,Unknown,NC,37058,No,No,Yes,Telephone,Student,102860.0,5
C100267,36,Male,1,High School,Unknown,MI,39819,No,Yes,No,Telephone,Businessman,44768.0,4
C100268,35,Male,1,College,Divorced,NC,95170,No,Yes,Yes,Cellular,Student,30872.0,2
C100269,54,Male,4,Uneducated,nan,OH,67249,No,Yes,Yes,Telephone,Student,99716.0,5
C100270,33,Female,3,Post-Graduate,Unknown,GA,30209,Yes,No,Yes,Telephone,Student,147399.0,4
C100271,37,Male,3,High School,Married,CA,78423,No,No,Yes,Cellular,Salaried,103137.0,3
C100272,48,Female,0,High School,Divorced,FL,28150,Yes,Yes,Yes,Telephone,Self-employed,114108.0,3
C100273,30,Male,3,Uneducated,Unknown,MI,17836,Yes,Yes,No,Cellular,Unemployed,78653.0,1
C100274,67,Female,1,Post-Graduate,Married,MI,19376,No,Yes,No,Email,Retired,22836.0,1
C100275,37,Male,5,Post-Graduate,Single,FL,95512,No,Yes,Yes,Telephone,Retired,109554.0,3
C100276,28,Male,3,College,Married,NC,41532,Yes,No,No,Cellular,Salaried,46843.0,1
C100277,22,Male,4,Post-Graduate,Married,TX,46960,Yes,No,Yes,Cellular,Unemployed,143766.0,1
C100278,21,Male,5,Post-Graduate,Married,MI,64396,No,Yes,No,Telephone,Salaried,20313.0,3
C100279,25,Female,3,Post-Graduate,Married,MI,50643,Yes,Yes,No,Cellular,Salaried,103345.0,5
C100280,55,Male,1,Graduate,Single,CA,62871,Yes,Yes,No,Email,Government,107943.0,3
C100281,42,Male,3,College,Divorced,IL,48022,Yes,No,No,Email,Government,61365.0,1
C100282,63,Male,5,High School,Married,OH,12525,No,Yes,No,Telephone,Government,85181.0,5
C100283,36,Female,0,Uneducated,Married,FL,77757,No,No,No,Email,Unemployed,110895.0,1
C100284,29,Male,3,High School,Unknown,NC,56779,Yes,No,No,Telephone,Salaried,171607.0,2
C100285,56,Male,0,College,Unknown,PA,81461,Yes,Yes,Yes,Telephone,Businessman,79460.0,1
C100286,29,Male,2,Uneducated,Single,PA,31586,No,Yes,Yes,Cellular,Unemployed,59167.0,4
C100287,34,Male,4,College,Single,TX,32468,No,Yes,Yes,Cellular,Government,57008.0,4
C100288,30,Male,0,Post-Graduate,Single,MI,65287,Yes,No,Yes,Cellular,Government,149049.0,1
C100289,42,Female,5,Uneducated,Unknown,MI,38225,No,Yes,Yes,Cellular,Unemployed,162114.0,1
C100290,36,Female,2,Post-Graduate,Married,IL,32428,No,Yes,No,Telephone,Unemployed,51029.0,2
C100291,61,Female,2,High School,Unknown,MI,15971,No,No,No,Cellular,Salaried,49254.0,5
C100292,23,Male,1,High School,Divorced,PA,78705,No,No,No,Cellular,Self-employed,74648.0,5
C100293,48,Female,2,Uneducated,Single,FL,21023,No,No,Yes,Email,Businessman,84147.0,2
C100294,50,Male,4,Uneducated,Single,TX,97277,Yes,Yes,No,Telephone,Student,110555.0,3
C100295,49,Male,4,College,Single,IL,12391,Yes,No,No,Email,Unemployed,76082.0,1
C100296,21,Male,4,College,Divorced,OH,69047,No,No,Yes,Email,Student,79382.0,1
C100297,48,Male,4,Post-Graduate,Married,PA,94301,No,No,Yes,Email,Retired,35052.0,4
C100298,42,Female,1,Uneducated,Married,NY,23288,No,No,No,Cellular,Unemployed,90002.0,4
C100299,52,Female,3,High School,Married,CA,33836,No,No,No,Telephone,Businessman,98617.0,3
C100300,31,Female,5,College,Single,IL,99503,Yes,Yes,No,Email,Salaried,76940.0,5
C100301,46,Male,5,College,Married,IL,31132,Yes,No,No,Email,Unemployed,165671.0,5
C100302,51,Female,0,High School,Unknown,PA,77853,No,No,Yes,Telephone,Self-employed,164461.0,5
C100303,40,Female,1,College,Single,TX,71955,No,No,Yes,Cellular,Self-employed,164714.0,1
C100304,40,Male,5,Post-Graduate,Divorced,CA,90447,No,Yes,Yes,Email,Student,80843.0,4
C100305,53,Female,1,Uneducated,Divorced,FL,25424,No,Yes,No,Telephone,Self-employed,22963.0,3
C100306,25,Male,0,High School,Married,FL,99420,No,No,No,Cellular,Student,39686.0,3
C100307,61,Female,5,Uneducated,Single,MI,42597,Yes,No,Yes,Cellular,Retired,170868.0,2
C100308,23,Female,0,College,Unknown,NY,62350,Yes,No,No,Cellular,Government,164329.0,2
C100309,64,Female,3,College,Unknown,GA,40530,No,No,No,Cellular,Retired,27124.0,5
C100310,54,Male,3,High School,Single,PA,35952,No,Yes,Yes,Cellular,Salaried,158099.0,4
C100311,51,Female,4,Post-Graduate,Married,TX,42713,Yes,Yes,Yes,Telephone,Self-employed,147372.0,3
C100312,62,Female,5,Graduate,Divorced,CA,50593,Yes,Yes,No,Cellular,Salaried,89373.0,1
C100313,27,Female,3,High School,Divorced,TX,70537,Yes,No,Yes,Email,Government,100283.0,3
C100314,50,Female,3,Graduate,Unknown,GA,20296,No,No,No,Telephone,Businessman,152846.0,3
C100315,38,Male,0,Graduate,Unknown,FL,32642,Yes,Yes,No,Email,Businessman,43892.0,3
C100316,36,Male,2,Post-Graduate,Unknown,TX,92643,No,Yes,No,Email,Businessman,18626.0,4
C100317,33,Female,4,Graduate,Divorced,FL,94487,No,No,No,Cellular,Student,62542.0,3
C100318,53,Female,4,Graduate,Unknown,FL,29364,Yes,Yes,No,Cellular,Student,141422.0,2
C100319,27,Female,1,Post-Graduate,Divorced,NY,33848,No,Yes,No,Telephone,Businessman,56605.0,5
C100320,50,Male,3,Graduate,Divorced,FL,11194,Yes,Yes,Yes,Telephone,Government,166632.0,3
C100321,31,Female,3,Graduate,Married,NC,30644,No,Yes,Yes,Email,Retired,165912.0,1
C100322,26,Female,0,Graduate,Married,FL,66177,Yes,Yes,No,Cellular,Unemployed,75704.0,2
C100323,41,Male,3,High School,Married,CA,48695,Yes,No,No,Cellular,Student,137469.0,3
C100324,52,Male,1,High School,Unknown,CA,63113,Yes,No,No,Email,Retired,133091.0,4
C100325,25,Male,0,High School,Divorced,CA,96768,Yes,No,Yes,Cellular,Retired,83920.0,3
C100326,62,Female,4,Post-Graduate,Unknown,IL,48616,No,No,No,Telephone,Businessman,118494.0,5
C100327,49,Male,3,College,Divorced,PA,12891,Yes,Yes,Yes,Email,Salaried,45668.0,2
C100328,55,Male,3,Graduate,Married,PA,61030,Yes,No,Yes,Cellular,Businessman,147309.0,5
C100329,67,Female,1,Graduate,Married,PA,25160,Yes,Yes,No,Email,Unemployed,149326.0,5
C100330,32,Male,5,Post-Graduate,Unknown,NC,24751,Yes,Yes,Yes,Cellular,Businessman,49242.0,4
C100331,57,Female,1,Graduate,Divorced,CA,25617,No,No,Yes,Cellular,Unemployed,157377.0,3
C100332,66,Female,0,High School,Unknown,MI,92867,Yes,No,Yes,Cellular,Salaried,91651.0,5
C100333,64,Male,4,College,Single,PA,67536,No,No,No,Telephone,Retired,90260.0,2
C100334,42,Female,5,Uneducated,Unknown,GA,50173,No,No,Yes,Email,Student,33918.0,3
C100335,31,Male,5,Graduate,Married,GA,71137,No,Yes,No,Telephone,Retired,166718.0,5
C100336,43,Male,1,High School,Divorced,TX,39024,Yes,Yes,Yes,Telephone,Salaried,154865.0,1
C100337,65,Male,1,Uneducated,Divorced,IL,26245,No,Yes,Yes,Email,Unemployed,55408.0,1
C100338,30,Female,4,College,Unknown,MI,42516,Yes,No,Yes,Email,Student,136848.0,1
C100339,62,Male,2,Uneducated,Married,FL,70155,Yes,No,Yes,Cellular,Government,47134.0,5
C100340,44,Female,0,High School,Single,CA,98413,Yes,Yes,Yes,Cellular,Student,-1000.0,4
C100341,66,Female,5,Uneducated,Unknown,NC,12858,No,Yes,No,Email,Unemployed,63367.0,5
C100342,36,Female,2,Post-Graduate,Divorced,IL,80607,Yes,No,No,Cellular,Unemployed,41596.0,2
C100343,32,Male,4,Uneducated,Married,NY,95891,No,No,Yes,Cellular,Self-employed,167124.0,1
C100344,52,Female,5,Graduate,Divorced,NY,57372,No,Yes,Yes,Email,Student,173703.0,5
C100345,44,Female,5,Graduate,Divorced,OH,72376,No,Yes,Yes,Telephone,Self-employed,88480.0,1
C100346,24,Male,3,Post-Graduate,Divorced,FL,36930,No,Yes,Yes,Email,Student,32936.0,2
C100347,62,Male,5,High School,Divorced,CA,37716,Yes,No,No,Email,Unemployed,175592.0,4
C100348,53,Female,0,Graduate,Single,IL,28975,Yes,Yes,No,Telephone,Salaried,69650.0,4
C100349,38,Female,4,College,Married,NY,81136,Yes,Yes,Yes,Cellular,Student,134019.0,4
C100350,67,Male,4,Graduate,Unknown,OH,38696,Yes,No,No,Telephone,Businessman,62323.0,1
C100351,37,Female,5,Graduate,Married,NC,54043,Yes,Yes,Yes,Telephone,Student,109511.0,5
C100352,41,Female,0,High School,Married,CA,16783,No,Yes,Yes,Email,Salaried,169003.0,3
C100353,21,Female,2,Uneducated,Married,NY,37934,No,Yes,No,Cellular,Salaried,178647.0,2
C100354,66,Female,3,Graduate,Unknown,PA,37633,No,No,No,Cellular,Student,147950.0,1
C100355,64,Male,2,Post-Graduate,Married,GA,96803,Yes,No,Yes,Telephone,Unemployed,152974.0,2
C100356,45,Female,1,Uneducated,Unknown,OH,88598,No,Yes,Yes,Email,Student,128316.0,1
C100357,51,Male,2,College,Unknown,NC,65426,Yes,No,Yes,Telephone,Student,93362.0,4
C100358,63,Female,1,High School,Single,NY,47607,No,Yes,No,Cellular,Retired,31288.0,2
C100359,40,Male,0,College,Divorced,NC,81443,No,Yes,Yes,Cellular,Retired,37304.0,3
C100360,46,Female,5,Uneducated,Unknown,FL,17720,No,No,No,Email,Government,25545.0,4
C100361,39,Male,1,Uneducated,Divorced,TX,34722,Yes,Yes,Yes,Email,Unemployed,136263.0,4
C100362,50,Female,4,Uneducated,Married,OH,19508,Yes,No,No,Telephone,Self-employed,176620.0,3
C100363,45,Male,5,College,Divorced,IL,40008,Yes,No,No,Email,Student,132491.0,3
C100364,56,Female,5,Uneducated,Divorced,IL,59460,Yes,Yes,No,Telephone,Student,104315.0,4
C100365,69,Female,5,College,Divorced,NY,67142,No,Yes,Yes,Email,Self-employed,151889.0,3
C100366,38,Male,1,Uneducated,Married,PA,60037,Yes,No,Yes,Telephone,Businessman,61368.0,4
C100367,24,Male,4,Post-Graduate,Married,PA,17798,Yes,No,Yes,Cellular,Government,171953.0,5
C100368,47,Male,4,Uneducated,Unknown,FL,84354,No,Yes,No,Cellular,Government,43742.0,1
C100369,53,Male,2,College,Unknown,IL,69924,No,No,No,Cellular,Businessman,171510.0,5
C100370,26,Male,5,Graduate,Single,OH,66102,No,Yes,No,Cellular,Self-employed,35831.0,1
C100371,27,Female,5,Uneducated,Married,GA,64292,Yes,Yes,No,Cellular,Unemployed,117502.0,1
C100372,21,Male,3,Graduate,Single,PA,94228,No,No,No,Cellular,Self-employed,60187.0,5
C100373,58,Male,5,Post-Graduate,Married,IL,82689,No,Yes,No,Email,Salaried,75651.0,1
C100374,55,Female,2,High School,Divorced,TX,88438,Yes,No,No,Email,Self-employed,30119.0,1
C100375,43,Male,2,Post-Graduate,Single,OH,61397,No,Yes,Yes,Email,Retired,36053.0,4
C100376,36,Male,4,Uneducated,Single,GA,47254,Yes,Yes,No,Telephone,Unemployed,130325.0,1
C100377,54,Male,3,Graduate,Single,TX,68047,Yes,Yes,No,Email,Government,21769.0,3
C100378,54,Female,4,Graduate,Married,IL,67690,Yes,Yes,No,Email,Unemployed,126644.0,1
C100379,51,Male,5,College,Unknown,NY,50064,No,Yes,No,Telephone,Retired,77010.0,2
C100380,63,Female,3,Graduate,Single,MI,81794,No,Yes,No,Telephone,Salaried,36577.0,4
C100381,51,Female,1,College,Unknown,MI,45775,No,No,Yes,Cellular,Student,78599.0,4
C100382,31,Male,4,High School,Married,FL,95199,Yes,No,No,Email,Student,56304.0,1
C100383,28,Female,2,Uneducated,Single,FL,12896,No,Yes,No,Email,Student,91872.0,2
C100384,44,Male,4,College,Married,GA,34407,Yes,No,No,Telephone,Salaried,111983.0,2
C100385,43,Male,0,High School,Unknown,TX,41849,No,No,Yes,Cellular,Government,42651.0,4
C100386,52,Male,0,Graduate,Unknown,IL,66022,Yes,No,No,Email,Self-employed,151844.0,5
C100387,35,Male,0,Graduate,Single,IL,59078,Yes,No,No,Telephone,Salaried,92113.0,2
C100388,48,Male,2,High School,Unknown,NY,92629,Yes,No,Yes,Telephone,Unemployed,151286.0,1
C100389,40,Female,2,Graduate,Divorced,NC,26645,Yes,Yes,No,Email,Government,34830.0,3
C100390,34,Female,0,High School,Divorced,FL,54810,Yes,Yes,No,Telephone,Unemployed,22496.0,5
C100391,46,Female,5,College,Single,NC,95156,Yes,Yes,Yes,Telephone,Self-employed,73411.0,1
C100392,57,nan,2,College,Married,NC,35251,Yes,Yes,Yes,Email,Businessman,158387.0,1
C100393,22,Male,5,High School,Married,NY,68671,Yes,Yes,Yes,Cellular,Government,85617.0,5
C100394,54,Male,2,College,Married,NC,66208,Yes,No,No,Email,Retired,112013.0,3
C100395,54,Female,2,College,Divorced,NC,40885,Yes,No,No,Cellular,Retired,118767.0,5
C100396,54,Male,0,College,Unknown,NY,93184,Yes,Yes,No,Telephone,Businessman,24961.0,4
C100397,29,Female,1,Post-Graduate,Divorced,PA,41272,Yes,Yes,No,Email,Unemployed,31809.0,1
C100398,64,Female,5,Uneducated,Unknown,NC,89376,No,No,No,Email,Student,113020.0,4
C100399,23,Female,5,Graduate,Divorced,FL,76611,No,Yes,Yes,Cellular,Unemployed,74038.0,4
C100400,50,Female,1,Post-Graduate,Married,NY,33920,Yes,Yes,No,Telephone,Student,69968.0,4
C100401,39,Male,3,College,Married,OH,95358,No,No,Yes,Email,Government,86929.0,3
C100402,51,Male,4,High School,Married,NC,67582,Yes,Yes,No,Email,Retired,41719.0,1
C100403,36,Female,1,College,Single,PA,54368,No,Yes,Yes,Telephone,Businessman,110311.0,4
C100404,63,Female,3,Uneducated,Single,FL,68433,Yes,Yes,Yes,Cellular,Salaried,143671.0,4
C100405,44,Female,1,College,Unknown,CA,26174,No,Yes,No,Email,Self-employed,156803.0,4
C100406,35,Female,0,High School,Single,FL,31856,Yes,Yes,Yes,Telephone,Student,157265.0,2
C100407,42,Female,3,Uneducated,Divorced,TX,65062,No,No,No,Email,Student,40209.0,1
C100408,52,Male,0,College,Divorced,OH,89180,Yes,Yes,No,Email,Student,130545.0,4
C100409,31,Female,0,Uneducated,Unknown,MI,70294,No,Yes,Yes,Email,Student,150029.0,3
C100410,49,Female,3,Graduate,Unknown,IL,59319,No,No,Yes,Cellular,Retired,163154.0,2
C100411,62,Male,5,Graduate,Married,TX,74105,No,Yes,No,Telephone,Government,162154.0,2
C100412,44,Male,5,College,Single,NY,54629,Yes,Yes,No,Email,Retired,45655.0,5
C100413,39,Male,3,Uneducated,Married,NY,46832,No,No,No,Email,Government,120163.0,3
C100414,25,Male,1,High School,Single,IL,28225,No,No,No,Email,Businessman,158560.0,5
C100415,66,Male,1,College,Single,GA,23169,Yes,No,Yes,Cellular,Salaried,21692.0,2
C100416,61,Male,4,Graduate,Unknown,GA,48415,Yes,No,No,Email,Businessman,61336.0,5
C100417,58,Male,1,Graduate,Married,IL,26161,No,No,Yes,Telephone,Retired,167601.0,5
C100418,21,Male,5,College,Married,NY,30576,Yes,Yes,No,Cellular,Retired,67515.0,5
C100419,50,Male,3,Uneducated,Single,FL,55282,No,No,No,Telephone,Salaried,101434.0,4
C100420,32,Female,1,Graduate,Single,OH,87300,No,No,No,Email,Government,50710.0,2
C100421,66,Male,3,Uneducated,Unknown,PA,15750,Yes,No,Yes,Email,Student,48607.0,5
C100422,24,Female,4,Graduate,Divorced,MI,66519,No,No,Yes,Cellular,Businessman,171434.0,3
C100423,35,Female,3,Graduate,Married,OH,18885,No,Yes,Yes,Email,Salaried,105118.0,4
C100424,37,Female,4,Post-Graduate,Married,IL,90039,Yes,No,No,Telephone,Self-employed,59279.0,2
C100425,32,Female,4,Graduate,Unknown,NY,38614,Yes,Yes,No,Telephone,Salaried,95168.0,2
C100426,21,Female,4,High School,Unknown,GA,33433,No,Yes,Yes,Telephone,Businessman,85769.0,1
C100427,33,Female,0,College,Married,NY,11130,No,No,No,Email,Unemployed,92322.0,2
C100428,50,Female,5,College,Married,GA,71406,No,Yes,Yes,Email,Government,150084.0,5
C100429,30,Female,2,Uneducated,Single,OH,67109,Yes,Yes,Yes,Cellular,Student,101462.0,1
C100430,56,Male,5,Graduate,Divorced,TX,91036,No,Yes,No,Cellular,Self-employed,156348.0,2
C100431,26,Female,3,High School,Married,FL,43869,No,No,Yes,Telephone,Unemployed,108938.0,4
C100432,29,Female,5,Uneducated,Unknown,OH,49806,No,No,No,Telephone,Businessman,99905.0,2
C100433,22,Female,1,Post-Graduate,Single,FL,85826,Yes,Yes,No,Cellular,Government,131403.0,4
C100434,26,Female,2,Uneducated,Single,NC,72093,No,No,Yes,Cellular,Salaried,45017.0,2
C100435,31,Male,5,Uneducated,Unknown,OH,80324,No,No,No,Telephone,Government,19121.0,2
C100436,46,Female,2,Graduate,Unknown,CA,10348,Yes,No,Yes,Cellular,Government,41052.0,5
C100437,48,Male,5,Post-Graduate,Single,CA,49397,Yes,Yes,Yes,Email,Student,87798.0,2
C100438,33,Male,0,Uneducated,Unknown,FL,59360,No,No,Yes,Email,Businessman,163855.0,5
C100439,58,Female,3,High School,Single,NC,89477,Yes,No,No,Cellular,Retired,60264.0,1
C100440,32,Female,3,High School,Unknown,FL,57765,No,Yes,Yes,Cellular,Government,106289.0,2
C100441,39,Male,1,College,Single,IL,50119,No,No,No,Email,Salaried,95863.0,5
C100442,38,Female,0,Post-Graduate,Married,CA,11546,Yes,Yes,Yes,Email,Unemployed,92215.0,4
C100443,39,Female,5,Post-Graduate,Married,NY,64222,No,No,No,Telephone,Unemployed,64497.0,1
C100444,48,Male,5,College,Unknown,FL,59783,No,No,Yes,Cellular,Salaried,139166.0,1
C100445,32,Male,5,Uneducated,Divorced,FL,85868,No,No,Yes,Email,Student,100355.0,4
C100446,52,Female,5,Post-Graduate,Married,MI,61869,No,No,No,Cellular,Government,79229.0,1
C100447,33,Female,2,High School,Single,PA,56191,No,Yes,Yes,Email,Salaried,157093.0,4
C100448,43,Female,5,High School,Divorced,PA,54712,Yes,No,Yes,Email,Retired,68273.0,3
C100449,56,Male,3,Graduate,Single,GA,75155,No,Yes,No,Cellular,Salaried,71572.0,5
C100450,50,Female,0,Post-Graduate,Single,NC,57617,No,Yes,No,Telephone,Student,124280.0,2
C100451,42,Male,4,Uneducated,Married,CA,95287,Yes,No,Yes,Email,Government,169355.0,1
C100452,58,Male,3,College,Unknown,CA,67474,Yes,No,Yes,Cellular,Student,132332.0,3
C100453,65,Female,5,College,Unknown,PA,50650,Yes,No,No,Email,Unemployed,115159.0,4
C100454,62,Male,2,Uneducated,Single,FL,91567,Yes,No,Yes,Cellular,Government,99761.0,2
C100455,23,Female,4,Graduate,Married,FL,45474,Yes,No,No,Cellular,Salaried,147539.0,4
C100456,29,Female,4,College,Single,CA,63383,Yes,No,No,Email,Retired,133963.0,4
C100457,35,Male,5,Post-Graduate,Divorced,NC,76309,Yes,No,Yes,Telephone,Businessman,139265.0,4
C100458,50,Female,4,Graduate,Single,TX,96429,Yes,No,No,Email,Salaried,54094.0,1
C100459,46,Male,5,Post-Graduate,Married,IL,42708,No,No,No,Email,Businessman,162790.0,3
C100460,50,Male,2,High School,Single,MI,91080,No,Yes,Yes,Telephone,Government,22504.0,1
C100461,25,Female,0,Graduate,Married,CA,52051,Yes,No,Yes,Telephone,Government,161201.0,2
C100462,51,Female,3,College,Unknown,GA,84824,No,No,Yes,Cellular,Self-employed,140859.0,3
C100463,42,Female,0,Graduate,Married,TX,43356,No,Yes,Yes,Cellular,Government,174769.0,2
C100464,61,Female,5,Graduate,Divorced,CA,66600,No,No,No,Telephone,Unemployed,140004.0,1
C100465,35,Male,2,Graduate,Married,MI,38947,No,No,No,Telephone,Government,93883.0,5
C100466,65,Male,1,Graduate,Divorced,PA,95751,No,Yes,No,Email,Self-employed,108461.0,5
C100467,55,Male,5,Post-Graduate,Divorced,CA,74612,Yes,No,Yes,Telephone,Businessman,167626.0,3
C100468,39,Female,3,High School,Single,TX,59234,Yes,Yes,No,Email,Government,91015.0,5
C100469,54,Male,3,Uneducated,Divorced,IL,96824,No,No,Yes,Email,Student,172834.0,4
C100470,38,Male,5,Graduate,Married,FL,80392,Yes,No,No,Email,Government,118306.0,5
C100471,34,Female,1,College,Unknown,OH,38287,No,No,Yes,Telephone,Government,177606.0,5
C100472,42,Female,4,Graduate,Married,PA,58384,No,Yes,Yes,Telephone,Salaried,95645.0,4
C100473,44,Female,3,College,Unknown,TX,94770,No,Yes,No,Email,Government,98617.0,4
C100474,33,Male,3,Post-Graduate,Divorced,GA,75241,Yes,Yes,Yes,Telephone,Unemployed,26478.0,2
C100475,28,Female,5,College,Single,GA,47500,No,Yes,No,Cellular,Government,138778.0,1
C100476,62,Male,3,Uneducated,Divorced,NY,41751,No,No,No,Cellular,Student,145915.0,3
C100477,22,Male,2,High School,Divorced,OH,53083,No,Yes,No,Email,Self-employed,33660.0,4
C100478,62,Male,1,College,Unknown,CA,79158,Yes,No,No,Telephone,Self-employed,153939.0,3
C100479,47,Male,3,College,Married,NY,60067,No,No,Yes,Cellular,Self-employed,105759.0,2
C100480,54,Male,5,High School,Single,GA,15933,Yes,No,No,Email,Salaried,44789.0,5
C100481,49,Female,1,Uneducated,Single,CA,52644,No,No,No,Cellular,Government,81192.0,1
C100482,46,Male,4,Graduate,Single,NY,86251,No,No,No,Email,Businessman,29159.0,1
C100483,43,Female,3,College,Single,CA,96239,No,Yes,Yes,Email,Businessman,125592.0,4
C100484,56,Male,0,High School,Married,IL,52713,Yes,No,No,Email,Student,77556.0,5
C100485,29,Male,5,Post-Graduate,Single,OH,20104,No,No,Yes,Cellular,Salaried,150705.0,1
C100486,41,Female,0,High School,Unknown,PA,91026,No,Yes,No,Email,Retired,48113.0,3
C100487,62,Male,5,Post-Graduate,Unknown,PA,22253,No,No,No,Email,Salaried,33399.0,5
C100488,56,Male,0,Uneducated,Single,PA,33077,No,Yes,No,Cellular,Government,33607.0,4
C100489,23,Female,0,Graduate,Single,GA,16175,No,No,No,Email,Retired,113399.0,3
C100490,27,Female,5,High School,Married,IL,97594,No,Yes,No,Cellular,Businessman,58740.0,1
C100491,43,Male,2,College,Married,MI,28030,Yes,No,Yes,Email,Salaried,19661.0,3
C100492,52,Male,5,Uneducated,Single,OH,86757,No,No,Yes,Telephone,Student,100907.0,5
C100493,43,Male,4,High School,Married,TX,77553,Yes,Yes,No,Telephone,Unemployed,168577.0,3
C100494,36,Female,3,nan,nan,NC,82394,No,No,No,Cellular,Businessman,64575.0,4
C100495,25,Male,4,High School,Single,MI,77580,Yes,No,No,Email,Unemployed,170330.0,1
C100496,33,Female,5,Post-Graduate,Married,TX,57702,No,Yes,Yes,Cellular,Salaried,25885.0,3
C100497,30,Female,0,High School,Unknown,PA,76741,Yes,Yes,No,Email,Government,128489.0,3
C100498,22,Male,5,High School,Single,TX,66203,No,No,Yes,Cellular,Government,160267.0,2
C100499,36,Female,4,High School,Single,CA,31865,Yes,Yes,No,Telephone,Unemployed,83031.0,5
C100500,21,Male,4,Uneducated,Unknown,CA,86748,No,No,No,Cellular,Retired,41099.0,4
C100501,26,Male,2,High School,Unknown,TX,73988,Yes,Yes,No,Telephone,Government,61775.0,1
C100502,39,Female,5,College,Married,FL,86006,No,Yes,Yes,Telephone,Government,176040.0,3
C100503,53,Female,0,Post-Graduate,Unknown,NY,97053,No,Yes,No,Telephone,Businessman,34958.0,2
C100504,48,Female,1,Post-Graduate,Divorced,NC,31926,No,No,Yes,Cellular,Businessman,88645.0,5
C100505,25,Female,4,High School,Single,GA,90914,Yes,No,No,Cellular,Salaried,179098.0,4
C100506,32,Female,5,Uneducated,Divorced,TX,99488,Yes,No,Yes,Telephone,Student,98617.0,2
C100507,50,Female,4,Uneducated,Married,OH,79801,Yes,Yes,Yes,Cellular,Unemployed,98617.0,5
C100508,37,Male,0,College,Unknown,FL,11074,No,No,No,Email,Self-employed,109794.0,1
C100509,39,Male,2,High School,Single,IL,57210,Yes,No,Yes,Telephone,Self-employed,43777.0,4
C100510,60,Male,5,Post-Graduate,Unknown,FL,95211,No,Yes,No,Email,Government,50914.0,1
C100511,62,Female,3,Uneducated,Unknown,NC,17874,No,Yes,No,Telephone,Salaried,91998.0,5
C100512,45,Female,0,High School,Married,OH,10041,No,No,No,Email,Self-employed,132703.0,3
C100513,55,Female,5,Uneducated,Married,FL,83074,No,No,No,Telephone,Self-employed,152035.0,3
C100514,29,Male,3,Uneducated,Married,GA,11656,No,No,Yes,Telephone,Self-employed,136271.0,3
C100515,52,Male,1,Post-Graduate,Married,NY,63787,No,No,No,Telephone,Self-employed,87778.0,1
C100516,59,Female,3,Graduate,Single,OH,20939,No,No,Yes,Cellular,Unemployed,57366.0,1
C100517,58,Female,4,College,Divorced,CA,60497,Yes,Yes,No,Email,Unemployed,115623.0,1
C100518,35,Female,2,College,Divorced,GA,69534,Yes,No,Yes,Telephone,Retired,161283.0,3
C100519,65,Female,5,Post-Graduate,Single,PA,10931,No,No,No,Cellular,Self-employed,117335.0,5
C100520,66,Male,5,Uneducated,Unknown,IL,24615,No,No,Yes,Telephone,Retired,30337.0,3
C100521,57,Male,1,High School,Single,NC,36091,Yes,Yes,No,Email,Retired,109836.0,5
C100522,46,Male,2,Uneducated,Divorced,NC,52850,No,Yes,No,Telephone,Salaried,132263.0,5
C100523,51,Female,5,Post-Graduate,Divorced,TX,68033,Yes,No,No,Cellular,Self-employed,45527.0,5
C100524,50,Male,2,College,Single,NC,87659,No,No,Yes,Telephone,Self-employed,101145.0,4
C100525,22,Female,5,Uneducated,Married,NC,18163,No,No,No,Telephone,Retired,59618.0,1
C100526,27,Female,3,College,Unknown,NY,78949,Yes,No,No,Telephone,Salaried,127974.0,5
C100527,50,Female,5,High School,Single,IL,28535,Yes,Yes,Yes,Telephone,Unemployed,38329.0,5
C100528,53,Male,2,College,Divorced,NY,51859,No,No,Yes,Cellular,Businessman,28397.0,5
C100529,68,Male,1,College,Married,CA,70175,No,No,No,Telephone,nan,88621.0,1
C100530,59,Female,2,Graduate,Unknown,OH,79315,Yes,No,Yes,Email,Businessman,160236.0,4
C100531,67,Male,1,Graduate,Divorced,FL,16659,Yes,Yes,Yes,Email,Self-employed,132056.0,1
C100532,58,Female,4,Graduate,Unknown,IL,15108,Yes,Yes,No,Telephone,Salaried,138775.0,3
C100533,40,Female,5,College,Married,FL,58658,No,Yes,Yes,Cellular,Businessman,166847.0,1
C100534,39,Female,4,Post-Graduate,Divorced,PA,76414,Yes,Yes,Yes,Email,Government,154984.0,1
C100535,29,Male,3,College,Married,NY,16837,No,Yes,Yes,Telephone,Government,79816.0,2
C100536,42,Male,0,Post-Graduate,Single,GA,32632,Yes,No,No,Telephone,Salaried,86713.0,2
C100537,52,Female,5,Post-Graduate,Single,FL,16056,Yes,Yes,Yes,Cellular,Self-employed,143221.0,4
C100538,50,Male,4,Graduate,Unknown,GA,16584,Yes,No,No,Telephone,Retired,129879.0,1
C100539,26,Male,5,Uneducated,Married,TX,71197,Yes,No,No,Cellular,Businessman,79401.0,2
C100540,37,Male,0,High School,Married,IL,63167,No,No,Yes,Email,Self-employed,20378.0,1
C100541,57,Male,1,Graduate,Unknown,TX,43388,No,Yes,No,Telephone,Retired,28663.0,5
C100542,35,Female,5,Graduate,Unknown,OH,19605,Yes,Yes,No,Cellular,Unemployed,122726.0,2
C100543,27,Male,0,Uneducated,Unknown,TX,80998,No,Yes,No,Telephone,Businessman,140800.0,2
C100544,34,Female,2,High School,Single,GA,26645,No,No,No,Telephone,Student,83781.0,2
C100545,40,Female,1,College,Unknown,NC,86172,No,No,Yes,Email,Student,61303.0,1
C100546,50,Male,2,College,Single,NY,59059,Yes,Yes,No,Telephone,Self-employed,166064.0,5
C100547,38,Female,0,Graduate,Unknown,TX,12645,Yes,Yes,No,Cellular,Government,156961.0,1
C100548,42,Female,2,High School,Married,OH,96426,No,Yes,No,Cellular,Self-employed,119830.0,2
C100549,45,Male,1,Graduate,Married,IL,48273,Yes,No,Yes,Cellular,Businessman,129307.0,5
C100550,44,Female,5,Post-Graduate,Unknown,MI,30209,Yes,No,Yes,Telephone,Self-employed,74771.0,2
C100551,51,nan,2,Graduate,Unknown,OH,98202,Yes,Yes,No,Telephone,Self-employed,46748.0,4
C100552,69,Male,0,Graduate,Single,NY,22710,Yes,No,No,Email,Businessman,120479.0,5
C100553,38,Male,2,College,Divorced,FL,75688,No,No,Yes,Telephone,Government,172701.0,4
C100554,54,Male,2,College,Single,CA,82415,No,Yes,Yes,Cellular,Student,34819.0,3
C100555,38,Male,3,College,Married,IL,81405,Yes,No,Yes,Cellular,Retired,25893.0,2
C100556,34,Male,1,Post-Graduate,Unknown,GA,91967,No,No,No,Email,Businessman,169313.0,3
C100557,24,Female,3,College,Married,CA,50791,No,No,Yes,Cellular,Self-employed,30199.0,1
C100558,27,Female,0,High School,Divorced,OH,83557,No,Yes,Yes,Cellular,Salaried,86796.0,4
C100559,27,Male,4,Uneducated,Single,OH,87058,No,No,No,Cellular,Self-employed,134504.0,3
C100560,21,Male,0,High School,Married,OH,17541,No,No,No,Email,Retired,98617.0,3
C100561,60,Female,0,High School,Single,CA,58508,Yes,Yes,Yes,Email,Self-employed,178326.0,2
C100562,44,Male,0,College,Unknown,TX,62382,No,Yes,No,Cellular,Salaried,141091.0,5
C100563,52,Male,0,Uneducated,Married,NY,78761,No,No,No,Cellular,Retired,178026.0,2
C100564,30,Female,3,Uneducated,Divorced,IL,32897,Yes,No,No,Telephone,Self-employed,53548.0,2
C100565,29,Female,0,Uneducated,Single,NY,49102,Yes,No,Yes,Telephone,Salaried,98787.0,1
C100566,59,Female,2,Post-Graduate,Single,IL,29198,Yes,Yes,No,Cellular,Unemployed,179440.0,4
C100567,23,Male,0,College,Divorced,IL,19473,No,Yes,No,Telephone,Self-employed,64826.0,1
C100568,64,Female,4,Uneducated,Married,FL,29932,No,No,No,Cellular,Government,108596.0,5
C100569,55,Male,1,Post-Graduate,Married,OH,84943,Yes,Yes,No,Cellular,Retired,66463.0,3
C100570,25,Female,3,Graduate,Single,MI,57060,No,Yes,No,Telephone,Student,98617.0,4
C100571,27,Male,3,Graduate,Divorced,PA,93568,Yes,Yes,No,Email,Government,151605.0,1
C100572,32,Male,3,Post-Graduate,Single,NY,95302,Yes,Yes,No,Email,Businessman,141714.0,1
C100573,43,Male,3,Post-Graduate,Single,FL,74453,No,Yes,No,Email,Businessman,41226.0,5
C100574,45,Female,0,College,Unknown,OH,28871,Yes,Yes,No,Cellular,Self-employed,134735.0,3
C100575,37,Female,4,College,Married,NC,62830,No,No,Yes,Cellular,Unemployed,89092.0,3
C100576,34,nan,5,Graduate,Married,NC,83687,Yes,No,No,Email,Businessman,135157.0,4
C100577,55,Male,0,Uneducated,Unknown,TX,47851,Yes,No,No,Email,Unemployed,30293.0,4
C100578,21,Female,1,Graduate,Married,CA,82501,Yes,Yes,No,Email,Businessman,107300.0,2
C100579,42,Female,1,Uneducated,Married,NC,10234,No,No,No,Cellular,Unemployed,160241.0,5
C100580,48,Male,0,Uneducated,Married,GA,45905,Yes,No,No,Cellular,Self-employed,75086.0,4
C100581,43,Male,0,College,Divorced,OH,36675,Yes,Yes,No,Telephone,Self-employed,134511.0,5
C100582,38,Female,0,High School,Unknown,PA,44010,Yes,No,Yes,Telephone,Student,87916.0,4
C100583,66,Female,4,High School,Single,MI,88198,No,No,No,Telephone,Salaried,32837.0,5
C100584,65,Female,3,Post-Graduate,Divorced,OH,95008,No,No,No,Email,Self-employed,24592.0,2
C100585,64,Male,1,College,Single,NC,18006,No,No,Yes,Cellular,Unemployed,108853.0,1
C100586,57,Female,1,Uneducated,Unknown,PA,34766,No,Yes,Yes,Telephone,Student,59744.0,1
C100587,23,Male,3,High School,Unknown,MI,56826,No,No,Yes,Telephone,Government,84096.0,3
C100588,34,Male,5,Uneducated,Unknown,TX,40757,Yes,Yes,No,Telephone,Businessman,83167.0,2
C100589,59,Female,3,High School,Married,TX,16589,Yes,Yes,No,Telephone,Unemployed,81203.0,1
C100590,27,Female,1,High School,Divorced,FL,27081,Yes,No,No,Email,Unemployed,171299.0,2
C100591,37,Male,1,High School,Unknown,MI,10173,Yes,Yes,No,Cellular,Salaried,36819.0,4
C100592,26,Male,4,College,Single,MI,15374,No,Yes,No,Cellular,Unemployed,125838.0,3
C100593,67,Female,1,Graduate,Married,GA,18057,Yes,Yes,No,Cellular,Unemployed,84756.0,2
C100594,39,Female,0,Uneducated,Married,MI,22674,No,Yes,Yes,Telephone,Unemployed,116427.0,4
C100595,35,Female,0,College,Divorced,NC,20719,No,No,No,Email,Retired,65850.0,4
C100596,59,Male,3,College,Divorced,GA,86726,No,No,No,Email,Government,71325.0,3
C100597,25,Male,3,College,Divorced,MI,63162,Yes,Yes,Yes,Email,Self-employed,127841.0,5
C100598,35,Female,0,College,Married,NY,20525,No,Yes,No,Cellular,Government,175511.0,3
C100599,65,Male,3,College,Unknown,FL,52817,Yes,Yes,Yes,Cellular,Retired,98617.0,4
C100600,46,Male,0,Post-Graduate,Single,FL,31228,No,Yes,Yes,Email,Student,74643.0,2
C100601,59,Female,4,Uneducated,Unknown,NY,59358,Yes,No,Yes,Telephone,Self-employed,59330.0,1
C100602,65,Male,3,College,Single,GA,15032,Yes,Yes,Yes,Cellular,Unemployed,38633.0,1
C100603,33,Female,2,Uneducated,Unknown,TX,43547,No,No,No,Cellular,Unemployed,131477.0,4
C100604,51,Female,5,Post-Graduate,Divorced,NY,86730,No,Yes,No,Telephone,Self-employed,60005.0,2
C100605,33,Male,1,Post-Graduate,Single,OH,17392,Yes,Yes,No,Telephone,Salaried,52372.0,3
C100606,43,Male,0,Uneducated,Married,CA,38948,Yes,Yes,No,Cellular,Student,64720.0,1
C100607,60,Female,5,High School,Single,PA,30162,No,No,No,Telephone,Businessman,18853.0,4
C100608,52,Male,1,Graduate,Married,TX,75951,No,No,No,Telephone,Government,108146.0,5
C100609,57,Female,1,High School,Unknown,TX,64661,No,No,Yes,Telephone,Retired,105223.0,1
C100610,24,Male,3,High School,Divorced,IL,86128,Yes,Yes,Yes,Telephone,Salaried,92974.0,1
C100611,37,Male,1,High School,Single,TX,99138,No,No,Yes,Telephone,Retired,140690.0,4
C100612,40,Male,2,College,Married,FL,70457,Yes,Yes,Yes,Email,Salaried,34002.0,5
C100613,66,Female,3,Post-Graduate,Unknown,TX,46351,No,Yes,Yes,Cellular,Unemployed,156438.0,4
C100614,31,Male,5,High School,Divorced,OH,34074,No,No,No,Email,Self-employed,156227.0,1
C100615,62,Female,0,Post-Graduate,Divorced,TX,52997,No,Yes,No,Email,Government,142132.0,4
C100616,53,Female,1,Uneducated,Divorced,MI,61893,Yes,No,Yes,Email,Salaried,106799.0,1
C100617,59,Female,1,Graduate,Unknown,FL,64116,Yes,Yes,Yes,Cellular,Self-employed,136207.0,2
C100618,26,Male,4,Uneducated,Unknown,NY,32938,Yes,Yes,No,Cellular,Self-employed,172063.0,4
C100619,59,Female,5,Uneducated,Unknown,NY,47996,Yes,Yes,No,Cellular,Student,130122.0,3
C100620,67,Female,0,College,Divorced,NC,42323,No,Yes,No,Email,Self-employed,39520.0,4
C100621,58,Male,4,Graduate,Single,CA,45166,No,Yes,No,Cellular,Businessman,79794.0,2
C100622,38,Female,0,Uneducated,Married,CA,81995,No,No,No,Email,Unemployed,94711.0,1
C100623,22,Female,1,Uneducated,Unknown,MI,24615,Yes,Yes,Yes,Telephone,Student,178183.0,2
C100624,61,Male,1,Graduate,Single,CA,15035,Yes,Yes,Yes,Cellular,Student,45608.0,2
C100625,58,Female,2,Graduate,Married,TX,84340,No,No,Yes,Telephone,Businessman,174967.0,4
C100626,37,Male,3,Uneducated,Divorced,NY,67684,No,No,No,Email,Businessman,141543.0,3
C100627,44,Female,2,Graduate,Single,TX,47948,Yes,Yes,Yes,Cellular,Retired,78515.0,3
C100628,50,Female,0,Uneducated,Divorced,IL,75638,Yes,No,Yes,Cellular,Unemployed,109271.0,4
C100629,63,Male,0,Uneducated,Married,NC,77233,Yes,Yes,Yes,Telephone,Salaried,24353.0,3
C100630,44,Female,0,College,Unknown,NY,42929,Yes,No,No,Email,Unemployed,76246.0,3
C100631,24,Female,5,High School,Divorced,CA,41718,No,No,No,Email,Retired,84544.0,3
C100632,27,Female,0,Uneducated,Single,PA,94513,Yes,Yes,No,Cellular,Unemployed,105597.0,5
C100633,35,Male,3,Post-Graduate,Unknown,TX,46134,No,No,No,Cellular,Salaried,58149.0,2
C100634,50,Male,1,High School,Single,OH,84904,No,Yes,Yes,Cellular,nan,27414.0,1
C100635,49,Male,2,High School,Married,PA,39542,No,Yes,Yes,Cellular,Businessman,31693.0,5
C100636,69,Male,1,High School,Married,OH,59116,Yes,Yes,No,Cellular,Salaried,97884.0,1
C100637,64,Male,5,College,Unknown,IL,19274,No,No,No,Email,Businessman,49105.0,4
C100638,65,Female,4,Uneducated,Single,CA,58858,No,Yes,No,Cellular,Businessman,24891.0,5
C100639,33,Male,2,College,Single,TX,14449,No,No,Yes,Telephone,Retired,91473.0,2
C100640,60,Male,5,Uneducated,Single,TX,56011,Yes,Yes,No,Cellular,Self-employed,117162.0,1
C100641,59,Male,0,College,Single,OH,64905,No,No,Yes,Cellular,Salaried,120887.0,5
C100642,49,Female,0,College,Married,TX,94957,No,No,No,Email,Student,103329.0,4
C100643,46,Female,4,Post-Graduate,Single,IL,70833,No,No,No,Email,Student,73225.0,1
C100644,56,Male,2,College,Married,FL,97335,Yes,No,No,Email,Salaried,29188.0,2
C100645,55,Female,3,Graduate,Single,FL,57662,Yes,Yes,Yes,Telephone,Salaried,50688.0,2
C100646,69,Female,3,Post-Graduate,Single,OH,87295,No,Yes,No,Email,Salaried,176381.0,1
C100647,68,Female,0,College,Divorced,CA,20662,No,Yes,Yes,Cellular,Salaried,54167.0,2
C100648,39,Female,0,High School,Divorced,OH,52135,Yes,Yes,Yes,Email,Self-employed,100223.0,1
C100649,22,Male,0,Graduate,Single,GA,73281,Yes,No,No,Telephone,Businessman,101848.0,4
C100650,34,Male,5,Graduate,Married,TX,82301,Yes,Yes,Yes,Cellular,Salaried,170881.0,1
C100651,36,Female,4,Graduate,Single,TX,84008,No,No,No,Cellular,Retired,21274.0,1
C100652,69,Female,4,Post-Graduate,Divorced,FL,74127,Yes,No,No,Telephone,Salaried,86762.0,1
C100653,56,Female,1,College,Single,PA,86395,Yes,Yes,No,Email,Businessman,124911.0,1
C100654,60,Female,4,College,Divorced,OH,34403,Yes,Yes,No,Email,Businessman,164753.0,5
C100655,61,Male,2,High School,Single,CA,80826,Yes,Yes,Yes,Email,Businessman,29605.0,2
C100656,51,nan,4,High School,Unknown,FL,78734,No,Yes,Yes,Email,Retired,147175.0,2
C100657,68,Male,2,Graduate,Single,OH,82219,Yes,Yes,No,Telephone,Government,71082.0,3
C100658,68,Female,3,High School,Married,NY,71570,No,No,No,Telephone,Student,140764.0,5
C100659,69,Male,1,Post-Graduate,Divorced,CA,89476,Yes,Yes,Yes,Email,Retired,130505.0,2
C100660,55,Female,4,College,Unknown,CA,82527,No,Yes,Yes,Telephone,Salaried,106206.0,5
C100661,42,Male,3,Graduate,Divorced,MI,94109,No,Yes,Yes,Cellular,Self-employed,59967.0,1
C100662,41,Male,2,High School,Divorced,PA,53670,No,No,Yes,Email,Self-employed,163775.0,1
C100663,48,Male,1,Post-Graduate,Married,IL,67207,No,Yes,No,Cellular,Unemployed,178176.0,2
C100664,37,Female,3,Post-Graduate,Single,CA,65343,Yes,No,Yes,Cellular,Businessman,133344.0,4
C100665,38,Male,2,High School,Married,MI,71743,No,No,Yes,Cellular,Self-employed,70518.0,2
C100666,52,Female,1,College,Single,TX,14673,No,No,No,Email,Student,96536.0,4
C100667,43,Male,0,High School,Unknown,OH,84141,No,Yes,No,Email,Salaried,154278.0,1
C100668,26,Male,4,Graduate,Married,NC,89222,No,No,Yes,Email,Unemployed,24147.0,3
C100669,49,Female,0,High School,Married,NC,91798,No,No,No,Telephone,Self-employed,55304.0,1
C100670,26,Male,0,Post-Graduate,Divorced,PA,65860,YES,No,Yes,Email,Student,23290.0,5
C100671,53,Female,0,High School,Married,TX,82709,No,Yes,No,Cellular,Student,133579.0,1
C100672,68,nan,3,College,Single,CA,54585,No,No,Yes,Email,Government,128494.0,1
C100673,52,Female,0,Uneducated,Married,TX,99492,No,Yes,No,Telephone,Government,107049.0,5
C100674,37,Female,5,High School,Married,MI,81710,No,No,Yes,Email,Self-employed,108042.0,1
C100675,24,Male,0,College,Unknown,NY,11584,No,No,No,Telephone,Student,79248.0,2
C100676,68,Male,3,College,Single,IL,72161,Yes,Yes,Yes,Cellular,Businessman,84589.0,1
C100677,51,Female,4,Post-Graduate,Divorced,GA,26060,Yes,No,No,Cellular,Government,30373.0,5
C100678,42,Male,5,College,Single,IL,16779,Yes,No,No,Cellular,Student,59261.0,1
C100679,47,Male,1,College,Unknown,CA,14247,No,No,No,Cellular,Government,172569.0,5
C100680,41,Female,1,College,Single,TX,25720,No,Yes,No,Cellular,Salaried,144336.0,4
C100681,40,Male,4,College,Single,IL,13004,Yes,Yes,No,Cellular,Unemployed,70468.0,5
C100682,54,Female,3,Graduate,Married,OH,69058,No,Yes,Yes,Telephone,Student,76763.0,3
C100683,43,Male,0,Graduate,Married,IL,12932,Yes,No,No,Cellular,Student,89536.0,2
C100684,64,Male,1,Post-Graduate,Single,MI,54045,No,No,No,Email,Retired,179916.0,1
C100685,36,Female,4,High School,Single,IL,24446,No,No,Yes,Telephone,Salaried,56921.0,2
C100686,26,Male,4,College,Divorced,OH,22260,No,Yes,Yes,Telephone,Retired,91216.0,1
C100687,36,Male,0,High School,Unknown,GA,72502,Yes,Yes,No,Email,Government,153916.0,4
C100688,27,Female,4,High School,Married,GA,55459,Yes,Yes,No,Email,Salaried,150467.0,2
C100689,34,Male,3,Post-Graduate,Married,OH,20932,Yes,No,No,Email,Unemployed,173230.0,1
C100690,23,Female,3,College,Married,TX,65418,Yes,Yes,Yes,Email,Self-employed,71430.0,4
C100691,53,Male,5,College,Married,NY,12075,Yes,No,No,Email,Businessman,141568.0,3
C100692,69,Female,1,Uneducated,Single,CA,70311,Yes,No,Yes,Cellular,Government,119558.0,1
C100693,56,Female,2,High School,Single,PA,48271,No,Yes,Yes,Telephone,Unemployed,142739.0,4
C100694,59,Female,4,High School,Divorced,NC,49248,Yes,No,Yes,Email,Student,102937.0,3
C100695,49,Female,3,Graduate,Married,TX,95411,Yes,No,No,Email,Self-employed,105620.0,3
C100696,59,Female,0,Uneducated,Married,IL,30869,Yes,Yes,No,Telephone,Government,92833.0,3
C100697,24,Male,0,Graduate,Single,NC,62824,Yes,Yes,No,Telephone,Unemployed,100232.0,1
C100698,59,Male,2,Graduate,Divorced,NC,51053,No,No,No,Cellular,Unemployed,60799.0,4
C100699,60,Female,2,Graduate,Single,OH,32790,Yes,Yes,Yes,Telephone,Businessman,96641.0,1
C100700,61,nan,2,Post-Graduate,Married,FL,14137,Yes,No,No,Email,Student,70164.0,5
C100701,42,Female,0,Post-Graduate,Married,NY,50364,Yes,Yes,Yes,Telephone,Salaried,119047.0,2
C100702,35,Male,4,Graduate,Unknown,NY,44864,Yes,Yes,No,Email,Businessman,166077.0,4
C100703,24,Male,3,Uneducated,Unknown,FL,99509,No,No,Yes,Telephone,Retired,80680.0,4
C100704,38,Female,0,High School,Unknown,CA,95176,No,No,No,Telephone,Government,153283.0,1
C100705,64,Female,3,Uneducated,Divorced,FL,86032,No,Yes,No,Cellular,Student,64489.0,5
C100706,43,Male,2,College,Single,PA,96561,Yes,Yes,Yes,Email,Government,168806.0,4
C100707,58,Male,5,Post-Graduate,Married,PA,61419,Yes,No,No,Cellular,Businessman,59046.0,5
C100708,24,Female,1,High School,Married,OH,93363,Yes,Yes,No,Cellular,Unemployed,144266.0,2
C100709,24,Male,4,High School,Divorced,IL,32504,No,Yes,Yes,Email,nan,160609.0,4
C100710,38,Male,5,College,Married,NC,62592,No,Yes,Yes,Telephone,Unemployed,81711.0,5
C100711,21,Female,2,College,Married,NY,90774,Yes,No,Yes,Cellular,Businessman,113208.0,5
C100712,52,Male,2,Graduate,Single,NY,41022,YES,Yes,Yes,Telephone,Government,163094.0,5
C100713,41,Female,3,Post-Graduate,Unknown,FL,79194,Yes,Yes,No,Telephone,Retired,79307.0,5
C100714,58,Female,0,Post-Graduate,Unknown,FL,37684,No,Yes,No,Cellular,Student,26327.0,1
C100715,46,Female,1,Uneducated,Divorced,FL,24215,Yes,No,Yes,Cellular,Unemployed,89281.0,4
C100716,61,Male,4,Graduate,Unknown,CA,54317,No,No,No,Cellular,Unemployed,179209.0,1
C100717,69,Male,1,Graduate,Unknown,FL,16721,No,Yes,No,Telephone,Unemployed,136032.0,5
C100718,41,Female,2,Graduate,Divorced,IL,46131,No,No,Yes,Email,Unemployed,52610.0,3
C100719,63,Female,1,Graduate,Divorced,NC,67583,No,No,Yes,Email,Student,62448.0,4
C100720,49,Male,4,Post-Graduate,Unknown,TX,10697,Yes,Yes,No,Cellular,Unemployed,83309.0,1
C100721,61,Male,2,Post-Graduate,Single,TX,77613,No,Yes,No,Telephone,Unemployed,55441.0,5
C100722,63,Male,4,Graduate,Divorced,IL,99894,Yes,No,Yes,Cellular,Student,115965.0,5
C100723,52,Female,1,Uneducated,Married,MI,85252,No,Yes,Yes,Telephone,Government,78387.0,4
C100724,24,Female,5,High School,Divorced,PA,28664,Yes,Yes,Yes,Email,Self-employed,103023.0,2
C100725,33,Male,2,High School,Married,TX,64156,No,Yes,No,Email,Retired,107072.0,4
C100726,55,Male,2,Uneducated,Divorced,CA,25191,No,Yes,Yes,Cellular,Government,139240.0,1
C100727,47,Male,5,Graduate,Divorced,MI,49534,No,No,Yes,Cellular,Salaried,65856.0,2
C100728,21,Female,4,Post-Graduate,Unknown,GA,39264,Yes,No,No,Email,Self-employed,50903.0,4
C100729,69,Female,0,High School,Unknown,CA,60874,No,Yes,Yes,Telephone,Government,140396.0,4
C100730,69,Male,2,College,Unknown,NY,11870,No,Yes,Yes,Email,Salaried,83744.0,4
C100731,59,Male,4,College,Single,TX,82070,No,No,Yes,Telephone,Unemployed,28279.0,3
C100732,34,Female,4,Uneducated,Unknown,PA,54580,No,Yes,No,Cellular,Businessman,109903.0,4
C100733,57,Female,4,Graduate,Unknown,FL,44868,Yes,Yes,No,Email,Salaried,109952.0,1
C100734,50,Male,0,High School,Divorced,FL,95848,Yes,Yes,Yes,Cellular,Retired,96576.0,5
C100735,34,Male,5,Graduate,Divorced,NC,19587,Yes,No,No,Email,Student,110702.0,1
C100736,31,Male,5,High School,Single,PA,79403,Yes,Yes,Yes,Cellular,Retired,77971.0,4
C100737,51,Female,3,Uneducated,Married,NY,63416,No,Yes,No,Email,Self-employed,69545.0,2
C100738,48,Male,5,Uneducated,Divorced,OH,94900,No,Yes,No,Email,Government,76760.0,3
C100739,47,Female,2,College,Divorced,TX,62156,No,Yes,Yes,Cellular,Unemployed,50453.0,3
C100740,23,Female,1,Graduate,Married,NC,63021,Yes,Yes,Yes,Email,Retired,25370.0,3
C100741,26,Male,4,College,Single,PA,12563,No,No,No,Email,Government,125854.0,2
C100742,59,Male,1,Graduate,Divorced,GA,27037,Yes,Yes,No,Email,Student,83144.0,2
C100743,39,Female,4,College,Unknown,CA,91220,Yes,No,No,Email,Self-employed,125243.0,2
C100744,61,Male,4,Post-Graduate,Single,NY,61200,Yes,No,No,Cellular,Self-employed,162379.0,2
C100745,54,Female,5,Post-Graduate,Married,PA,99227,No,Yes,Yes,Cellular,Retired,129508.0,1
C100746,48,Male,2,Post-Graduate,Married,TX,94400,No,Yes,No,Email,Student,80059.0,5
C100747,32,Male,0,Post-Graduate,Unknown,CA,84556,No,Yes,Yes,Email,Self-employed,154794.0,2
C100748,59,Male,0,High School,Unknown,PA,14098,Yes,Yes,Yes,Cellular,Student,36461.0,5
C100749,30,Male,1,Post-Graduate,Unknown,IL,93823,No,Yes,No,Email,Salaried,71958.0,4
C100750,67,Female,3,Uneducated,Single,NC,22045,No,Yes,No,Telephone,Retired,71476.0,5
C100751,45,Female,0,Uneducated,Married,PA,20787,Yes,Yes,No,Cellular,Unemployed,122078.0,4
C100752,43,Female,0,High School,Unknown,IL,96835,No,Yes,Yes,Email,Student,168095.0,3
C100753,46,Male,5,Post-Graduate,Unknown,CA,50684,No,Yes,Yes,Telephone,Government,111306.0,4
C100754,39,Female,3,Post-Graduate,Married,CA,47489,Yes,Yes,No,Email,Businessman,119818.0,1
C100755,58,Female,0,Post-Graduate,Divorced,CA,69448,Yes,No,No,Email,Salaried,82595.0,4
C100756,40,Female,2,College,Single,OH,92425,No,Yes,No,Email,Retired,82112.0,3
C100757,65,Male,2,Graduate,Divorced,PA,96989,Yes,Yes,Yes,Telephone,Retired,59829.0,3
C100758,64,Female,1,College,Unknown,IL,46789,No,Yes,Yes,Telephone,Retired,49059.0,5
C100759,38,Male,5,Graduate,Single,FL,87428,No,No,No,Cellular,Government,153125.0,5
C100760,68,Male,1,Post-Graduate,Divorced,GA,35897,Yes,No,Yes,Email,Salaried,149909.0,3
C100761,31,Female,1,Post-Graduate,Married,GA,39588,Yes,No,Yes,Email,Government,154691.0,4
C100762,45,Male,5,College,Unknown,IL,98488,Yes,Yes,Yes,Telephone,Unemployed,86804.0,4
C100763,63,Female,2,College,Single,FL,77133,Yes,No,Yes,Email,Self-employed,152346.0,2
C100764,21,Female,1,Graduate,Single,NY,48861,No,Yes,No,Email,Student,60113.0,1
C100765,52,Female,1,Uneducated,Single,OH,12323,Yes,Yes,No,Email,Government,165101.0,4
C100766,53,Female,2,Graduate,Single,IL,82733,Yes,No,No,Telephone,Government,159959.0,3
C100767,27,Female,5,College,Unknown,TX,70600,Yes,Yes,Yes,Email,Unemployed,98679.0,1
C100768,51,Male,3,College,Unknown,NC,83243,Yes,No,No,Email,Self-employed,130505.0,5
C100769,46,Female,1,High School,Married,NC,37048,No,No,No,Cellular,Unemployed,77015.0,3
C100770,27,Male,0,College,Married,MI,75127,Yes,No,Yes,Email,Businessman,66784.0,3
C100771,56,Female,2,High School,Married,GA,55505,Yes,Yes,Yes,Telephone,Unemployed,113974.0,5
C100772,66,Female,3,Uneducated,Divorced,CA,15198,No,Yes,Yes,Telephone,Businessman,165519.0,4
C100773,44,Female,0,Graduate,Married,TX,61720,Yes,Yes,No,Email,Student,151155.0,5
C100774,25,Male,0,Graduate,Unknown,NY,24049,No,Yes,No,Cellular,Self-employed,163398.0,3
C100775,42,Male,4,High School,Divorced,FL,57071,No,No,Yes,Email,Unemployed,53504.0,4
C100776,64,Male,3,Graduate,Unknown,NY,51625,No,Yes,No,Email,Unemployed,169244.0,5
C100777,56,Male,4,College,Divorced,GA,41281,No,No,No,Email,Salaried,145727.0,4
C100778,23,Female,2,Post-Graduate,Married,CA,24069,Yes,Yes,Yes,Telephone,Government,124115.0,1
C100779,57,nan,3,High School,Married,FL,70984,No,No,Yes,Email,Student,71626.0,4
C100780,58,Male,4,Graduate,Married,IL,95279,Yes,No,No,Telephone,Businessman,99341.0,3
C100781,66,Male,2,High School,Divorced,MI,66547,No,Yes,No,Cellular,Salaried,36056.0,5
C100782,26,Male,1,High School,Unknown,FL,75852,No,No,Yes,Email,Retired,115049.0,4
C100783,45,Female,0,Post-Graduate,Single,GA,15333,Yes,Yes,Yes,Telephone,Self-employed,72436.0,2
C100784,43,Male,2,College,Unknown,NY,83378,Yes,Yes,Yes,Telephone,Retired,129045.0,5
C100785,32,Male,3,High School,Married,NC,64995,No,No,Yes,Telephone,Government,132653.0,5
C100786,48,Female,0,Graduate,Divorced,NY,60822,Yes,Yes,No,Email,Retired,77002.0,2
C100787,64,Male,0,Uneducated,Divorced,NY,95336,No,No,No,Cellular,Retired,142498.0,4
C100788,60,Female,2,High School,Married,NY,80782,Yes,Yes,No,Telephone,Government,176894.0,1
C100789,52,nan,1,High School,Divorced,MI,60694,No,No,No,Email,Businessman,164237.0,3
C100790,45,Female,2,Post-Graduate,Married,GA,25455,Yes,No,No,Telephone,Retired,76918.0,1
C100791,54,Female,5,College,Unknown,TX,14255,Yes,Yes,Yes,Telephone,Unemployed,143317.0,3
C100792,50,Female,4,Uneducated,Divorced,MI,19804,No,Yes,Yes,Email,Businessman,178746.0,3
C100793,57,Male,4,Graduate,Single,MI,30616,No,No,Yes,Telephone,Student,93171.0,5
C100794,38,Male,5,Uneducated,Divorced,GA,94203,No,Yes,Yes,Telephone,Retired,130237.0,3
C100795,55,Female,4,Graduate,Married,OH,96779,Yes,No,No,Email,Retired,82846.0,5
C100796,68,Female,5,College,Single,MI,53469,Yes,Yes,No,Cellular,Government,20851.0,2
C100797,57,Male,3,Graduate,Married,FL,16328,No,No,Yes,Cellular,Government,170903.0,3
C100798,61,Male,2,Post-Graduate,Divorced,OH,20362,Yes,Yes,No,Cellular,Retired,56872.0,2
C100799,26,Female,0,Post-Graduate,Single,GA,65437,No,No,Yes,Cellular,Retired,179111.0,1
C100800,39,Male,3,Post-Graduate,Single,PA,43974,Yes,Yes,No,Email,Unemployed,133870.0,5
C100801,42,Male,4,Post-Graduate,Divorced,PA,16921,Yes,Yes,No,Email,Government,135819.0,5
C100802,52,Female,3,Uneducated,Single,TX,82024,YES,No,No,Cellular,Government,40924.0,4
C100803,47,Male,0,College,Unknown,IL,66579,No,No,yes,Email,Salaried,120236.0,3
C100804,36,Male,3,Graduate,Single,MI,86695,Yes,No,No,Cellular,Self-employed,141359.0,4
C100805,46,Male,1,Graduate,Single,NY,94521,Yes,No,No,Telephone,Salaried,20794.0,4
C100806,59,Male,4,Post-Graduate,Unknown,IL,30908,Yes,No,No,Telephone,Retired,36980.0,2
C100807,24,Female,2,Post-Graduate,Married,IL,43291,Yes,No,Yes,Telephone,Self-employed,101194.0,5
C100808,36,Male,5,High School,Married,OH,22947,No,Yes,Yes,Cellular,Salaried,170209.0,2
C100809,69,Female,4,College,Unknown,FL,16587,Yes,Yes,No,Telephone,Student,141281.0,5
C100810,39,Male,4,Uneducated,Single,PA,79705,Yes,No,Yes,Cellular,Self-employed,141189.0,5
C100811,48,Female,2,Graduate,Divorced,NC,23477,Yes,Yes,Yes,Email,Government,27593.0,4
C100812,37,Female,2,High School,Unknown,FL,54170,Yes,No,Yes,Telephone,Self-employed,111523.0,2
C100813,65,Male,0,High School,Divorced,PA,91225,No,Yes,Yes,Telephone,Government,127403.0,2
C100814,22,Female,0,Graduate,Married,NC,32221,Yes,No,Yes,Telephone,Student,94743.0,5
C100815,22,Female,1,Uneducated,Unknown,MI,50876,Yes,No,No,Email,Unemployed,96777.0,2
C100816,44,Female,3,High School,Divorced,CA,73837,Yes,Yes,No,Cellular,Retired,63951.0,3
C100817,47,Female,3,High School,Single,GA,77183,Yes,No,No,Telephone,Unemployed,60193.0,2
C100818,24,Female,3,College,Unknown,CA,92557,No,Yes,Yes,Telephone,Self-employed,115631.0,1
C100819,68,Male,5,Uneducated,Divorced,FL,17437,Yes,Yes,Yes,Cellular,Businessman,131588.0,2
C100820,56,Female,4,High School,Unknown,TX,95116,Yes,Yes,No,Telephone,Government,160414.0,3
C100821,40,Female,4,Uneducated,Unknown,FL,16892,No,Yes,Yes,Telephone,Self-employed,84415.0,2
C100822,32,Male,2,Graduate,Married,OH,35407,Yes,Yes,No,Telephone,Salaried,158127.0,3
C100823,48,Male,5,Post-Graduate,Married,NC,47518,No,Yes,No,Cellular,Unemployed,20386.0,1
C100824,49,Female,1,High School,Single,NC,54745,Yes,Yes,Yes,Telephone,Self-employed,119351.0,4
C100825,66,Male,1,College,Married,MI,55139,Yes,Yes,Yes,Email,Government,155295.0,5
C100826,53,Male,3,Graduate,Married,CA,67717,Yes,Yes,Yes,Cellular,Businessman,91608.0,5
C100827,69,Male,2,Uneducated,Married,MI,36110,Yes,Yes,No,Telephone,Businessman,75368.0,5
C100828,38,Male,3,Graduate,Divorced,CA,16984,Yes,No,No,Email,Unemployed,48343.0,1
C100829,32,Male,4,High School,Unknown,NC,19042,Yes,Yes,No,Email,Salaried,37750.0,1
C100830,30,Male,2,Uneducated,Married,FL,14388,Yes,Yes,No,Email,Student,40210.0,3
C100831,44,Female,5,Post-Graduate,Divorced,TX,56089,Yes,No,Yes,Email,Businessman,76267.0,1
C100832,67,Female,3,Graduate,Unknown,NC,20960,Yes,No,No,Email,Retired,172115.0,4
C100833,37,Male,1,High School,Married,IL,10773,Yes,No,Yes,Telephone,Student,146278.0,3
C100834,63,Male,0,College,Married,PA,99843,Yes,No,No,Email,Government,134001.0,4
C100835,52,Female,5,Uneducated,Unknown,CA,90527,Yes,Yes,No,Cellular,Self-employed,69805.0,4
C100836,45,Male,4,Graduate,Divorced,CA,74408,No,Yes,No,Telephone,Student,90889.0,2
C100837,27,Female,3,Graduate,Divorced,OH,47375,Yes,Yes,No,Telephone,Retired,85912.0,5
C100838,40,nan,2,Post-Graduate,Single,MI,19280,No,No,No,Email,Government,171224.0,4
C100839,49,Female,2,Post-Graduate,Unknown,GA,19196,No,No,No,Email,Government,72986.0,5
C100840,39,Female,3,College,Single,GA,42409,Yes,Yes,Yes,Telephone,Unemployed,88156.0,3
C100841,31,Male,5,College,Divorced,OH,50656,No,No,No,Cellular,Government,150572.0,5
C100842,53,Male,1,High School,Married,NC,33922,Yes,Yes,Yes,Telephone,Retired,103918.0,1
C100843,35,Male,3,High School,Single,CA,49632,Yes,No,Yes,Telephone,Salaried,127895.0,5
C100844,51,Male,4,College,Divorced,NY,58353,No,No,No,Email,Retired,56674.0,1
C100845,33,Female,2,College,Divorced,TX,92364,No,Yes,No,Cellular,Salaried,88660.0,2
C100846,68,Male,4,Uneducated,Married,IL,31879,No,Yes,No,Email,Student,161834.0,2
C100847,39,Female,5,Post-Graduate,Unknown,FL,53136,Yes,Yes,Yes,Email,Government,130038.0,4
C100848,26,Male,5,High School,Divorced,FL,86550,No,No,Yes,Email,Student,39653.0,1
C100849,48,Female,0,Post-Graduate,Single,GA,70017,No,No,Yes,Email,Businessman,152549.0,1
C100850,42,Male,1,Post-Graduate,Married,GA,43036,No,Yes,Yes,Cellular,Student,147796.0,5
C100851,48,Male,3,College,Unknown,OH,42108,Yes,Yes,No,Email,Self-employed,55309.0,2
C100852,36,Female,3,Uneducated,Unknown,CA,50609,Yes,Yes,Yes,Email,Government,175107.0,1
C100853,53,Male,1,Graduate,Unknown,MI,27890,No,No,Yes,Cellular,Student,74742.0,3
C100854,61,Male,2,Uneducated,Divorced,FL,63013,No,No,Yes,Telephone,Salaried,121193.0,2
C100855,65,Male,3,Uneducated,Unknown,CA,81674,No,Yes,Yes,Email,Self-employed,97988.0,4
C100856,68,Male,1,Post-Graduate,Divorced,IL,21962,No,Yes,No,Telephone,Student,74911.0,4
C100857,46,Male,3,Uneducated,Married,TX,48098,No,Yes,No,Email,Student,148172.0,2
C100858,43,Female,2,High School,Married,TX,75066,No,No,No,Email,Unemployed,55259.0,1
C100859,21,Male,1,Post-Graduate,Unknown,FL,54254,No,No,No,Cellular,Student,87583.0,4
C100860,49,Female,2,High School,Married,NY,27667,Yes,Yes,No,Cellular,Retired,128567.0,2
C100861,28,Male,3,Graduate,Single,OH,76613,No,No,Yes,Telephone,Retired,175323.0,5
C100862,62,Male,1,Post-Graduate,Single,FL,72526,No,Yes,Yes,Email,Retired,99247.0,1
C100863,59,Female,0,Graduate,Divorced,IL,35485,Yes,Yes,Yes,Cellular,Salaried,40916.0,2
C100864,23,Female,3,Post-Graduate,Unknown,NY,47349,No,Yes,Yes,Email,Student,22707.0,5
C100865,33,Female,1,College,Divorced,PA,31907,Yes,No,Yes,Email,Retired,68779.0,3
C100866,40,Female,0,Uneducated,Married,NC,68686,No,Yes,No,Telephone,Businessman,50245.0,4
C100867,63,Female,1,College,Unknown,GA,78005,Yes,Yes,Yes,Email,Businessman,177355.0,2
C100868,25,Male,4,Graduate,Divorced,GA,50335,No,No,No,Cellular,Businessman,141314.0,1
C100869,65,Female,4,Uneducated,Unknown,NY,21354,No,Yes,No,Telephone,Student,84795.0,5
C100870,32,Female,1,Post-Graduate,Unknown,FL,41302,Yes,Yes,No,Cellular,Self-employed,103507.0,2
C100871,68,Male,1,Uneducated,Divorced,GA,45596,Yes,Yes,Yes,Telephone,Unemployed,30134.0,2
C100872,37,Male,4,High School,Unknown,CA,83200,Yes,Yes,Yes,Telephone,Unemployed,158242.0,5
C100873,34,Female,3,Uneducated,Married,GA,67689,No,No,Yes,Email,Salaried,55656.0,2
C100874,46,Female,4,High School,Single,TX,26818,No,No,No,Telephone,Businessman,171314.0,1
C100875,50,Female,4,Uneducated,Single,GA,12414,No,Yes,No,Telephone,Businessman,128866.0,4
C100876,62,Male,5,High School,Unknown,PA,44192,No,No,Yes,Email,Retired,124262.0,1
C100877,65,Female,4,Graduate,Single,OH,49107,No,No,No,Telephone,Self-employed,49582.0,1
C100878,52,Male,2,College,Unknown,NY,82694,Yes,No,No,Telephone,Businessman,108719.0,4
C100879,50,Male,3,Post-Graduate,Divorced,CA,89662,No,No,No,Cellular,Salaried,167549.0,2
C100880,32,Male,2,Uneducated,Married,PA,78183,Yes,No,Yes,Cellular,Self-employed,92940.0,5
C100881,56,Male,3,College,Single,TX,46928,Yes,No,No,Email,Government,170134.0,5
C100882,39,Female,2,Post-Graduate,Divorced,FL,95694,No,No,Yes,Telephone,Salaried,98617.0,3
C100883,64,Male,5,Post-Graduate,Married,NC,30433,No,No,Yes,Email,Salaried,123175.0,1
C100884,45,Male,2,High School,Single,TX,97477,Yes,Yes,No,Email,Student,114888.0,4
C100885,53,Female,1,Graduate,Single,NY,47103,No,Yes,No,Email,Government,67581.0,5
C100886,62,Male,4,Graduate,Married,NY,63388,Yes,Yes,No,Cellular,Government,156638.0,4
C100887,41,Female,5,College,Divorced,NY,40672,No,Yes,Yes,Email,Unemployed,38257.0,5
C100888,22,Male,5,Graduate,Divorced,PA,12598,Yes,Yes,Yes,Telephone,Self-employed,148951.0,4
C100889,57,Female,1,Uneducated,Single,NY,13406,No,Yes,No,Cellular,Businessman,113281.0,1
C100890,41,Male,1,Graduate,Married,OH,27059,No,Yes,No,Cellular,Government,162758.0,3
C100891,46,Male,1,College,Divorced,OH,38122,No,Yes,Yes,Cellular,Self-employed,149722.0,3
C100892,52,Female,0,Graduate,Married,OH,75991,Yes,No,No,Telephone,Government,48551.0,1
C100893,47,Male,5,Uneducated,Married,NY,35420,No,Yes,Yes,Email,Retired,45305.0,2
C100894,37,Male,3,High School,Single,OH,93861,Yes,Yes,No,Email,Salaried,90916.0,2
C100895,24,Female,1,College,Married,MI,40197,No,No,No,Cellular,Retired,63994.0,4
C100896,59,Male,1,High School,Married,GA,87894,No,No,No,Cellular,Government,147058.0,1
C100897,35,Male,0,High School,Unknown,GA,53941,Yes,Yes,Yes,Email,Businessman,34442.0,1
C100898,53,Female,0,High School,Married,NY,58089,Yes,Yes,No,Telephone,Self-employed,119374.0,4
C100899,34,Female,4,Post-Graduate,Divorced,IL,69275,Yes,Yes,No,Cellular,Businessman,176347.0,4
C100900,46,Female,1,Post-Graduate,Single,PA,74196,No,No,yes,Cellular,Student,49688.0,5
C100901,67,Female,3,High School,Single,NC,39699,No,Yes,Yes,Telephone,Businessman,165979.0,3
C100902,22,Female,1,College,Married,PA,43037,No,No,Yes,Cellular,Businessman,165995.0,5
C100903,40,Male,4,Uneducated,Married,MI,26769,No,Yes,Yes,Telephone,Self-employed,71031.0,4
C100904,46,Female,5,Uneducated,Divorced,PA,80890,No,No,Yes,Email,Retired,108978.0,4
C100905,22,Male,1,Graduate,Unknown,MI,14997,No,No,Yes,Email,Salaried,29036.0,4
C100906,68,Female,0,nan,Single,MI,44370,No,No,Yes,Cellular,Retired,135111.0,5
C100907,22,Male,0,Post-Graduate,Unknown,PA,35558,Yes,Yes,Yes,Email,Government,96975.0,3
C100908,68,Male,4,High School,Divorced,NC,85872,No,Yes,No,Telephone,Government,123970.0,4
C100909,37,Female,4,Graduate,Single,MI,51085,Yes,No,No,Cellular,Unemployed,98617.0,2
C100910,38,Male,0,Uneducated,Divorced,OH,37570,No,No,No,Telephone,Self-employed,21236.0,3
C100911,68,Male,0,Post-Graduate,Married,CA,16151,Yes,No,No,Email,Self-employed,131557.0,2
C100912,24,Female,1,Post-Graduate,Divorced,CA,36901,Yes,Yes,Yes,Email,Retired,139166.0,2
C100913,37,Female,4,High School,Married,FL,95941,Yes,No,Yes,Email,Unemployed,39246.0,3
C100914,53,Female,5,Uneducated,Unknown,NY,83921,No,Yes,Yes,Cellular,Salaried,-1000.0,2
C100915,43,Female,1,College,Single,TX,77744,Yes,Yes,Yes,Telephone,Salaried,83200.0,1
C100916,33,Male,0,Post-Graduate,Single,OH,46448,Yes,No,Yes,Cellular,Student,98296.0,5
C100917,27,Male,3,High School,Unknown,OH,15578,Yes,No,No,Email,Government,19265.0,4
C100918,61,Male,4,College,Married,TX,14343,Yes,Yes,No,Email,Government,62779.0,1
C100919,66,Male,1,Uneducated,Single,NY,46870,No,Yes,Yes,Cellular,Unemployed,149178.0,4
C100920,21,Male,4,Post-Graduate,Divorced,CA,10553,No,Yes,No,Telephone,Student,76068.0,4
C100921,60,Male,3,College,Married,NC,61233,No,No,Yes,Email,Self-employed,81361.0,1
C100922,62,Female,5,College,Single,MI,17114,No,Yes,Yes,Telephone,Unemployed,115142.0,4
C100923,51,Male,2,College,Divorced,TX,62831,Yes,Yes,No,Email,Government,151107.0,3
C100924,56,Male,0,Post-Graduate,Divorced,NC,54940,No,No,No,Cellular,Businessman,63652.0,5
C100925,45,Male,3,Post-Graduate,Single,FL,29435,Yes,Yes,Yes,Email,Self-employed,52104.0,4
C100926,65,Female,2,Graduate,Unknown,MI,42677,No,No,No,Cellular,Unemployed,58875.0,5
C100927,61,Female,1,Uneducated,Unknown,PA,55811,Yes,No,Yes,Cellular,Self-employed,145809.0,2
C100928,60,Female,3,High School,Single,OH,24442,Yes,No,Yes,Cellular,Salaried,136858.0,4
C100929,50,Female,2,College,Divorced,MI,97561,Yes,No,No,Email,Retired,77044.0,2
C100930,58,Male,3,Graduate,Unknown,PA,80723,Yes,No,Yes,Telephone,Unemployed,38706.0,5
C100931,41,Male,2,High School,Unknown,CA,59156,No,No,Yes,Telephone,Student,63744.0,1
C100932,39,Male,1,Graduate,Unknown,PA,38726,No,No,No,Email,Retired,111627.0,5
C100933,36,Female,1,Post-Graduate,Married,PA,99429,Yes,No,Yes,Cellular,Retired,154645.0,3
C100934,53,Male,1,College,Unknown,IL,48022,Yes,No,Yes,Telephone,Self-employed,115680.0,3
C100935,67,Male,1,High School,Single,TX,62674,No,Yes,No,Telephone,Salaried,88629.0,5
C100936,26,Male,1,High School,Single,MI,54965,No,No,No,Email,Businessman,83891.0,5
C100937,62,Female,5,High School,Married,TX,31460,No,Yes,No,Cellular,Businessman,171728.0,2
C100938,57,Female,2,High School,Married,MI,39921,Yes,Yes,Yes,Telephone,Government,104912.0,2
C100939,28,Female,1,High School,Single,OH,62878,Yes,No,Yes,Email,Student,122018.0,4
C100940,21,Male,3,Graduate,Married,GA,94820,Yes,No,No,Email,Student,142405.0,2
C100941,33,Male,3,College,Unknown,TX,85947,Yes,No,No,Cellular,Salaried,139501.0,1
C100942,46,Male,1,Post-Graduate,Divorced,TX,10311,No,Yes,Yes,Email,Government,89116.0,1
C100943,36,Male,3,Post-Graduate,Divorced,OH,47541,Yes,No,No,Cellular,Retired,74326.0,2
C100944,69,Female,1,Post-Graduate,Divorced,MI,24540,No,Yes,Yes,Telephone,Student,42211.0,5
C100945,59,Male,5,Post-Graduate,Single,OH,58625,Yes,Yes,Yes,Email,Government,90747.0,5
C100946,67,Female,3,Graduate,Married,NC,97312,No,Yes,No,Telephone,Salaried,51736.0,1
C100947,66,Male,4,Uneducated,Divorced,PA,71201,Yes,No,Yes,Cellular,Government,84342.0,5
C100948,48,Female,0,College,Unknown,OH,60655,No,No,No,Cellular,Unemployed,141864.0,3
C100949,69,Male,3,High School,Unknown,MI,67595,No,Yes,Yes,Cellular,Self-employed,139860.0,5
C100950,43,Male,3,Uneducated,Unknown,CA,75791,Yes,Yes,Yes,Email,Self-employed,104424.0,1
C100951,27,Female,5,Post-Graduate,Married,OH,87953,No,Yes,Yes,Email,Self-employed,98617.0,4
C100952,44,Female,0,Uneducated,Divorced,NY,59666,No,Yes,No,Email,Self-employed,175056.0,2
C100953,66,Male,4,College,Unknown,OH,26735,No,No,Yes,Telephone,Businessman,68759.0,2
C100954,28,Male,0,High School,nan,TX,57188,Yes,No,Yes,Telephone,Retired,137267.0,4
C100955,65,Male,3,High School,Unknown,NC,42101,Yes,Yes,No,Email,Businessman,114432.0,3
C100956,21,Female,1,College,Divorced,IL,21387,Yes,Yes,No,Telephone,Student,25106.0,3
C100957,24,Male,4,College,Divorced,OH,46513,Yes,Yes,Yes,Cellular,Businessman,135204.0,4
C100958,63,Female,3,Post-Graduate,Divorced,GA,71325,No,No,No,Email,Retired,85156.0,5
C100959,61,Male,1,High School,Divorced,NY,20755,No,No,Yes,Cellular,Unemployed,44142.0,1
C100960,39,Male,1,Uneducated,Divorced,CA,56821,Yes,Yes,Yes,Cellular,Government,139728.0,3
C100961,42,Male,5,Graduate,Unknown,OH,85324,No,No,Yes,Cellular,Government,44344.0,3
C100962,56,Male,4,Graduate,Divorced,PA,90339,Yes,No,Yes,Telephone,Businessman,149994.0,4
C100963,21,Female,3,College,Unknown,PA,37002,Yes,Yes,Yes,Cellular,Government,171948.0,4
C100964,39,Female,2,Post-Graduate,Divorced,NY,40176,No,No,Yes,Telephone,Retired,152649.0,3
C100965,49,Male,1,Graduate,Unknown,TX,72597,Yes,No,No,Cellular,Student,109113.0,5
C100966,39,Male,5,High School,Divorced,FL,84671,No,No,Yes,Email,Salaried,70717.0,2
C100967,63,Male,0,College,Unknown,TX,31035,Yes,No,Yes,Cellular,Businessman,121721.0,2
C100968,26,Female,2,Uneducated,Divorced,NY,16959,Yes,No,No,Cellular,Self-employed,45015.0,2
C100969,45,Male,5,College,Married,TX,64501,Yes,No,Yes,Email,Government,59506.0,2
C100970,59,Female,0,Uneducated,Unknown,PA,31692,No,Yes,Yes,Telephone,Government,91494.0,3
C100971,43,Female,4,College,Married,NC,46773,Yes,Yes,Yes,Email,Salaried,89190.0,3
C100972,21,Female,5,College,Unknown,FL,38621,No,Yes,Yes,Cellular,Student,30010.0,2
C100973,35,Female,1,College,Unknown,PA,91270,Yes,No,No,Cellular,nan,67453.0,2
C100974,45,Male,1,Uneducated,Unknown,CA,58588,Yes,No,Yes,Telephone,Government,39266.0,5
C100975,24,Male,4,Uneducated,Single,PA,30254,No,No,No,Cellular,Self-employed,38558.0,5
C100976,65,Female,1,College,Divorced,TX,49013,No,Yes,No,Cellular,Salaried,98455.0,5
C100977,64,Male,5,Graduate,Married,NC,52878,No,Yes,No,Telephone,Unemployed,174256.0,1
C100978,21,Male,2,Post-Graduate,Married,FL,28570,No,No,Yes,Telephone,Government,85303.0,5
C100979,60,Male,5,Post-Graduate,Unknown,OH,96684,No,No,Yes,Telephone,Retired,67566.0,5
C100980,41,Female,2,Post-Graduate,Married,FL,77846,No,No,No,Telephone,Retired,126230.0,3
C100981,63,Male,5,Uneducated,Married,PA,24616,Yes,No,No,Cellular,Self-employed,156067.0,2
C100982,30,Male,4,Uneducated,Married,OH,68932,No,No,Yes,Telephone,Unemployed,94414.0,5
C100983,22,Male,5,Graduate,Married,NY,68450,Yes,Yes,Yes,Telephone,Retired,169864.0,5
C100984,37,Male,3,Post-Graduate,Single,MI,39101,Yes,Yes,Yes,Cellular,Government,28851.0,5
C100985,33,Male,1,Post-Graduate,Unknown,PA,87174,Yes,No,Yes,Telephone,Self-employed,137286.0,3
C100986,47,Male,5,College,Married,GA,30951,No,Yes,Yes,Cellular,Retired,68525.0,1
C100987,61,Male,5,Uneducated,Single,PA,18132,Yes,No,No,Telephone,Unemployed,117506.0,4
C100988,68,Male,2,Post-Graduate,Single,NY,64029,Yes,Yes,No,Telephone,Salaried,137499.0,2
C100989,48,Male,0,Graduate,Unknown,FL,51931,Yes,No,No,Email,Unemployed,159505.0,3
C100990,69,Male,1,Graduate,Divorced,CA,67931,No,No,Yes,Cellular,Unemployed,98421.0,3
C100991,30,Female,2,Post-Graduate,Divorced,OH,65443,Yes,No,No,Telephone,Student,19556.0,3
C100992,69,Male,2,Uneducated,Divorced,GA,65457,No,No,Yes,Email,Businessman,93420.0,5
C100993,30,Female,2,Graduate,Married,MI,59870,Yes,Yes,No,Email,Retired,129187.0,3
C100994,66,Male,3,College,Unknown,NY,44061,No,No,Yes,Cellular,Businessman,27087.0,4
C100995,67,Female,4,Graduate,Divorced,MI,23575,No,No,No,Email,Student,51969.0,3
C100996,29,Female,3,High School,Married,IL,66480,Yes,No,No,Cellular,Government,39887.0,1
C100997,54,Male,5,High School,Unknown,GA,65853,Yes,No,Yes,Email,Salaried,143704.0,2
C100998,66,Female,0,Uneducated,Married,GA,32840,No,Yes,Yes,Cellular,Self-employed,102916.0,5
C100999,59,Female,0,Post-Graduate,Divorced,IL,38616,No,Yes,No,Telephone,Unemployed,137520.0,2
C101000,24,Female,4,Uneducated,Divorced,GA,99390,No,Yes,No,Cellular,Salaried,42518.0,2
C101001,65,Male,5,Uneducated,Single,PA,65010,Yes,No,Yes,Email,Student,63314.0,3
C101002,24,Female,4,Uneducated,Single,IL,46627,Yes,Yes,Yes,Cellular,Government,40358.0,3
C101003,24,Female,2,Uneducated,Unknown,FL,11124,Yes,No,Yes,Telephone,Government,134757.0,5
C101004,61,Male,0,College,Married,IL,84943,Yes,Yes,No,Telephone,Unemployed,118646.0,5
C101005,31,Female,2,College,Married,FL,24406,Yes,Yes,No,Email,Student,161883.0,2
C101006,21,Female,4,Graduate,Divorced,CA,45579,No,No,Yes,Email,Salaried,82033.0,5
C101007,65,Female,0,High School,Divorced,TX,21776,No,Yes,No,Email,Businessman,80764.0,3
C101008,41,Male,2,Uneducated,Unknown,GA,71309,No,No,Yes,Telephone,Salaried,158130.0,4
C101009,45,Female,1,Graduate,Single,OH,25095,No,Yes,No,Telephone,Retired,74987.0,3
C101010,29,Male,5,High School,Divorced,OH,93762,No,No,Yes,Email,Government,166262.0,2
C101011,45,Female,1,Post-Graduate,Married,TX,51793,No,No,Yes,Telephone,Government,22354.0,3
C101012,38,Female,2,College,Divorced,NC,16445,Yes,No,No,Telephone,Unemployed,149404.0,1
C101013,27,Female,3,High School,Single,PA,23391,No,No,Yes,Email,Retired,103367.0,4
C101014,66,Female,2,Post-Graduate,Married,GA,16985,Yes,Yes,Yes,Telephone,Unemployed,177229.0,4
C101015,46,Male,0,High School,Single,GA,89095,Yes,No,No,Email,Retired,54953.0,3
C101016,69,Female,4,College,Unknown,TX,98381,Yes,Yes,No,Telephone,Unemployed,29017.0,5
C101017,38,Male,2,College,Unknown,FL,55186,Yes,No,No,Cellular,Student,56964.0,2
C101018,21,Female,0,Graduate,Single,PA,97198,No,No,No,Cellular,Salaried,66818.0,5
C101019,29,Male,0,Uneducated,Married,NY,29630,No,No,Yes,Telephone,Businessman,157535.0,3
C101020,30,Female,1,High School,Single,OH,92679,Yes,No,Yes,Telephone,Salaried,99383.0,2
C101021,68,Female,2,High School,Divorced,NY,30548,Yes,Yes,Yes,Cellular,Retired,176558.0,4
C101022,31,Male,5,Post-Graduate,Divorced,IL,20387,No,Yes,Yes,Email,Government,40937.0,2
C101023,52,Male,3,College,Single,FL,20708,No,No,Yes,Email,Salaried,123979.0,1
C101024,41,Male,3,High School,Divorced,NC,20245,No,Yes,No,Cellular,Government,29613.0,3
C101025,56,Male,4,College,Single,NY,39257,Yes,Yes,No,Email,Government,35903.0,3
C101026,52,Female,4,High School,Divorced,OH,34121,No,No,Yes,Email,Self-employed,163070.0,5
C101027,39,Male,1,Graduate,Single,OH,84175,No,Yes,No,Cellular,nan,76250.0,1
C101028,28,Male,2,Uneducated,Divorced,OH,20609,Yes,No,No,Cellular,Businessman,51441.0,5
C101029,55,Male,4,High School,Married,CA,40779,Yes,No,No,Telephone,Student,74262.0,1
C101030,42,nan,2,College,Married,GA,10123,No,Yes,No,Cellular,Retired,27446.0,4
C101031,24,Female,5,Graduate,Divorced,NY,74080,Yes,Yes,No,Cellular,Businessman,85760.0,2
C101032,49,Female,3,High School,Single,IL,30859,Yes,No,Yes,Email,Salaried,42922.0,4
C101033,51,Female,0,Post-Graduate,Divorced,NY,48641,Yes,No,No,Email,Retired,122591.0,2
C101034,28,Male,3,Uneducated,Unknown,IL,62820,Yes,No,Yes,Telephone,Retired,30624.0,5
C101035,32,Female,1,High School,Unknown,OH,89834,Yes,Yes,Yes,Email,Self-employed,50458.0,1
C101036,25,Male,2,Graduate,Single,PA,70519,No,No,Yes,Email,Government,103260.0,2
C101037,50,Female,0,Post-Graduate,Divorced,IL,70065,No,No,Yes,Email,Businessman,23026.0,4
C101038,55,Male,0,Graduate,Divorced,FL,81308,No,No,Yes,Cellular,Government,132649.0,3
C101039,57,Male,1,Graduate,Married,GA,25253,No,No,No,Email,Government,97923.0,3
C101040,24,Male,0,Post-Graduate,Single,GA,16650,No,No,Yes,Cellular,Self-employed,32872.0,3
C101041,63,Male,2,Graduate,Unknown,CA,67208,Yes,Yes,Yes,Email,Retired,90423.0,5
C101042,41,Male,3,Post-Graduate,Unknown,MI,33191,No,Yes,Yes,Cellular,Retired,53196.0,4
C101043,36,Female,2,High School,Single,NY,96420,No,Yes,No,Email,Unemployed,47162.0,2
C101044,38,Male,4,Post-Graduate,Unknown,TX,80615,Yes,Yes,No,Telephone,Businessman,63515.0,4
C101045,51,Male,0,Post-Graduate,Single,CA,22849,No,Yes,No,Telephone,Self-employed,122174.0,4
C101046,58,Male,0,Uneducated,Unknown,TX,25023,No,No,No,Telephone,Unemployed,57796.0,5
C101047,52,Male,2,Post-Graduate,Unknown,MI,58198,No,Yes,Yes,Email,Government,82579.0,2
C101048,68,Female,5,Post-Graduate,Single,GA,98319,No,No,Yes,Telephone,Businessman,129529.0,2
C101049,53,Female,1,High School,Single,FL,59453,Yes,Yes,Yes,Cellular,Retired,75320.0,4
C101050,39,Male,5,Uneducated,Unknown,OH,60679,Yes,Yes,Yes,Telephone,Government,77120.0,4
C101051,40,Male,2,College,Unknown,OH,89052,Yes,No,Yes,Telephone,Government,42282.0,3
C101052,68,Male,3,High School,Married,IL,31667,Yes,Yes,No,Telephone,Businessman,134853.0,4
C101053,30,Male,1,High School,Divorced,CA,50776,No,Yes,Yes,Telephone,Student,151703.0,1
C101054,46,Female,0,College,Single,MI,27784,No,No,No,Cellular,Self-employed,73580.0,3
C101055,66,Female,5,Post-Graduate,Single,FL,65451,No,Yes,Yes,Telephone,Salaried,23634.0,1
C101056,38,Male,5,Graduate,Divorced,OH,66784,No,Yes,No,Email,Retired,140508.0,4
C101057,65,Male,0,Uneducated,Married,IL,79877,No,Yes,No,Telephone,Government,165201.0,4
C101058,65,Male,1,Graduate,Unknown,NY,19245,No,No,No,Email,Retired,46905.0,5
C101059,35,Male,1,College,Unknown,GA,14295,No,Yes,Yes,Email,Self-employed,119890.0,4
C101060,56,Male,1,High School,Married,NY,89925,Yes,Yes,No,Telephone,Self-employed,155217.0,5
C101061,38,Female,0,High School,Married,GA,82120,Yes,No,Yes,Telephone,Businessman,154736.0,5
C101062,51,Female,0,Uneducated,Divorced,NY,95209,Yes,Yes,Yes,Email,Businessman,91761.0,2
C101063,35,Male,5,High School,Divorced,IL,55355,Yes,No,No,Cellular,Unemployed,83121.0,5
C101064,58,Female,5,High School,Unknown,FL,34164,Yes,No,No,Cellular,Businessman,27933.0,2
C101065,49,Female,0,Uneducated,Married,CA,48000,Yes,No,No,Telephone,Self-employed,169699.0,2
C101066,62,Female,0,Uneducated,Married,GA,58772,Yes,No,No,Cellular,Businessman,106019.0,3
C101067,35,Male,0,College,Unknown,MI,27856,No,Yes,Yes,Cellular,Salaried,65264.0,2
C101068,21,Female,2,High School,Unknown,TX,47847,No,Yes,Yes,Telephone,Self-employed,63689.0,3
C101069,57,Female,2,High School,Unknown,FL,87463,No,No,Yes,Email,Businessman,66172.0,3
C101070,61,Male,2,College,Unknown,FL,44078,No,Yes,No,Email,Unemployed,71743.0,3
C101071,43,Female,1,Post-Graduate,Unknown,IL,73531,Yes,Yes,No,Cellular,Government,118411.0,4
C101072,66,Male,0,Post-Graduate,Divorced,TX,97256,Yes,Yes,No,Email,Self-employed,18449.0,5
C101073,31,Female,5,Post-Graduate,Unknown,NC,57920,Yes,No,No,Telephone,Student,141580.0,5
C101074,58,Male,5,College,Married,FL,47840,Yes,Yes,Yes,Cellular,Student,66139.0,1
C101075,36,Male,2,High School,Single,MI,39783,No,No,Yes,Email,Self-employed,48415.0,1
C101076,50,Female,1,College,Divorced,FL,31622,No,No,Yes,Cellular,Self-employed,146136.0,4
C101077,49,Female,3,College,Married,PA,22010,No,Yes,No,Email,Student,106330.0,2
C101078,61,Male,4,Post-Graduate,Single,GA,85795,No,Yes,No,Cellular,Government,178916.0,1
C101079,23,Male,3,Graduate,Divorced,OH,46916,Yes,No,No,Email,Government,151835.0,1
C101080,60,Female,3,High School,Unknown,FL,37375,Yes,No,No,Email,Government,29971.0,3
C101081,37,Female,4,Post-Graduate,Divorced,FL,85258,No,No,No,Telephone,Salaried,147817.0,1
C101082,46,Female,5,Graduate,Unknown,IL,56916,No,Yes,Yes,Telephone,Retired,108046.0,5
C101083,29,Female,1,Graduate,Unknown,MI,94473,No,No,No,Telephone,Retired,121570.0,3
C101084,37,Male,4,Uneducated,Unknown,IL,34316,No,Yes,Yes,Cellular,Unemployed,78666.0,4
C101085,57,Male,1,High School,Single,CA,80522,No,Yes,No,Cellular,Salaried,76556.0,4
C101086,51,Male,3,Graduate,Divorced,GA,99404,No,Yes,Yes,Cellular,Unemployed,159753.0,4
C101087,51,Female,4,Post-Graduate,Unknown,MI,73963,Yes,Yes,No,Email,Government,77741.0,3
C101088,31,Female,3,Uneducated,Married,IL,70916,Yes,No,No,Email,Student,101570.0,1
C101089,58,Male,4,High School,Divorced,TX,82029,No,No,Yes,Email,Salaried,110200.0,1
C101090,42,Male,4,College,Married,TX,73606,Yes,No,No,Cellular,Businessman,104167.0,5
C101091,66,Male,0,Post-Graduate,Single,FL,41372,Yes,No,No,Telephone,Retired,169722.0,3
C101092,23,Male,2,Graduate,Single,OH,44957,Yes,No,No,Cellular,Salaried,36768.0,3
C101093,69,Male,2,Graduate,Divorced,IL,87852,No,No,Yes,Cellular,Student,73389.0,5
C101094,48,Male,3,Post-Graduate,Single,CA,21269,Yes,No,No,Telephone,Student,174648.0,1
C101095,52,Female,3,Graduate,Single,IL,76734,Yes,Yes,No,Telephone,Self-employed,25914.0,1
C101096,24,Male,3,Uneducated,Divorced,IL,19006,Yes,No,No,Cellular,Student,129833.0,2
C101097,60,Male,0,High School,Married,PA,65706,Yes,Yes,No,Email,Unemployed,73293.0,2
C101098,58,Male,0,Uneducated,Unknown,OH,42964,Yes,Yes,No,Email,Government,174682.0,2
C101099,31,Male,3,Graduate,Divorced,IL,82264,Yes,No,Yes,Telephone,Unemployed,172560.0,2
C101100,21,Male,0,College,Divorced,NY,51600,Yes,No,Yes,Cellular,Student,36547.0,1
C101101,67,Male,4,High School,Unknown,NY,51356,No,No,Yes,Email,Salaried,108852.0,4
C101102,36,Male,4,High School,Married,FL,19677,Yes,No,Yes,Email,Salaried,176993.0,3
C101103,54,Female,4,Post-Graduate,Unknown,CA,54501,Yes,Yes,No,Telephone,Salaried,21079.0,2
C101104,65,Male,2,Post-Graduate,Unknown,OH,49092,Yes,Yes,No,Cellular,Student,160618.0,4
C101105,52,Female,4,College,Married,CA,50869,No,Yes,Yes,Telephone,Government,48929.0,2
C101106,64,Female,2,High School,Married,TX,43831,Yes,Yes,yes,Cellular,Retired,63569.0,5
C101107,66,Female,4,College,Unknown,MI,20823,No,No,Yes,Cellular,Government,31904.0,2
C101108,53,Male,3,Post-Graduate,Unknown,OH,42845,Yes,Yes,Yes,Cellular,Self-employed,172925.0,5
C101109,31,Male,2,Post-Graduate,Divorced,PA,59075,No,Yes,Yes,Cellular,Businessman,82709.0,3
C101110,56,Male,0,High School,Married,OH,94781,No,No,yes,Cellular,Government,177108.0,2
C101111,33,Male,5,Uneducated,Single,IL,94744,No,No,Yes,Cellular,Unemployed,48379.0,5
C101112,40,Male,2,Graduate,Married,GA,54488,Yes,No,No,Email,Retired,80306.0,3
C101113,45,Male,1,Post-Graduate,Unknown,PA,58557,No,Yes,No,Email,Retired,43970.0,2
C101114,26,Male,2,Post-Graduate,Unknown,FL,78738,Yes,No,Yes,Email,Salaried,89127.0,2
C101115,57,Male,4,Uneducated,Unknown,CA,32430,Yes,No,No,Email,Self-employed,65261.0,1
C101116,46,Male,4,Uneducated,Unknown,NY,58557,Yes,Yes,No,Cellular,Retired,97923.0,4
C101117,24,Male,4,College,Single,PA,15649,No,No,No,Email,Government,86910.0,4
C101118,65,Female,0,College,Married,FL,18742,Yes,Yes,No,Cellular,Government,106611.0,3
C101119,46,Male,3,Graduate,Single,TX,21425,No,No,Yes,Telephone,Unemployed,137365.0,5
C101120,38,Male,2,Graduate,Single,OH,15982,Yes,No,No,Telephone,Businessman,150895.0,4
C101121,33,Male,0,High School,Unknown,OH,83054,Yes,No,No,Email,Businessman,24955.0,5
C101122,28,Female,1,College,Single,NY,64284,Yes,No,Yes,Cellular,Businessman,104415.0,5
C101123,67,Male,2,Post-Graduate,Unknown,GA,34935,Yes,Yes,Yes,Email,Government,58799.0,4
C101124,53,Male,5,College,Unknown,CA,28416,Yes,Yes,Yes,Cellular,Retired,158944.0,4
C101125,63,Female,4,Post-Graduate,Unknown,MI,29976,Yes,Yes,No,Email,Unemployed,138217.0,5
C101126,36,Male,0,Uneducated,Single,OH,91702,Yes,No,Yes,Telephone,Government,42008.0,5
C101127,62,Female,0,College,Unknown,MI,29489,No,Yes,No,Telephone,Salaried,45788.0,2
C101128,59,Female,2,Uneducated,Single,CA,30912,Yes,Yes,Yes,Email,Student,74305.0,2
C101129,51,Female,5,Graduate,Married,TX,95345,Yes,No,No,Email,Businessman,96463.0,5
C101130,60,Female,0,Graduate,Unknown,TX,71741,No,Yes,Yes,Cellular,Salaried,110888.0,4
C101131,43,Male,0,High School,Divorced,MI,98939,No,Yes,Yes,Telephone,Salaried,161856.0,2
C101132,36,Female,0,College,Divorced,NY,83075,No,Yes,No,Email,Retired,73091.0,5
C101133,30,Female,2,Uneducated,Divorced,MI,56379,Yes,No,Yes,Cellular,Self-employed,165092.0,5
C101134,56,Male,4,Post-Graduate,Divorced,IL,51241,No,Yes,Yes,Telephone,Salaried,108647.0,3
C101135,51,Male,5,Graduate,Divorced,FL,80159,Yes,No,No,Cellular,Businessman,44234.0,3
C101136,64,Male,0,Graduate,Single,PA,76058,No,No,Yes,Telephone,Student,127956.0,5
C101137,52,Female,0,Post-Graduate,Married,NY,31908,Yes,Yes,Yes,Telephone,Unemployed,121022.0,5
C101138,41,Male,3,Uneducated,Single,FL,65677,No,Yes,No,Cellular,Salaried,23408.0,5
C101139,36,Female,5,Uneducated,Unknown,OH,86898,Yes,Yes,No,Cellular,Unemployed,29422.0,2
C101140,49,Female,5,College,Married,CA,22501,Yes,No,Yes,Telephone,Government,114496.0,1
C101141,68,Male,1,College,Married,TX,52809,Yes,Yes,Yes,Telephone,Government,91762.0,2
C101142,65,Male,3,High School,Married,CA,15166,No,No,No,Cellular,Salaried,118871.0,5
C101143,36,Male,4,Graduate,Married,NY,50815,No,Yes,No,Email,Businessman,161178.0,2
C101144,35,Male,3,College,Divorced,NC,65932,No,No,Yes,Cellular,Retired,37475.0,1
C101145,28,Male,2,Uneducated,Unknown,MI,21496,No,Yes,No,Email,Retired,88106.0,1
C101146,35,Male,3,Post-Graduate,Married,IL,77713,No,No,Yes,Cellular,Student,29511.0,1
C101147,41,Female,2,Uneducated,Married,FL,66632,Yes,No,Yes,Email,Student,153501.0,5
C101148,41,Female,3,Graduate,Divorced,FL,51915,No,No,No,Email,Businessman,25189.0,4
C101149,27,Male,3,Uneducated,Single,GA,25806,Yes,Yes,No,Telephone,Government,34821.0,4
C101150,39,Female,1,High School,Single,TX,43747,Yes,No,No,Cellular,Government,68032.0,4
C101151,42,Female,5,Graduate,Single,FL,94744,Yes,No,No,Cellular,Retired,65562.0,3
C101152,66,Female,2,Post-Graduate,Unknown,NY,39225,Yes,No,Yes,Cellular,Unemployed,52000.0,4
C101153,58,Female,4,High School,Single,PA,72607,No,Yes,No,Email,Retired,139420.0,5
C101154,33,Female,5,Graduate,Married,NC,65852,No,No,Yes,Email,Self-employed,22466.0,5
C101155,46,Female,0,Post-Graduate,Divorced,FL,99938,No,No,Yes,Telephone,Salaried,87712.0,3
C101156,64,Male,4,High School,Divorced,PA,58383,YES,Yes,Yes,Email,Retired,173594.0,5
C101157,42,Male,3,High School,Single,FL,38783,No,No,Yes,Cellular,Salaried,143175.0,5
C101158,27,Male,4,Graduate,Divorced,NY,38897,No,Yes,Yes,Email,Retired,170271.0,3
C101159,55,Female,3,College,Married,PA,25553,Yes,Yes,No,Email,Unemployed,101284.0,3
C101160,23,nan,3,High School,Single,OH,52101,No,Yes,No,Telephone,Government,101936.0,3
C101161,55,Male,0,High School,Married,FL,69810,Yes,Yes,Yes,Email,Salaried,61772.0,5
C101162,67,Male,1,Post-Graduate,Unknown,OH,10388,Yes,No,No,Cellular,Businessman,176748.0,3
C101163,36,Female,1,Uneducated,Married,GA,12897,Yes,Yes,No,Cellular,Student,59870.0,1
C101164,65,Male,0,Graduate,Married,TX,50322,Yes,No,Yes,Cellular,Retired,68298.0,2
C101165,36,Female,4,Graduate,Married,NY,53431,No,Yes,Yes,Cellular,Self-employed,38991.0,3
C101166,22,Male,2,College,Married,IL,95247,No,No,No,Telephone,Businessman,98693.0,3
C101167,58,Male,0,College,Unknown,NY,75273,Yes,No,Yes,Telephone,Businessman,35300.0,3
C101168,37,Male,5,Graduate,Single,MI,35526,No,No,No,Cellular,Businessman,62911.0,3
C101169,58,Female,3,College,Married,IL,44090,Yes,No,No,Cellular,Salaried,52477.0,2
C101170,44,Female,5,Post-Graduate,Single,MI,19773,YES,No,Yes,Email,Student,138554.0,5
C101171,42,Female,1,Graduate,Divorced,PA,97653,Yes,Yes,No,Email,Unemployed,25977.0,4
C101172,43,Female,1,College,Married,GA,22698,Yes,No,No,Email,Unemployed,27708.0,1
C101173,64,Female,4,Graduate,Married,PA,12843,No,No,Yes,Email,Self-employed,92950.0,5
C101174,39,Male,2,Uneducated,Divorced,FL,62903,Yes,No,Yes,Email,Government,98079.0,3
C101175,64,Male,5,High School,Single,TX,35373,No,Yes,No,Cellular,Businessman,132821.0,5
C101176,42,Female,0,Graduate,Unknown,NY,16510,Yes,Yes,Yes,Email,Businessman,168018.0,1
C101177,37,Female,3,High School,Married,CA,90338,No,Yes,No,Email,Unemployed,100336.0,5
C101178,22,Male,5,College,Divorced,NY,50470,No,Yes,Yes,Email,Businessman,126532.0,5
C101179,34,Female,3,High School,Divorced,NY,68739,No,Yes,Yes,Telephone,Government,102447.0,3
C101180,48,Male,2,Graduate,Married,IL,69226,Yes,Yes,No,Telephone,Unemployed,109357.0,2
C101181,33,Female,4,Uneducated,Single,NC,59596,Yes,No,No,Telephone,Retired,80723.0,4
C101182,45,Male,5,College,Single,CA,43114,No,Yes,No,Cellular,Salaried,88834.0,5
C101183,37,Female,2,Graduate,Married,FL,77252,No,No,Yes,Telephone,Salaried,117110.0,2
C101184,29,Female,4,College,Divorced,MI,31077,Yes,No,No,Email,Student,56328.0,4
C101185,60,Male,4,Post-Graduate,Married,OH,40101,No,No,Yes,Email,Salaried,153368.0,1
C101186,34,Male,5,High School,Unknown,MI,60794,No,No,Yes,Email,Salaried,36461.0,1
C101187,22,Female,0,Post-Graduate,Unknown,TX,11160,No,No,No,Cellular,Self-employed,98617.0,5
C101188,62,Female,0,Graduate,Single,GA,67717,Yes,No,No,Telephone,Self-employed,113068.0,4
C101189,41,Male,3,Uneducated,Unknown,TX,75858,Yes,Yes,Yes,Telephone,Unemployed,96837.0,1
C101190,55,Female,1,College,Divorced,GA,71422,Yes,No,No,Email,Salaried,39090.0,3
C101191,50,Male,5,High School,Unknown,NY,24562,Yes,Yes,Yes,Email,Self-employed,30312.0,2
C101192,37,Male,4,College,Married,IL,60892,Yes,No,Yes,Telephone,Retired,37704.0,5
C101193,59,Female,3,Graduate,Divorced,FL,77602,Yes,No,Yes,Telephone,Student,98617.0,1
C101194,45,Male,5,College,Single,NC,98917,No,No,No,Email,Salaried,176948.0,2
C101195,64,Male,1,High School,Single,TX,18787,No,No,Yes,Telephone,Self-employed,126938.0,3
C101196,59,Female,3,Graduate,Unknown,IL,15435,No,Yes,Yes,Telephone,Government,85885.0,5
C101197,55,Male,4,College,Single,MI,67015,No,Yes,No,Cellular,Self-employed,162216.0,5
C101198,26,Male,1,Uneducated,Married,NC,18314,No,Yes,No,Email,Self-employed,165952.0,1
C101199,23,Male,2,Graduate,Divorced,PA,34587,No,Yes,No,Telephone,Unemployed,51153.0,5
C101200,56,Male,0,Graduate,Married,NY,48866,Yes,No,Yes,Cellular,Government,69401.0,2
C101201,68,Female,0,nan,Married,CA,65477,No,No,No,Cellular,Student,134518.0,4
C101202,67,Male,1,Post-Graduate,Married,CA,49325,No,Yes,Yes,Cellular,Government,162771.0,2
C101203,21,Female,5,High School,Married,OH,42242,Yes,No,Yes,Cellular,Student,30098.0,3
C101204,54,Male,1,Post-Graduate,Divorced,NY,92308,Yes,No,Yes,Cellular,Retired,59412.0,5
C101205,21,Female,4,College,Divorced,OH,10220,No,Yes,No,Cellular,Unemployed,132672.0,3
C101206,46,Male,1,Uneducated,Married,CA,19353,No,Yes,Yes,Cellular,Government,89564.0,3
C101207,38,Female,5,Post-Graduate,Married,FL,58294,No,No,Yes,Email,Student,99786.0,5
C101208,56,Male,0,Graduate,Single,MI,34327,Yes,Yes,No,Email,Student,127120.0,4
C101209,26,Male,4,College,Single,FL,72401,Yes,No,Yes,Email,Businessman,32508.0,2
C101210,31,Male,5,College,Divorced,IL,43199,Yes,No,No,Cellular,Unemployed,92918.0,3
C101211,64,Male,3,Post-Graduate,Single,MI,53042,Yes,No,No,Telephone,nan,83259.0,2
C101212,60,Female,0,Post-Graduate,Divorced,CA,88143,No,No,No,Cellular,Self-employed,114854.0,3
C101213,50,Female,2,Uneducated,Divorced,OH,88099,No,No,No,Email,Government,48568.0,5
C101214,34,Male,4,High School,Unknown,NY,93354,No,No,Yes,Email,Student,52804.0,5
C101215,30,Female,2,Post-Graduate,Divorced,NY,35774,Yes,No,Yes,Cellular,Businessman,61761.0,5
C101216,51,Male,1,Post-Graduate,Single,GA,85064,Yes,Yes,Yes,Email,Self-employed,49960.0,5
C101217,56,Male,3,Graduate,Unknown,NC,70024,No,Yes,Yes,Telephone,Self-employed,72412.0,5
C101218,35,Female,1,College,Single,PA,96699,No,Yes,No,Telephone,Self-employed,47568.0,2
C101219,50,Female,0,High School,Divorced,CA,21678,No,Yes,Yes,Telephone,Businessman,71857.0,3
C101220,68,Female,3,Graduate,Divorced,CA,83188,Yes,Yes,No,Cellular,Retired,113036.0,1
C101221,34,Male,5,Uneducated,Married,OH,43210,No,No,Yes,Email,Salaried,68526.0,4
C101222,67,Male,0,Uneducated,Divorced,GA,48687,Yes,No,Yes,Email,Unemployed,43159.0,1
C101223,43,Female,3,Post-Graduate,Unknown,TX,43258,No,Yes,No,Telephone,Unemployed,114641.0,3
C101224,37,Male,2,Post-Graduate,Divorced,NC,58175,No,No,Yes,Email,Retired,100656.0,2
C101225,47,Female,0,Uneducated,Married,FL,78557,Yes,Yes,Yes,Cellular,Retired,81325.0,3
C101226,64,Female,5,Post-Graduate,Divorced,FL,53301,Yes,No,No,Telephone,Self-employed,141512.0,4
C101227,33,Female,0,High School,Divorced,TX,95689,Yes,No,Yes,Cellular,Unemployed,116714.0,3
C101228,34,Female,1,Post-Graduate,Divorced,GA,20319,No,No,Yes,Cellular,Unemployed,89128.0,5
C101229,46,Female,5,College,Married,NC,97225,Yes,Yes,Yes,Email,Salaried,40949.0,1
C101230,63,Female,4,Post-Graduate,Single,CA,39283,No,No,No,Cellular,Salaried,58305.0,4
C101231,31,Male,5,Graduate,Divorced,NY,96915,Yes,Yes,No,Telephone,Salaried,158768.0,4
C101232,58,Male,0,High School,Unknown,CA,28077,No,No,Yes,Cellular,Self-employed,46645.0,1
C101233,21,Female,5,Graduate,Married,FL,13544,Yes,Yes,Yes,Email,Student,39839.0,2
C101234,44,Female,3,Graduate,Unknown,MI,67901,Yes,Yes,Yes,Cellular,Salaried,62023.0,1
C101235,40,Female,1,College,Divorced,OH,77913,No,Yes,No,Cellular,Businessman,176458.0,1
C101236,28,Male,4,High School,Married,OH,10399,Yes,No,Yes,Email,Businessman,157423.0,1
C101237,28,Female,0,High School,Divorced,PA,83696,No,No,No,Email,Salaried,160721.0,2
C101238,50,Female,2,High School,Unknown,IL,63906,No,No,No,Email,Salaried,70033.0,4
C101239,38,Female,5,High School,Married,FL,30125,No,No,Yes,Email,Salaried,151267.0,3
C101240,33,Male,1,High School,Single,GA,99384,Yes,Yes,No,Email,Unemployed,128648.0,1
C101241,66,Female,5,College,Single,OH,15434,No,No,No,Email,Businessman,89142.0,2
C101242,67,Male,2,Post-Graduate,Single,MI,97367,Yes,Yes,No,Email,Government,73506.0,3
C101243,56,Male,3,Graduate,Divorced,CA,68718,Yes,Yes,No,Cellular,Student,63702.0,3
C101244,39,Female,1,High School,Married,PA,94187,No,No,No,Cellular,Government,114322.0,4
C101245,33,Male,1,Post-Graduate,Unknown,NY,62893,Yes,Yes,Yes,Cellular,Businessman,119169.0,5
C101246,61,Male,1,Post-Graduate,Unknown,FL,16815,No,No,No,Telephone,Businessman,168267.0,3
C101247,68,Male,4,Graduate,Divorced,IL,77198,No,No,No,Email,Self-employed,61809.0,1
C101248,46,Female,5,College,Divorced,GA,65145,No,No,No,Cellular,Government,63160.0,3
C101249,29,Male,4,Uneducated,Unknown,PA,20539,No,Yes,No,Email,Salaried,103060.0,5
C101250,54,Female,0,Uneducated,Married,NY,77739,No,No,No,Telephone,Retired,134074.0,5
C101251,51,Female,2,Post-Graduate,Divorced,IL,77190,No,Yes,Yes,Email,Unemployed,110482.0,4
C101252,62,Female,5,Graduate,Married,IL,76563,Yes,No,Yes,Cellular,Salaried,157863.0,2
C101253,27,Male,5,Uneducated,Unknown,PA,99757,Yes,No,No,Telephone,Businessman,133873.0,4
C101254,29,Female,0,Post-Graduate,Married,CA,26361,Yes,No,Yes,Email,Self-employed,171099.0,5
C101255,60,Male,2,College,Single,GA,80503,Yes,Yes,No,Telephone,Government,26223.0,2
C101256,46,Male,0,Uneducated,Unknown,TX,77572,Yes,Yes,Yes,Email,Self-employed,19392.0,4
C101257,53,Male,1,Post-Graduate,Single,IL,76189,No,Yes,Yes,Telephone,Student,91539.0,1
C101258,53,Male,1,Post-Graduate,Unknown,OH,41585,Yes,No,No,Cellular,Self-employed,23904.0,3
C101259,60,Female,2,High School,Single,TX,68428,No,No,No,Email,Student,153006.0,1
C101260,24,Female,1,College,Married,MI,51556,Yes,Yes,No,Email,Unemployed,143796.0,1
C101261,48,Male,0,High School,Unknown,PA,67155,Yes,No,No,Email,Government,74167.0,3
C101262,24,Female,4,Graduate,Unknown,IL,56278,No,No,Yes,Cellular,Salaried,25328.0,3
C101263,67,Female,3,High School,Single,OH,10849,Yes,No,No,Telephone,Student,69391.0,5
C101264,54,Female,5,High School,Married,MI,49803,Yes,No,Yes,Cellular,nan,149547.0,3
C101265,69,Male,5,Uneducated,Unknown,TX,91860,Yes,Yes,No,Telephone,Unemployed,130483.0,1
C101266,60,Female,0,Post-Graduate,Divorced,NY,33713,No,Yes,No,Email,Unemployed,130557.0,3
C101267,68,Male,2,College,Single,FL,62086,Yes,Yes,Yes,Telephone,Self-employed,69710.0,5
C101268,26,Female,1,High School,Unknown,TX,32976,No,Yes,No,Telephone,Self-employed,61976.0,2
C101269,53,Male,3,College,Married,FL,67833,Yes,No,No,Email,Unemployed,75840.0,4
C101270,25,Male,3,High School,Married,OH,88830,No,Yes,Yes,Email,Government,75453.0,1
C101271,39,Male,1,Graduate,Married,IL,34390,Yes,Yes,Yes,Telephone,Salaried,149873.0,3
C101272,38,Female,0,High School,Married,FL,94915,No,No,No,Email,Government,121309.0,2
C101273,23,Male,1,Uneducated,Single,PA,28755,No,Yes,Yes,Email,Student,52265.0,4
C101274,54,Female,4,Post-Graduate,Unknown,OH,85158,Yes,No,No,Telephone,Self-employed,35764.0,4
C101275,22,Male,2,Graduate,Single,IL,42200,Yes,No,Yes,Cellular,Self-employed,175150.0,4
C101276,21,Female,5,High School,Single,OH,66088,Yes,Yes,No,Cellular,Self-employed,179774.0,1
C101277,55,Male,1,College,Married,TX,60381,No,Yes,Yes,Email,Retired,27509.0,4
C101278,24,Female,0,Graduate,Divorced,OH,59473,Yes,Yes,Yes,Telephone,Self-employed,172159.0,1
C101279,55,Male,4,Graduate,Married,TX,23440,No,No,Yes,Email,Unemployed,165483.0,1
C101280,28,Male,5,High School,Divorced,PA,60089,Yes,No,No,Cellular,Self-employed,43835.0,5
C101281,64,Male,4,Graduate,Single,GA,77684,Yes,Yes,No,Cellular,Student,82464.0,4
C101282,49,Female,0,College,Married,PA,98864,No,No,No,Telephone,Student,151082.0,3
C101283,56,Male,2,Graduate,Married,MI,93953,Yes,Yes,Yes,Telephone,Unemployed,168587.0,2
C101284,34,Male,3,College,Single,TX,63575,Yes,No,Yes,Cellular,Government,38704.0,1
C101285,62,Male,4,High School,Married,IL,10242,Yes,Yes,Yes,Telephone,Businessman,91316.0,1
C101286,69,Male,5,Post-Graduate,Unknown,NC,47920,No,No,Yes,Cellular,Self-employed,98617.0,5
C101287,50,Female,0,Graduate,Divorced,GA,98604,No,No,No,Email,Self-employed,135546.0,1
C101288,27,Male,5,Post-Graduate,Divorced,PA,57886,No,Yes,Yes,Cellular,Businessman,157995.0,1
C101289,33,Male,5,College,Divorced,NC,16797,No,No,Yes,Cellular,Government,109859.0,3
C101290,42,Female,4,Graduate,Married,NY,95981,Yes,Yes,No,Telephone,Student,40951.0,1
C101291,65,Female,5,Uneducated,Unknown,NC,68802,Yes,No,No,Telephone,Self-employed,36473.0,2
C101292,22,Female,3,Post-Graduate,Married,MI,86968,Yes,Yes,Yes,Telephone,Government,56308.0,2
C101293,28,Male,5,Graduate,Divorced,MI,36737,No,Yes,Yes,Email,Businessman,59939.0,3
C101294,41,Female,0,Post-Graduate,Married,PA,93230,Yes,Yes,Yes,Telephone,Student,22420.0,5
C101295,40,Female,4,Graduate,Divorced,NC,36146,No,No,No,Email,Student,106398.0,3
C101296,31,Female,0,High School,Single,FL,34110,Yes,Yes,Yes,Telephone,Government,71869.0,2
C101297,54,Male,5,Post-Graduate,Divorced,IL,45841,No,No,Yes,Telephone,Salaried,84116.0,3
C101298,64,Male,0,Uneducated,Single,NY,61618,No,Yes,Yes,Cellular,Salaried,44873.0,3
C101299,25,Male,3,Uneducated,Single,TX,63435,Yes,No,No,Cellular,Retired,98617.0,4
C101300,68,Female,0,College,Single,CA,80081,No,Yes,Yes,Cellular,Retired,150838.0,4
C101301,50,Male,5,Graduate,Divorced,FL,14850,No,No,No,Email,Salaried,42406.0,3
C101302,53,Female,2,Post-Graduate,Unknown,NY,64157,Yes,No,No,Telephone,Unemployed,63486.0,1
C101303,32,Female,4,College,Divorced,NY,70482,No,No,No,Cellular,Businessman,35800.0,3
C101304,25,Female,1,Post-Graduate,Married,CA,93030,No,Yes,No,Telephone,Salaried,80275.0,5
C101305,21,Male,2,Graduate,Married,MI,12980,Yes,Yes,No,Cellular,Government,135469.0,3
C101306,55,Female,2,Uneducated,Unknown,NY,22209,No,No,Yes,Telephone,Student,119325.0,2
C101307,45,Female,0,High School,Unknown,FL,41432,No,No,Yes,Cellular,Government,89518.0,5
C101308,24,Male,2,Uneducated,Unknown,PA,72551,No,No,No,Cellular,Government,152716.0,2
C101309,29,Female,2,College,Single,OH,44745,Yes,Yes,No,Cellular,Self-employed,124688.0,5
C101310,69,Female,2,High School,Unknown,OH,66153,Yes,Yes,Yes,Cellular,Businessman,-1000.0,5
C101311,64,Female,0,College,Unknown,OH,50675,Yes,No,No,Cellular,Student,59276.0,2
C101312,23,Male,5,Graduate,Unknown,FL,19355,Yes,Yes,Yes,Telephone,Self-employed,47048.0,3
C101313,50,Female,2,High School,Divorced,IL,99897,No,Yes,Yes,Cellular,Unemployed,77688.0,5
C101314,40,Male,1,College,Married,TX,45051,Yes,Yes,No,Telephone,Businessman,33561.0,1
C101315,30,Male,2,Graduate,Married,CA,43542,Yes,Yes,Yes,Cellular,Student,64679.0,2
C101316,40,Female,0,Uneducated,Unknown,GA,35450,Yes,Yes,Yes,Telephone,Self-employed,49187.0,2
C101317,60,Female,5,Graduate,Married,MI,29434,Yes,No,Yes,Cellular,Retired,110776.0,3
C101318,23,Female,0,Post-Graduate,Divorced,OH,84738,No,No,No,Cellular,Salaried,34315.0,3
C101319,31,Female,3,Graduate,Married,NC,15933,No,Yes,Yes,Cellular,Government,79429.0,5
C101320,35,Male,3,Graduate,Single,MI,44513,Yes,No,Yes,Email,Retired,87355.0,2
C101321,48,Male,5,Post-Graduate,Divorced,FL,61428,No,Yes,Yes,Telephone,Salaried,19769.0,3
C101322,64,Female,5,College,Married,IL,76209,Yes,No,No,Telephone,Student,129338.0,2
C101323,55,Male,1,College,Married,IL,36813,Yes,Yes,No,Cellular,Retired,134456.0,1
C101324,27,Female,5,Graduate,Divorced,OH,96034,No,Yes,No,Cellular,Retired,20961.0,2
C101325,53,Female,4,Post-Graduate,Married,NC,39981,No,Yes,No,Cellular,Self-employed,78125.0,5
C101326,62,Female,3,Post-Graduate,Married,GA,60373,No,No,Yes,Email,Self-employed,22580.0,1
C101327,69,Female,2,Uneducated,Unknown,OH,96751,No,No,Yes,Cellular,Self-employed,26842.0,1
C101328,58,Male,0,College,Single,CA,91994,No,No,Yes,Cellular,Government,98617.0,4
C101329,39,Male,3,High School,Divorced,MI,22287,No,Yes,Yes,Telephone,Self-employed,130700.0,3
C101330,64,Female,5,College,Unknown,PA,51373,Yes,Yes,No,Email,Businessman,141003.0,1
C101331,49,Female,0,College,Married,MI,67757,No,No,No,Telephone,Businessman,33883.0,4
C101332,22,Male,2,Uneducated,Divorced,NC,56096,Yes,No,No,Email,Businessman,48512.0,5
C101333,64,Male,0,High School,Divorced,OH,34836,Yes,Yes,Yes,Email,Retired,98617.0,3
C101334,39,Male,0,Uneducated,Single,CA,43857,Yes,Yes,No,Telephone,Salaried,76651.0,2
C101335,29,Female,3,High School,Single,NC,43756,Yes,Yes,No,Telephone,Student,140102.0,2
C101336,26,Male,0,Graduate,Divorced,TX,22929,Yes,No,Yes,Email,Salaried,47913.0,2
C101337,37,Female,2,High School,Single,NC,22794,No,Yes,Yes,Email,Retired,107377.0,1
C101338,22,Female,1,Uneducated,Single,FL,32236,No,Yes,Yes,Cellular,Salaried,71440.0,3
C101339,59,Male,0,College,Married,NC,83280,Yes,Yes,No,Cellular,Government,138581.0,5
C101340,26,Female,5,High School,Single,GA,45570,Yes,Yes,Yes,Telephone,Retired,74224.0,4
C101341,34,Male,0,High School,Single,OH,91986,No,No,No,Email,Salaried,130791.0,3
C101342,69,Female,2,Post-Graduate,Unknown,FL,98889,Yes,Yes,No,Telephone,Government,83551.0,4
C101343,46,Female,4,College,Married,NC,93301,No,No,Yes,Cellular,Unemployed,154463.0,4
C101344,38,Female,2,Graduate,Married,FL,15579,No,Yes,No,Cellular,Businessman,65987.0,2
C101345,26,Female,3,Uneducated,Divorced,CA,43831,No,No,No,Cellular,Businessman,90562.0,1
C101346,32,Female,3,Graduate,Single,PA,65932,Yes,No,Yes,Email,Salaried,179249.0,1
C101347,58,Female,1,College,Unknown,FL,19337,Yes,No,No,Telephone,Salaried,160419.0,5
C101348,42,Male,0,High School,Unknown,MI,47460,Yes,No,No,Email,Unemployed,104649.0,5
C101349,34,Male,1,High School,Married,TX,32737,Yes,Yes,No,Email,Businessman,151821.0,2
C101350,33,Female,5,College,Single,IL,29207,Yes,No,Yes,Cellular,Unemployed,123177.0,4
C101351,29,Male,5,High School,Unknown,TX,39623,Yes,No,No,Cellular,Self-employed,94225.0,2
C101352,62,Female,1,High School,Divorced,NC,93345,Yes,Yes,Yes,Telephone,Businessman,58636.0,1
C101353,52,Male,0,High School,Single,PA,20820,Yes,No,Yes,Email,Unemployed,136041.0,1
C101354,30,Male,0,Uneducated,Single,TX,48692,No,No,No,Telephone,Self-employed,70603.0,2
C101355,47,Female,2,Uneducated,Single,IL,35310,Yes,Yes,Yes,Telephone,Businessman,99389.0,3
C101356,34,Male,1,Post-Graduate,Unknown,GA,59153,No,No,No,Telephone,Student,115151.0,1
C101357,29,Female,1,Graduate,Married,GA,55815,No,Yes,Yes,Telephone,Government,70207.0,5
C101358,29,Male,3,College,Married,PA,66396,No,No,Yes,Cellular,Government,138050.0,3
C101359,46,Female,5,College,Divorced,IL,88225,Yes,No,No,Telephone,Student,59680.0,2
C101360,52,Male,1,College,Unknown,IL,30048,Yes,No,Yes,Cellular,Self-employed,102509.0,3
C101361,61,Female,5,Post-Graduate,Single,CA,26160,Yes,Yes,No,Telephone,Salaried,76936.0,4
C101362,55,Male,2,Uneducated,Divorced,NY,47614,No,No,No,Cellular,Salaried,114340.0,3
C101363,46,Female,5,Post-Graduate,Divorced,FL,27280,Yes,Yes,No,Telephone,Government,113523.0,2
C101364,61,Male,4,College,Married,PA,58221,Yes,No,No,Email,Salaried,151799.0,4
C101365,65,Female,1,Graduate,Single,OH,69984,No,No,No,Email,Self-employed,72043.0,5
C101366,62,Male,2,High School,Single,CA,41492,Yes,No,Yes,Cellular,Unemployed,145072.0,5
C101367,23,Female,2,Uneducated,Unknown,GA,25765,No,No,No,Cellular,Salaried,170008.0,1
C101368,50,Male,4,Uneducated,Unknown,CA,66830,No,Yes,No,Telephone,Businessman,170785.0,3
C101369,49,Female,2,Post-Graduate,Unknown,NC,30595,No,Yes,No,Email,Student,151847.0,2
C101370,40,Female,3,Uneducated,Divorced,FL,62908,Yes,Yes,No,Telephone,Government,120486.0,5
C101371,24,Female,4,College,Single,OH,58244,No,No,Yes,Cellular,Unemployed,155657.0,5
C101372,34,Female,5,College,Married,PA,58236,No,Yes,Yes,Telephone,Salaried,134037.0,3
C101373,65,Male,5,Post-Graduate,Divorced,NC,23004,Yes,Yes,Yes,Email,Unemployed,24230.0,2
C101374,59,Male,5,College,Divorced,NY,83361,No,No,Yes,Email,Self-employed,126721.0,2
C101375,41,Male,5,Graduate,Married,OH,85812,Yes,Yes,No,Email,Salaried,154045.0,4
C101376,27,Female,5,Post-Graduate,Married,IL,22189,Yes,No,No,Email,Unemployed,97438.0,5
C101377,26,Female,5,Graduate,Unknown,OH,79222,No,No,No,Email,nan,60527.0,3
C101378,60,Female,3,High School,Married,CA,51603,Yes,Yes,No,Cellular,Businessman,145131.0,5
C101379,26,Female,1,Graduate,Married,MI,94367,Yes,Yes,No,Telephone,Retired,39874.0,3
C101380,45,Female,1,High School,Married,NC,37587,Yes,No,No,Telephone,Government,53680.0,1
C101381,24,Male,2,High School,Married,CA,66005,Yes,No,No,Telephone,Government,160198.0,3
C101382,57,Male,2,Graduate,Unknown,IL,87871,No,No,No,Cellular,Self-employed,30582.0,2
C101383,45,Male,5,Post-Graduate,Divorced,GA,41958,Yes,No,No,Cellular,Businessman,37151.0,1
C101384,38,Female,4,College,Single,CA,97849,Yes,Yes,No,Cellular,Salaried,55676.0,3
C101385,54,Female,5,College,Single,OH,57263,Yes,No,Yes,Cellular,Salaried,177884.0,5
C101386,45,Female,1,High School,Divorced,NY,34611,Yes,Yes,Yes,Telephone,Retired,122339.0,4
C101387,42,Female,0,High School,Single,OH,28311,No,No,No,Email,Unemployed,98617.0,5
C101388,66,Female,2,Post-Graduate,Single,OH,49400,No,Yes,No,Email,Retired,18914.0,1
C101389,34,Female,4,Uneducated,Divorced,NC,91709,Yes,No,Yes,Cellular,Unemployed,61210.0,1
C101390,57,Female,2,Graduate,Single,PA,57929,No,No,No,Telephone,Retired,117162.0,1
C101391,31,Male,4,High School,Single,FL,93680,Yes,Yes,No,Telephone,Self-employed,35103.0,3
C101392,47,Male,1,College,Divorced,OH,80142,No,No,No,Cellular,Businessman,100066.0,2
C101393,46,Female,2,Post-Graduate,Single,OH,12677,Yes,Yes,No,Telephone,Self-employed,97158.0,1
C101394,55,Female,5,Graduate,Married,FL,83327,Yes,No,No,Email,Student,146873.0,2
C101395,36,Female,2,Post-Graduate,Divorced,NY,38486,No,No,Yes,Cellular,Student,56544.0,1
C101396,60,Male,0,Graduate,Unknown,NC,76919,No,No,No,Telephone,Salaried,107053.0,4
C101397,40,Male,1,Graduate,Single,GA,21311,No,Yes,Yes,Telephone,Student,157228.0,5
C101398,35,Female,4,High School,Unknown,IL,70517,No,No,No,Telephone,Self-employed,28289.0,3
C101399,34,Male,0,Post-Graduate,Single,IL,20139,No,Yes,No,Cellular,Government,119359.0,4
C101400,66,Male,4,Post-Graduate,Married,CA,45414,Yes,No,No,Email,Student,130531.0,4
C101401,28,Male,2,College,Divorced,NC,46268,Yes,Yes,Yes,Telephone,Unemployed,158288.0,2
C101402,44,Female,3,College,Unknown,MI,48852,Yes,Yes,Yes,Cellular,Self-employed,20180.0,4
C101403,53,Male,2,High School,Divorced,GA,19965,Yes,No,No,Cellular,Government,103344.0,3
C101404,36,Male,1,High School,Unknown,IL,21238,No,No,Yes,Telephone,Unemployed,57293.0,1
C101405,47,Female,5,Uneducated,Single,MI,53556,No,No,Yes,Cellular,Government,66038.0,5
C101406,48,Female,4,College,Married,PA,57812,Yes,No,Yes,Email,Retired,158886.0,3
C101407,64,Male,0,Graduate,Unknown,MI,83965,Yes,Yes,No,Email,Unemployed,69857.0,5
C101408,34,Female,2,Post-Graduate,Unknown,MI,40282,No,Yes,Yes,Cellular,Retired,174520.0,4
C101409,29,Male,4,High School,Married,GA,72304,No,No,Yes,Telephone,Student,153264.0,3
C101410,66,Male,0,Post-Graduate,Married,PA,22618,No,Yes,Yes,Email,Businessman,43049.0,2
C101411,33,Female,2,Post-Graduate,Married,MI,18651,No,No,No,Telephone,Retired,29008.0,5
C101412,42,Female,3,Uneducated,Married,FL,56706,No,No,Yes,Cellular,Student,77461.0,2
C101413,50,Male,3,College,Married,TX,18377,Yes,No,Yes,Email,Student,69934.0,5
C101414,52,Female,5,High School,Divorced,OH,88826,Yes,No,No,Telephone,Businessman,106047.0,4
C101415,36,Female,2,Post-Graduate,Single,NY,10313,Yes,No,No,Cellular,Student,109442.0,5
C101416,45,Male,1,High School,Single,OH,41909,Yes,Yes,No,Telephone,Self-employed,63891.0,1
C101417,69,Male,3,Graduate,Unknown,CA,12991,No,No,Yes,Email,Businessman,34969.0,1
C101418,43,Male,4,Uneducated,Married,MI,32022,Yes,Yes,No,Cellular,Self-employed,41727.0,5
C101419,57,Male,1,Graduate,Divorced,IL,67249,Yes,No,No,Cellular,Government,28548.0,5
C101420,48,Male,1,High School,Divorced,NC,28205,Yes,No,Yes,Telephone,Businessman,126902.0,4
C101421,23,Male,2,High School,Unknown,CA,64968,Yes,No,No,Telephone,Government,98617.0,1
C101422,43,Female,4,College,Married,GA,15957,Yes,No,Yes,Cellular,Retired,46885.0,2
C101423,53,Female,4,Post-Graduate,Single,NC,78950,No,Yes,No,Email,Salaried,98617.0,3
C101424,59,Male,0,Post-Graduate,Married,NC,36612,Yes,Yes,No,Email,Unemployed,169038.0,2
C101425,45,Female,3,Graduate,Divorced,GA,15279,Yes,No,Yes,Telephone,Salaried,100773.0,3
C101426,45,Female,3,Uneducated,Married,FL,21410,No,No,Yes,Telephone,Self-employed,83670.0,3
C101427,59,Male,1,Post-Graduate,Single,OH,95193,No,No,Yes,Telephone,Government,104820.0,3
C101428,41,Female,1,College,Single,CA,18222,No,No,Yes,Email,Government,142990.0,5
C101429,51,Female,2,Graduate,Unknown,OH,62959,No,Yes,No,Email,Businessman,171870.0,1
C101430,69,Male,4,Graduate,Divorced,PA,70579,Yes,Yes,No,Telephone,Salaried,78489.0,4
C101431,50,Female,3,College,Married,IL,45562,No,No,Yes,Telephone,Self-employed,124340.0,4
C101432,59,Female,0,Uneducated,Married,CA,17056,Yes,Yes,No,Cellular,Self-employed,18383.0,4
C101433,65,Male,3,College,Unknown,GA,72689,No,Yes,Yes,Cellular,Businessman,84148.0,1
C101434,65,Female,3,Uneducated,Unknown,MI,67086,Yes,No,No,Cellular,Businessman,39181.0,5
C101435,62,Female,5,College,Unknown,CA,18993,No,Yes,Yes,Cellular,Retired,88257.0,4
C101436,54,Female,5,College,Divorced,CA,33034,No,No,Yes,Telephone,Self-employed,162707.0,5
C101437,58,Male,3,High School,Married,TX,27138,Yes,Yes,Yes,Email,Businessman,149227.0,2
C101438,27,Male,1,Graduate,Unknown,GA,75212,Yes,Yes,Yes,Email,Retired,69440.0,1
C101439,47,Female,4,College,Divorced,GA,10772,No,No,No,Cellular,Government,178235.0,2
C101440,33,Female,4,College,Married,OH,80899,Yes,Yes,Yes,Email,Self-employed,96575.0,1
C101441,49,Male,3,Post-Graduate,Single,IL,67188,Yes,Yes,Yes,Cellular,Student,166471.0,5
C101442,43,Male,4,Graduate,Unknown,GA,19408,Yes,Yes,No,Telephone,Salaried,127801.0,5
C101443,28,Female,2,Post-Graduate,Divorced,NY,53861,Yes,Yes,No,Cellular,Salaried,91461.0,2
C101444,41,Male,1,Graduate,Married,GA,33245,No,Yes,Yes,Email,Student,91140.0,1
C101445,33,Female,1,Post-Graduate,Married,NY,40340,Yes,No,No,Email,Student,77347.0,4
C101446,46,Female,4,College,Unknown,MI,63539,No,No,No,Email,Unemployed,98617.0,4
C101447,63,Male,3,College,Unknown,IL,54058,Yes,Yes,Yes,Telephone,Government,122512.0,3
C101448,30,Male,3,High School,Married,FL,63914,No,No,Yes,Cellular,Self-employed,56254.0,2
C101449,49,Female,5,Post-Graduate,Divorced,CA,84379,No,Yes,Yes,Telephone,Businessman,132807.0,5
C101450,47,Female,3,Uneducated,Single,IL,94034,No,Yes,No,Telephone,Salaried,106808.0,2
C101451,24,Male,4,High School,Married,OH,85136,No,No,No,Cellular,Student,176701.0,4
C101452,62,Female,3,Post-Graduate,Divorced,CA,51362,Yes,Yes,No,Email,Unemployed,43263.0,3
C101453,51,Male,5,Post-Graduate,Unknown,NY,56080,Yes,No,Yes,Email,Self-employed,32536.0,1
C101454,37,Male,5,High School,Married,NC,62496,No,Yes,Yes,Email,Businessman,90461.0,4
C101455,28,Male,4,College,Unknown,IL,34066,Yes,Yes,No,Email,Unemployed,125586.0,4
C101456,57,Male,0,Post-Graduate,Single,OH,64752,Yes,No,Yes,Telephone,Salaried,79085.0,2
C101457,40,Male,5,College,Unknown,NY,57480,No,Yes,No,Cellular,Self-employed,157379.0,1
C101458,67,Female,4,High School,Single,OH,49418,Yes,No,No,Cellular,Salaried,65098.0,4
C101459,30,Male,2,College,Unknown,OH,64448,Yes,No,Yes,Cellular,Government,67856.0,3
C101460,64,Male,3,Graduate,Unknown,OH,45798,Yes,Yes,Yes,Telephone,Unemployed,67476.0,5
C101461,54,Male,3,Uneducated,Single,IL,90932,Yes,Yes,No,Email,Salaried,75349.0,4
C101462,59,Male,1,Post-Graduate,Unknown,NC,62331,No,No,Yes,Email,Government,130723.0,2
C101463,31,Male,5,Uneducated,Divorced,NY,39096,No,Yes,Yes,Cellular,Government,35453.0,4
C101464,67,Male,4,College,Unknown,FL,54413,Yes,Yes,Yes,Email,Government,57977.0,2
C101465,32,Male,0,Post-Graduate,Married,NY,50684,No,No,Yes,Telephone,Businessman,51822.0,1
C101466,30,Female,3,College,Unknown,GA,38420,No,Yes,Yes,Email,Retired,143935.0,4
C101467,33,Female,1,Graduate,Divorced,CA,35755,No,Yes,Yes,Email,Businessman,37302.0,3
C101468,54,Female,4,High School,Married,NC,26873,No,No,No,Email,Government,177007.0,4
C101469,50,Female,1,Post-Graduate,Divorced,IL,46305,Yes,Yes,Yes,Cellular,Self-employed,83077.0,5
C101470,35,Male,0,Graduate,Married,TX,42877,Yes,Yes,No,Telephone,Retired,37844.0,3
C101471,28,Female,4,Graduate,Unknown,FL,46262,Yes,Yes,No,Cellular,Retired,79845.0,5
C101472,58,Male,3,Post-Graduate,Divorced,CA,57736,No,Yes,No,Telephone,Government,90670.0,4
C101473,56,Female,4,College,Unknown,TX,66025,Yes,Yes,Yes,Cellular,Unemployed,134600.0,3
C101474,60,Female,3,Graduate,Married,GA,62369,Yes,Yes,No,Telephone,Self-employed,101956.0,3
C101475,42,Male,2,Uneducated,Divorced,NY,12383,Yes,No,Yes,Telephone,Salaried,153237.0,5
C101476,25,Male,3,Graduate,Single,NY,21888,No,Yes,No,Cellular,Businessman,170382.0,1
C101477,52,Female,1,College,Divorced,NC,72069,Yes,Yes,No,Cellular,Self-employed,171277.0,5
C101478,40,nan,0,College,Unknown,IL,82216,No,Yes,No,Email,Retired,44407.0,3
C101479,43,Female,4,Uneducated,Single,IL,80080,No,No,Yes,Telephone,Self-employed,62133.0,4
C101480,60,Female,2,Graduate,Single,CA,41807,No,Yes,No,Telephone,Self-employed,95544.0,4
C101481,66,Male,2,College,Married,PA,66038,No,No,No,Telephone,Student,170887.0,1
C101482,69,Female,2,Post-Graduate,Single,GA,67832,No,No,Yes,Telephone,Businessman,18055.0,4
C101483,22,Female,1,High School,Single,PA,20858,Yes,No,No,Telephone,Student,147532.0,3
C101484,39,Female,3,High School,Married,OH,63429,No,No,No,Email,Salaried,47696.0,4
C101485,46,Female,2,High School,Divorced,FL,82010,No,No,No,Email,Self-employed,139854.0,3
C101486,56,Female,0,Graduate,Unknown,NY,34545,No,Yes,No,Email,Businessman,122685.0,4
C101487,34,Male,0,Uneducated,Divorced,CA,70872,Yes,Yes,No,Telephone,Retired,39713.0,1
C101488,27,Male,4,College,Single,PA,23479,Yes,Yes,No,Cellular,Businessman,111926.0,4
C101489,36,Male,0,Post-Graduate,Unknown,NC,45375,Yes,Yes,Yes,Cellular,Businessman,128699.0,2
C101490,30,Male,3,Post-Graduate,Divorced,MI,61136,Yes,No,No,Telephone,Self-employed,116478.0,2
C101491,63,Male,3,Graduate,Unknown,IL,77116,No,No,Yes,Email,Retired,109253.0,3
C101492,42,Female,2,High School,Single,NY,92960,No,No,Yes,Cellular,Government,136118.0,3
C101493,46,Male,3,Graduate,Divorced,CA,41216,Yes,No,Yes,Cellular,Unemployed,145114.0,4
C101494,25,Male,3,Uneducated,Unknown,TX,44850,No,No,Yes,Email,Government,69906.0,2
C101495,32,Female,2,Uneducated,Unknown,FL,22206,Yes,No,No,Telephone,Government,164972.0,4
C101496,44,Male,4,College,Divorced,OH,76502,Yes,Yes,No,Telephone,Student,153939.0,3
C101497,44,Male,3,College,Divorced,NC,12615,Yes,Yes,Yes,Telephone,Self-employed,174126.0,5
C101498,35,Male,3,Uneducated,Single,GA,55944,No,Yes,Yes,Telephone,Salaried,72922.0,2
C101499,44,Male,1,Uneducated,Married,NC,93709,Yes,Yes,No,Telephone,Student,174238.0,2
C101500,44,Female,4,Uneducated,Unknown,OH,72834,Yes,No,No,Cellular,Businessman,20638.0,5
C101501,62,Female,2,Graduate,Divorced,MI,12122,No,No,No,Email,Government,104687.0,5
C101502,46,Male,1,Uneducated,Divorced,GA,48424,No,No,Yes,Cellular,Businessman,33004.0,2
C101503,54,Female,5,Post-Graduate,Divorced,GA,59051,No,Yes,Yes,Cellular,Student,177973.0,2
C101504,38,Male,1,High School,Unknown,CA,47487,No,Yes,Yes,Cellular,Retired,24694.0,2
C101505,63,Female,4,Uneducated,Single,NC,52226,No,Yes,No,Email,Government,85466.0,3
C101506,57,Female,3,High School,Married,NY,22745,No,Yes,Yes,Cellular,Self-employed,27370.0,2
C101507,26,Female,2,Graduate,Unknown,OH,40960,Yes,Yes,Yes,Cellular,Government,79719.0,1
C101508,65,Female,4,High School,Single,MI,57775,No,Yes,No,Telephone,Government,36212.0,2
C101509,45,Female,1,Graduate,Unknown,MI,66575,No,No,No,Email,Retired,49552.0,5
C101510,37,Female,0,Post-Graduate,Unknown,IL,28963,No,Yes,No,Telephone,Government,92527.0,1
C101511,36,Female,2,Graduate,Divorced,FL,13926,Yes,Yes,No,Telephone,Student,69764.0,5
C101512,49,Female,0,Graduate,Single,CA,93848,No,Yes,No,Cellular,Government,139761.0,5
C101513,21,Female,5,College,Divorced,CA,53142,Yes,No,Yes,Telephone,Retired,138529.0,4
C101514,65,Female,5,Uneducated,Divorced,TX,95663,Yes,Yes,Yes,Cellular,Student,72940.0,2
C101515,62,Female,3,Uneducated,Single,CA,69123,Yes,Yes,No,Telephone,Businessman,89864.0,2
C101516,65,Male,4,Post-Graduate,Divorced,GA,15731,Yes,No,Yes,Email,Self-employed,32942.0,2
C101517,40,Female,3,Post-Graduate,Divorced,TX,14402,No,Yes,No,Email,Government,133658.0,5
C101518,46,Male,4,Uneducated,Married,MI,89720,No,Yes,Yes,Telephone,Student,171668.0,1
C101519,41,Female,1,College,Single,NY,31754,No,No,No,Cellular,Government,29965.0,2
C101520,47,Male,3,Uneducated,Single,PA,61741,No,No,No,Cellular,Government,60581.0,2
C101521,56,Male,0,College,nan,FL,65573,No,Yes,Yes,Cellular,Retired,75868.0,1
C101522,55,Male,1,Post-Graduate,Divorced,FL,33721,No,No,No,Telephone,Government,95565.0,1
C101523,36,Female,4,High School,Single,NY,11221,Yes,No,No,Cellular,Salaried,71579.0,2
C101524,49,Female,1,Post-Graduate,Single,NY,61800,Yes,Yes,No,Telephone,Self-employed,88275.0,4
C101525,27,Female,0,Post-Graduate,Unknown,PA,87135,No,No,Yes,Email,Self-employed,64589.0,2
C101526,27,Female,2,Graduate,Single,IL,84168,No,No,Yes,Cellular,Student,40147.0,2
C101527,54,Male,4,Graduate,Unknown,NC,78380,No,Yes,No,Telephone,Businessman,73965.0,5
C101528,68,Female,2,Graduate,Divorced,FL,46002,No,No,Yes,Cellular,Businessman,172688.0,3
C101529,25,Female,1,Graduate,Married,IL,20296,No,Yes,Yes,Telephone,Businessman,25868.0,2
C101530,28,Female,5,College,Married,CA,91869,No,No,No,Cellular,Government,174062.0,5
C101531,28,Female,5,Uneducated,Unknown,NY,83911,Yes,No,Yes,Email,Retired,70208.0,3
C101532,63,Female,3,High School,Divorced,TX,74428,Yes,Yes,No,Telephone,Student,119801.0,5
C101533,49,Female,5,Post-Graduate,Divorced,IL,21680,No,No,No,Telephone,Unemployed,149505.0,5
C101534,30,Female,4,College,Divorced,IL,42636,No,No,No,Email,Government,176998.0,4
C101535,21,Female,1,High School,Single,FL,72678,No,No,No,Email,Retired,47645.0,1
C101536,58,Male,4,College,Divorced,MI,90899,Yes,No,Yes,Cellular,Salaried,132914.0,1
C101537,48,Male,0,College,Single,TX,71765,Yes,No,No,Telephone,Student,114464.0,5
C101538,27,Female,1,Post-Graduate,Unknown,NC,21250,Yes,Yes,Yes,Telephone,Student,142319.0,1
C101539,37,Female,3,Uneducated,Married,CA,37403,Yes,No,Yes,Cellular,Retired,132743.0,2
C101540,68,Female,4,Graduate,Unknown,PA,49088,Yes,Yes,Yes,Cellular,Unemployed,33459.0,4
C101541,66,Female,5,Uneducated,Divorced,OH,83525,No,No,No,Telephone,Student,109734.0,4
C101542,44,Male,3,Post-Graduate,Divorced,MI,50248,No,No,No,Email,Retired,149361.0,1
C101543,55,Male,3,nan,Unknown,FL,92869,Yes,Yes,No,Cellular,Salaried,164926.0,1
C101544,29,Female,0,Post-Graduate,Single,MI,19370,No,No,No,Telephone,Student,91445.0,4
C101545,62,Male,5,High School,Single,TX,92313,Yes,No,No,Cellular,Unemployed,31992.0,5
C101546,23,Male,2,Uneducated,Single,GA,19580,Yes,No,No,Email,Retired,136054.0,5
C101547,64,Female,1,Uneducated,Married,NC,42715,Yes,No,No,Telephone,Retired,24953.0,5
C101548,24,Female,2,College,Married,CA,42449,No,Yes,Yes,Telephone,Salaried,166289.0,2
C101549,52,Female,2,College,Divorced,MI,61558,No,Yes,Yes,Telephone,Businessman,145485.0,5
C101550,64,Male,0,College,Unknown,NC,77565,No,No,No,Email,Retired,176355.0,5
C101551,33,Male,3,Post-Graduate,Unknown,OH,23368,No,Yes,No,Cellular,Retired,141149.0,1
C101552,44,Female,3,Uneducated,Divorced,CA,28335,No,Yes,Yes,Email,Student,158453.0,3
C101553,27,Female,1,Post-Graduate,Single,OH,65234,Yes,No,yes,Email,Government,169332.0,5
C101554,39,Male,0,High School,Married,IL,97229,Yes,No,Yes,Email,Self-employed,175476.0,5
C101555,47,Male,4,College,Unknown,MI,40290,Yes,Yes,Yes,Telephone,Salaried,112579.0,3
C101556,47,Female,3,Post-Graduate,Divorced,OH,80672,No,Yes,No,Email,Businessman,160727.0,5
C101557,38,Male,1,Post-Graduate,Single,NC,90059,No,Yes,No,Telephone,Unemployed,58412.0,3
C101558,50,Female,4,High School,Single,GA,68090,No,Yes,Yes,Telephone,Businessman,42468.0,3
C101559,48,Female,5,Graduate,Married,PA,30433,Yes,Yes,Yes,Cellular,Self-employed,123894.0,5
C101560,49,Male,2,Uneducated,Married,NY,37824,Yes,Yes,No,Cellular,Student,156159.0,2
C101561,29,Male,0,Graduate,Divorced,GA,34099,Yes,No,Yes,Email,Unemployed,128225.0,5
C101562,59,Male,4,College,Divorced,FL,98035,No,No,No,Telephone,Government,95522.0,2
C101563,59,Female,3,Post-Graduate,Single,GA,13515,No,Yes,No,Telephone,Self-employed,139289.0,5
C101564,41,Female,5,High School,Single,OH,14312,Yes,No,No,Cellular,Student,47576.0,2
C101565,65,Female,1,High School,Unknown,FL,15413,Yes,No,No,Telephone,Retired,133741.0,5
C101566,58,Female,1,Uneducated,nan,GA,20270,Yes,Yes,Yes,Email,Unemployed,137125.0,4
C101567,27,Female,5,nan,Divorced,NY,24674,Yes,Yes,No,Telephone,Student,107402.0,4
C101568,65,Female,0,Uneducated,Married,NC,60395,No,Yes,No,Email,Salaried,102022.0,3
C101569,45,Male,2,Post-Graduate,Divorced,PA,87200,Yes,No,Yes,Cellular,Government,75541.0,1
C101570,46,Female,3,Uneducated,Unknown,OH,30329,No,Yes,Yes,Cellular,Government,75276.0,4
C101571,26,Female,2,High School,Unknown,MI,37695,No,No,Yes,Telephone,Salaried,110356.0,4
C101572,69,Female,0,High School,Married,CA,60972,No,No,No,Telephone,Student,56189.0,5
C101573,40,Female,0,College,Divorced,TX,55097,No,Yes,Yes,Cellular,Student,178721.0,1
C101574,38,Male,2,College,Unknown,MI,19469,No,No,Yes,Email,Unemployed,144941.0,5
C101575,40,Female,4,Post-Graduate,Divorced,IL,85565,Yes,Yes,No,Email,Government,42774.0,5
C101576,60,Male,4,Graduate,Unknown,OH,39025,No,Yes,Yes,Email,Government,141749.0,3
C101577,38,Male,0,Uneducated,Married,CA,42969,Yes,No,Yes,Cellular,Government,157049.0,5
C101578,67,Female,4,Post-Graduate,Unknown,NC,60624,Yes,Yes,Yes,Cellular,Government,91652.0,5
C101579,21,Female,4,College,Divorced,IL,20893,No,Yes,Yes,Cellular,Student,138850.0,3
C101580,53,Male,5,Uneducated,Divorced,TX,54203,Yes,Yes,No,Telephone,Government,144455.0,5
C101581,59,Male,1,College,Unknown,OH,15230,Yes,Yes,No,Cellular,Retired,76047.0,1
C101582,68,Female,2,Uneducated,Single,MI,16005,Yes,Yes,No,Email,Student,83994.0,3
C101583,43,Male,1,Graduate,Married,GA,78884,Yes,Yes,Yes,Email,Salaried,125920.0,4
C101584,34,Female,1,Post-Graduate,Married,MI,17282,No,No,Yes,Cellular,Retired,84314.0,5
C101585,48,Female,5,Uneducated,Unknown,MI,82895,Yes,Yes,Yes,Cellular,Businessman,64718.0,1
C101586,41,Male,0,High School,Unknown,TX,27921,Yes,No,No,Email,Salaried,45483.0,2
C101587,64,Female,5,High School,Single,OH,27953,No,Yes,Yes,Cellular,Salaried,127449.0,3
C101588,57,Female,0,Uneducated,Married,OH,53705,No,Yes,No,Telephone,Self-employed,124464.0,3
C101589,27,Female,0,Uneducated,Single,FL,73697,No,No,No,Cellular,Salaried,83530.0,5
C101590,32,Male,1,Uneducated,Married,MI,58578,No,No,Yes,Email,Unemployed,61831.0,5
C101591,57,Male,3,High School,Unknown,NC,55494,No,Yes,Yes,Email,Self-employed,39882.0,3
C101592,59,Male,1,High School,Married,CA,67590,Yes,Yes,Yes,Cellular,Self-employed,100583.0,5
C101593,48,Female,5,Uneducated,Married,CA,17333,No,No,No,Email,Self-employed,33531.0,5
C101594,27,Male,1,College,Married,IL,96264,Yes,No,Yes,Cellular,Retired,81129.0,1
C101595,65,Male,5,College,Single,TX,73733,No,No,Yes,Email,Salaried,135574.0,1
C101596,37,Male,1,Graduate,Single,MI,28404,Yes,No,Yes,Email,Businessman,157083.0,1
C101597,57,Female,4,Post-Graduate,Married,NC,41489,Yes,Yes,Yes,Email,Unemployed,34358.0,4
C101598,34,Female,5,College,Divorced,IL,34542,No,No,Yes,Cellular,Retired,159035.0,3
C101599,63,Male,4,High School,Single,OH,72657,Yes,Yes,No,Cellular,Self-employed,132979.0,3
C101600,24,Male,0,College,Unknown,CA,84365,No,No,Yes,Cellular,Unemployed,111200.0,5
C101601,42,Male,1,Graduate,Unknown,NY,92045,Yes,Yes,No,Telephone,Government,162350.0,5
C101602,69,Female,1,Graduate,Married,FL,15689,No,No,No,Telephone,Government,126305.0,3
C101603,37,Male,0,Post-Graduate,Unknown,NC,92117,Yes,Yes,Yes,Telephone,Student,63663.0,5
C101604,55,Female,2,College,Single,IL,61414,Yes,No,No,Email,Government,33292.0,1
C101605,66,Female,3,High School,Divorced,IL,20769,No,No,No,Email,Government,147830.0,2
C101606,52,Female,5,High School,Divorced,NC,71831,No,No,Yes,Cellular,Self-employed,61657.0,4
C101607,58,Male,3,Uneducated,Divorced,GA,38359,No,No,No,Email,Retired,67371.0,1
C101608,51,Male,2,High School,Unknown,NY,18460,No,Yes,No,Telephone,Salaried,18757.0,1
C101609,45,Female,0,Post-Graduate,Married,OH,27623,No,No,No,Telephone,Retired,130289.0,5
C101610,30,Female,2,Post-Graduate,Unknown,CA,95680,No,No,No,Cellular,Retired,82264.0,4
C101611,69,Female,3,High School,Married,MI,96455,No,No,Yes,Email,Unemployed,50940.0,2
C101612,22,Female,2,High School,Divorced,NC,47686,No,Yes,No,Email,Government,90611.0,2
C101613,47,Male,1,Uneducated,Single,TX,85336,No,Yes,Yes,Telephone,Salaried,160984.0,5
C101614,32,Male,4,High School,Unknown,NY,31519,No,No,No,Cellular,Businessman,82744.0,4
C101615,36,Female,1,Uneducated,Single,FL,47918,Yes,Yes,No,Telephone,Unemployed,158014.0,1
C101616,36,Female,3,Uneducated,Divorced,FL,21413,Yes,Yes,Yes,Email,Retired,67236.0,1
C101617,23,Female,5,High School,Married,TX,81996,No,Yes,No,Telephone,Retired,135708.0,3
C101618,45,Male,5,Graduate,Single,NY,35224,No,No,No,Telephone,Government,30311.0,1
C101619,38,Female,5,Graduate,Unknown,IL,85640,Yes,Yes,Yes,Email,Businessman,89394.0,2
C101620,59,Male,4,Uneducated,Single,FL,82612,No,Yes,Yes,Email,Unemployed,97330.0,2
C101621,62,Female,4,High School,Single,IL,46378,Yes,No,Yes,Email,Businessman,155532.0,4
C101622,60,Male,2,Graduate,Unknown,GA,46436,Yes,No,Yes,Telephone,Student,107028.0,1
C101623,52,Male,1,High School,Married,NY,62347,Yes,No,Yes,Telephone,Salaried,153956.0,1
C101624,69,Female,5,High School,Unknown,NC,45654,Yes,Yes,Yes,Telephone,Salaried,137043.0,1
C101625,23,Male,2,High School,Divorced,MI,71090,Yes,No,Yes,Cellular,Student,79152.0,2
C101626,28,Male,3,College,Married,CA,57164,No,Yes,Yes,Cellular,Unemployed,145587.0,2
C101627,25,Male,4,High School,Single,GA,82855,Yes,Yes,No,Email,Self-employed,173193.0,5
C101628,40,Male,2,College,Unknown,IL,55793,No,No,Yes,Cellular,Unemployed,22340.0,3
C101629,64,Female,4,Uneducated,Divorced,NY,31117,Yes,No,No,Email,Student,125596.0,1
C101630,45,Female,1,Graduate,Unknown,GA,42425,Yes,No,No,Telephone,Unemployed,152591.0,5
C101631,45,Female,5,Graduate,Married,IL,42090,Yes,No,No,Email,Retired,178251.0,4
C101632,48,Female,3,Graduate,Divorced,MI,90965,No,No,Yes,Telephone,Student,90921.0,1
C101633,43,Female,1,Graduate,Single,MI,71178,Yes,No,Yes,Email,Student,172490.0,1
C101634,44,Male,2,Graduate,Married,TX,25917,Yes,Yes,No,Cellular,Businessman,139479.0,5
C101635,30,nan,2,Graduate,Divorced,OH,89933,No,No,Yes,Telephone,Unemployed,31940.0,3
C101636,30,Male,0,Graduate,Married,FL,59569,No,Yes,Yes,Telephone,Unemployed,163467.0,4
C101637,53,Male,1,Uneducated,Single,MI,37097,Yes,Yes,Yes,Telephone,Salaried,173901.0,4
C101638,29,Female,3,High School,Divorced,PA,48580,Yes,Yes,Yes,Cellular,Self-employed,111525.0,4
C101639,38,Female,5,Post-Graduate,Unknown,MI,49279,Yes,Yes,No,Cellular,Government,76225.0,2
C101640,23,Male,4,College,Unknown,GA,51216,No,Yes,Yes,Cellular,Government,178776.0,3
C101641,53,Female,0,Post-Graduate,Single,CA,34936,Yes,Yes,No,Telephone,Government,156824.0,1
C101642,30,Male,3,Post-Graduate,Divorced,NY,53027,No,No,Yes,Email,Self-employed,25039.0,3
C101643,47,Male,5,High School,Single,GA,17878,Yes,Yes,No,Email,Government,73824.0,3
C101644,55,Female,1,High School,Single,OH,76182,No,Yes,No,Cellular,Self-employed,98390.0,3
C101645,38,Female,4,High School,Married,MI,32969,No,Yes,Yes,Email,Government,132482.0,3
C101646,27,Female,3,Graduate,Unknown,NC,30343,Yes,No,Yes,Telephone,Government,156721.0,3
C101647,27,Female,0,Uneducated,Single,NY,55459,Yes,Yes,No,Telephone,Self-employed,151007.0,2
C101648,42,Female,5,Graduate,Married,GA,44941,No,Yes,No,Cellular,Salaried,55304.0,5
C101649,30,Female,5,Uneducated,Single,PA,54212,Yes,No,Yes,Cellular,Retired,92587.0,3
C101650,47,Female,4,Uneducated,Single,CA,19129,No,No,Yes,Email,Retired,171880.0,1
C101651,65,Male,1,Post-Graduate,Single,FL,67176,No,No,Yes,Email,Self-employed,66014.0,3
C101652,24,Female,4,Post-Graduate,Unknown,NY,73871,Yes,Yes,Yes,Email,Self-employed,102239.0,4
C101653,32,Male,1,Uneducated,Divorced,OH,61856,No,No,No,Cellular,Student,167797.0,4
C101654,23,Male,2,Uneducated,Unknown,NC,63811,Yes,No,Yes,Cellular,Businessman,36773.0,4
C101655,68,Female,2,Graduate,Married,PA,86677,No,No,Yes,Cellular,Unemployed,98471.0,4
C101656,63,Male,1,Graduate,Divorced,FL,34692,Yes,Yes,Yes,Telephone,Businessman,35878.0,3
C101657,23,Female,3,Post-Graduate,Married,IL,83811,Yes,No,No,Email,Salaried,25205.0,4
C101658,45,Male,0,High School,Single,CA,20686,Yes,Yes,Yes,Cellular,Salaried,20070.0,2
C101659,46,Male,2,Uneducated,Divorced,FL,24531,No,Yes,No,Cellular,Salaried,135336.0,3
C101660,60,Male,3,Graduate,Married,MI,96075,YES,No,Yes,Cellular,Businessman,92161.0,5
C101661,27,Female,4,Post-Graduate,Single,TX,74348,No,Yes,No,Email,Salaried,33244.0,4
C101662,66,Male,2,Graduate,Married,NC,68601,No,Yes,No,Email,Retired,148912.0,3
C101663,54,Male,5,Uneducated,Married,PA,99936,Yes,Yes,Yes,Telephone,Salaried,114249.0,2
C101664,30,Male,5,Uneducated,Unknown,FL,93906,No,No,No,Telephone,Unemployed,27091.0,1
C101665,23,Female,3,College,Single,TX,14910,Yes,Yes,No,Telephone,Self-employed,107716.0,3
C101666,48,Male,0,High School,Unknown,FL,39030,No,No,Yes,Telephone,Retired,77838.0,5
C101667,31,Female,5,College,Divorced,GA,49890,No,Yes,No,Cellular,Retired,52515.0,1
C101668,52,Male,4,Post-Graduate,Single,IL,80167,Yes,No,Yes,Telephone,Self-employed,66604.0,4
C101669,28,Male,2,Graduate,Unknown,CA,77879,Yes,Yes,Yes,Cellular,Unemployed,121374.0,3
C101670,40,Male,5,Post-Graduate,Unknown,IL,42667,No,Yes,Yes,Cellular,Businessman,63949.0,4
C101671,25,Female,2,Uneducated,Divorced,GA,61129,Yes,No,No,Email,Self-employed,32645.0,1
C101672,61,Male,0,College,Married,FL,59708,Yes,Yes,No,Cellular,Salaried,72732.0,2
C101673,33,Male,1,College,Married,NY,80380,No,No,No,Email,Self-employed,86237.0,5
C101674,31,Male,5,College,Married,TX,68438,Yes,No,No,Telephone,Retired,45195.0,3
C101675,54,Male,2,Post-Graduate,Divorced,NC,11943,No,Yes,Yes,Telephone,Student,99211.0,1
C101676,64,Female,1,Uneducated,Unknown,OH,65842,Yes,No,No,Email,Self-employed,45072.0,1
C101677,23,Male,0,Graduate,Single,TX,32041,Yes,Yes,Yes,Email,Businessman,19600.0,3
C101678,35,Male,5,Graduate,Divorced,IL,66203,No,No,No,Telephone,Salaried,153070.0,3
C101679,53,Male,0,Post-Graduate,Married,TX,87360,No,No,No,Cellular,Retired,72134.0,4
C101680,63,Male,5,College,Married,MI,89718,Yes,No,No,Cellular,Retired,31280.0,3
C101681,30,Female,3,High School,Single,FL,75674,Yes,Yes,Yes,Email,Salaried,148414.0,3
C101682,23,Male,2,Post-Graduate,Divorced,GA,43674,No,Yes,Yes,Cellular,Businessman,105744.0,1
C101683,66,Male,4,Post-Graduate,Married,TX,42018,Yes,Yes,Yes,Cellular,Self-employed,98102.0,4
C101684,68,Female,5,Uneducated,Divorced,TX,55042,Yes,Yes,Yes,Telephone,Unemployed,87013.0,4
C101685,61,Male,4,Graduate,Unknown,GA,13260,Yes,No,No,Email,Salaried,166604.0,5
C101686,34,Male,5,Post-Graduate,Divorced,MI,28761,Yes,Yes,No,Telephone,Salaried,21009.0,5
C101687,53,Male,0,Post-Graduate,Unknown,MI,63293,No,Yes,No,Cellular,Student,140197.0,5
C101688,53,Female,4,College,Single,OH,33402,Yes,No,No,Cellular,Businessman,90136.0,5
C101689,56,Male,4,College,Unknown,OH,24217,No,Yes,Yes,Telephone,Retired,36435.0,4
C101690,43,Female,5,High School,Unknown,MI,94004,No,Yes,Yes,Cellular,Retired,127937.0,1
C101691,21,Female,4,Uneducated,Single,NY,32936,Yes,No,Yes,Cellular,Unemployed,149288.0,5
C101692,47,Female,3,High School,Married,OH,97976,No,Yes,No,Telephone,Self-employed,97054.0,5
C101693,52,Female,3,College,Single,MI,49554,Yes,Yes,No,Cellular,Self-employed,157735.0,4
C101694,41,Female,5,Graduate,Divorced,MI,83092,Yes,Yes,No,Telephone,Salaried,66743.0,2
C101695,64,Female,0,College,Single,TX,80374,No,Yes,No,Email,Government,173290.0,1
C101696,40,Female,5,Uneducated,Divorced,OH,53687,No,Yes,No,Cellular,Student,89386.0,1
C101697,47,Male,4,College,Married,FL,30269,No,No,No,Cellular,Student,85500.0,1
C101698,56,Male,0,Uneducated,Divorced,GA,32682,Yes,Yes,No,Telephone,Student,172300.0,2
C101699,61,Female,0,Uneducated,Single,GA,52428,Yes,Yes,Yes,Email,Retired,90037.0,5
C101700,52,Female,0,Uneducated,Single,PA,42965,Yes,Yes,Yes,Cellular,Salaried,80685.0,5
C101701,59,Female,3,Uneducated,Married,TX,91988,No,Yes,No,Cellular,Businessman,23885.0,1
C101702,49,Female,3,Uneducated,Single,PA,90726,No,Yes,No,Email,Businessman,53076.0,2
C101703,66,Female,2,Graduate,Married,PA,60917,No,Yes,No,Cellular,Student,22433.0,2
C101704,43,Female,5,High School,Married,TX,56198,No,Yes,No,Telephone,Retired,122025.0,4
C101705,55,Male,4,Post-Graduate,Single,FL,29231,No,Yes,Yes,Email,Government,58758.0,4
C101706,35,Male,5,High School,Unknown,NY,32911,Yes,No,Yes,Email,Unemployed,117073.0,5
C101707,63,Female,1,Uneducated,Divorced,CA,25358,Yes,Yes,No,Cellular,Unemployed,144814.0,5
C101708,30,nan,3,Graduate,Unknown,NY,37908,No,Yes,Yes,Email,Retired,136680.0,5
C101709,35,Female,5,College,Married,OH,67051,No,Yes,Yes,Email,Government,160588.0,1
C101710,45,Male,5,Graduate,Divorced,MI,78809,No,No,No,Email,Self-employed,147183.0,1
C101711,37,Female,1,Uneducated,Unknown,IL,88373,No,Yes,Yes,Cellular,Government,26633.0,4
C101712,51,Male,4,Graduate,Single,NC,71558,Yes,No,No,Email,Student,123139.0,5
C101713,31,Male,4,Graduate,Unknown,TX,59666,No,Yes,No,Cellular,Self-employed,49945.0,5
C101714,40,Male,3,Uneducated,Divorced,NY,88513,No,Yes,No,Email,Student,172044.0,4
C101715,51,Female,1,Graduate,Divorced,FL,44023,No,Yes,No,Telephone,Retired,171059.0,1
C101716,36,Female,5,Post-Graduate,Divorced,NY,54817,Yes,Yes,Yes,Email,Retired,32539.0,1
C101717,56,Male,0,Post-Graduate,Divorced,OH,31521,Yes,No,No,Email,Businessman,138509.0,4
C101718,59,Male,0,Graduate,Unknown,MI,32000,No,No,No,Email,Student,158302.0,2
C101719,31,Male,5,College,Single,PA,30392,Yes,Yes,Yes,Telephone,Self-employed,119933.0,3
C101720,40,Male,3,Uneducated,Single,GA,94275,No,Yes,No,Email,Student,39574.0,3
C101721,46,Female,1,Post-Graduate,Divorced,IL,63618,No,Yes,Yes,Telephone,Salaried,70695.0,4
C101722,69,Male,3,College,Single,NY,27880,No,Yes,Yes,Telephone,Retired,25565.0,2
C101723,46,Female,0,Graduate,Unknown,FL,97501,Yes,No,No,Telephone,Self-employed,165693.0,4
C101724,62,Male,4,College,Single,CA,96906,No,Yes,No,Cellular,Government,40902.0,5
C101725,67,Female,3,High School,Married,NY,13630,No,No,Yes,Cellular,Businessman,149909.0,2
C101726,26,Male,0,Post-Graduate,Single,FL,74370,Yes,No,Yes,Telephone,Government,79361.0,5
C101727,65,Female,4,Graduate,Divorced,PA,89213,Yes,No,No,Cellular,Student,169597.0,4
C101728,55,Female,5,Uneducated,Single,FL,16783,No,Yes,No,Telephone,Government,18071.0,1
C101729,28,Female,3,Graduate,Single,FL,70878,No,Yes,No,Cellular,Self-employed,118663.0,5
C101730,27,Male,3,Uneducated,Single,MI,18407,Yes,No,No,Cellular,Salaried,128219.0,1
C101731,57,Female,0,Graduate,Single,MI,79169,Yes,No,No,Email,Government,158228.0,1
C101732,36,Male,0,College,Married,NY,21665,Yes,No,No,Cellular,Student,75932.0,4
C101733,29,Female,4,College,Unknown,NC,46542,No,Yes,No,Cellular,Government,136034.0,4
C101734,31,Female,2,College,Divorced,MI,64539,No,Yes,No,Email,Government,137071.0,3
C101735,41,Male,4,High School,Divorced,GA,57059,Yes,No,Yes,Telephone,Unemployed,164929.0,5
C101736,66,Female,3,Uneducated,Single,GA,23948,Yes,Yes,Yes,Email,Self-employed,129141.0,1
C101737,27,Female,3,College,Unknown,IL,97533,No,Yes,Yes,Cellular,Unemployed,145420.0,5
C101738,32,Male,3,High School,Single,TX,48764,Yes,Yes,Yes,Cellular,Unemployed,91253.0,5
C101739,60,Female,5,Uneducated,Married,PA,44523,No,No,No,Telephone,Student,143437.0,4
C101740,41,Female,0,Graduate,Unknown,NC,32525,No,Yes,No,Cellular,Unemployed,125343.0,5
C101741,25,Female,3,High School,Unknown,GA,55372,No,Yes,No,Email,Student,83035.0,3
C101742,26,Female,3,Post-Graduate,Unknown,OH,71911,Yes,No,Yes,Telephone,Salaried,118708.0,2
C101743,63,Male,4,High School,Unknown,GA,19825,No,No,Yes,Email,Unemployed,98941.0,1
C101744,46,Female,0,High School,Single,FL,59076,Yes,Yes,No,Cellular,Self-employed,62879.0,2
C101745,49,Female,4,Uneducated,Married,PA,49958,Yes,No,Yes,Telephone,Retired,97428.0,2
C101746,23,Female,2,Graduate,Unknown,IL,47965,Yes,No,No,Cellular,Self-employed,89623.0,1
C101747,31,Female,4,Post-Graduate,Divorced,NY,70630,Yes,Yes,No,Cellular,Businessman,48278.0,2
C101748,43,Female,4,College,Divorced,GA,52439,No,No,Yes,Email,Salaried,89416.0,5
C101749,45,Female,2,College,Married,TX,11574,No,No,Yes,Cellular,Salaried,163626.0,4
C101750,32,Female,4,High School,Divorced,IL,77137,No,Yes,No,Email,Student,155292.0,3
C101751,21,Female,3,Uneducated,Single,GA,57795,Yes,Yes,Yes,Cellular,Student,156285.0,3
C101752,24,Male,3,Uneducated,Single,NC,84582,No,Yes,No,Email,Salaried,63437.0,5
C101753,21,Male,1,College,Married,NC,69775,No,No,No,Email,Self-employed,153046.0,4
C101754,26,Male,0,Post-Graduate,Unknown,IL,65447,No,Yes,No,Telephone,Businessman,148504.0,4
C101755,54,Male,3,Graduate,Divorced,NY,89231,No,No,No,Telephone,Student,82105.0,2
C101756,47,Female,5,Post-Graduate,Divorced,OH,26143,Yes,Yes,Yes,Cellular,Businessman,24089.0,3
C101757,65,Female,0,Graduate,Married,OH,63612,Yes,Yes,No,Cellular,Salaried,140943.0,3
C101758,36,Male,4,College,Married,GA,77919,No,No,Yes,Telephone,Self-employed,107964.0,3
C101759,31,Male,1,Graduate,Divorced,GA,77871,Yes,No,No,Email,Businessman,59846.0,1
C101760,34,Male,5,Uneducated,Unknown,IL,29356,Yes,Yes,Yes,Email,Retired,141641.0,3
C101761,58,Female,3,High School,Married,CA,49338,Yes,No,No,Telephone,Government,156292.0,1
C101762,68,Female,5,High School,Single,FL,90537,No,Yes,No,Telephone,Salaried,155740.0,5
C101763,69,Male,4,College,Divorced,FL,76337,No,No,Yes,Cellular,Self-employed,178327.0,1
C101764,30,Male,1,Uneducated,Married,TX,63655,Yes,Yes,No,Email,Salaried,101913.0,1
C101765,33,Male,5,Post-Graduate,Married,GA,98208,YES,Yes,No,Telephone,Salaried,85232.0,4
C101766,65,Male,4,Uneducated,Married,TX,26805,Yes,No,No,Email,Businessman,51124.0,2
C101767,54,Male,0,High School,Divorced,IL,49147,Yes,Yes,No,Email,Businessman,84451.0,4
C101768,53,Female,4,High School,Single,NY,43419,No,Yes,Yes,Telephone,Government,25552.0,3
C101769,53,Male,4,Uneducated,Single,PA,64028,Yes,No,Yes,Email,Student,159810.0,4
C101770,59,Female,4,Uneducated,Divorced,PA,32805,No,No,No,Cellular,Government,32546.0,2
C101771,33,Male,1,High School,Married,GA,82082,Yes,Yes,No,Telephone,Retired,91916.0,1
C101772,37,Male,5,Post-Graduate,Divorced,GA,62513,No,No,No,Email,Self-employed,106245.0,1
C101773,29,Female,4,College,Divorced,CA,94629,Yes,Yes,Yes,Telephone,Unemployed,99141.0,5
C101774,33,Male,1,College,Married,IL,12536,No,Yes,No,Telephone,Self-employed,143806.0,5
C101775,36,Female,1,Uneducated,Divorced,NY,42665,No,No,Yes,Email,Salaried,77074.0,2
C101776,57,Female,2,College,Unknown,MI,45875,Yes,Yes,Yes,Cellular,Businessman,107168.0,2
C101777,50,Male,4,High School,Single,IL,94341,Yes,Yes,Yes,Telephone,Salaried,51007.0,4
C101778,59,Male,3,High School,Unknown,MI,19079,No,Yes,Yes,Email,Student,108107.0,2
C101779,53,Female,1,Uneducated,Unknown,NC,74637,No,Yes,No,Telephone,Salaried,128078.0,4
C101780,60,Female,4,Uneducated,Unknown,FL,19364,Yes,Yes,No,Telephone,Retired,58231.0,5
C101781,26,Male,3,Uneducated,Divorced,GA,81999,Yes,No,Yes,Email,Self-employed,70115.0,4
C101782,32,Female,0,Post-Graduate,Married,CA,63865,Yes,No,Yes,Cellular,Retired,33271.0,4
C101783,22,Male,3,College,Divorced,GA,43676,Yes,Yes,No,Email,Self-employed,148382.0,5
C101784,53,Female,1,Uneducated,Single,PA,92464,No,No,No,Telephone,Retired,74010.0,3
C101785,35,nan,1,Graduate,Divorced,GA,71537,No,No,No,Cellular,Government,110249.0,2
C101786,37,Female,1,Graduate,Divorced,PA,39663,No,No,No,Cellular,Unemployed,100070.0,1
C101787,55,Female,5,High School,Divorced,TX,36593,Yes,No,Yes,Cellular,Retired,23607.0,5
C101788,51,Male,2,College,Divorced,GA,17422,Yes,Yes,No,Cellular,Salaried,113279.0,4
C101789,50,Female,3,Uneducated,Unknown,IL,33928,Yes,No,Yes,Telephone,Businessman,98433.0,1
C101790,58,Female,5,Graduate,Married,MI,52171,No,No,No,Email,Student,36895.0,2
C101791,36,Female,4,College,Single,IL,64548,Yes,No,Yes,Email,Student,92860.0,1
C101792,62,Female,4,High School,Single,OH,16949,No,No,No,Cellular,Retired,89757.0,1
C101793,65,Female,1,Post-Graduate,Single,PA,92039,Yes,No,No,Cellular,Businessman,85559.0,2
C101794,60,Female,3,College,Divorced,NC,10204,No,No,No,Email,Student,100483.0,4
C101795,37,Female,5,College,Single,OH,91242,No,Yes,No,Cellular,Retired,107971.0,4
C101796,27,Male,0,Post-Graduate,Unknown,TX,73522,No,No,Yes,Email,Retired,42412.0,3
C101797,25,Female,3,College,Married,IL,78102,Yes,No,No,Email,Businessman,118571.0,4
C101798,60,Female,4,High School,Divorced,NC,43326,Yes,No,No,Cellular,Businessman,98460.0,3
C101799,47,Male,1,High School,Divorced,MI,89565,Yes,No,Yes,Email,Government,44726.0,5
C101800,21,Female,3,Post-Graduate,Unknown,NY,46471,Yes,Yes,Yes,Email,Retired,28597.0,2
C101801,22,Female,2,Uneducated,Single,CA,95075,No,Yes,Yes,Email,Salaried,133396.0,3
C101802,24,Male,1,Graduate,Divorced,GA,24309,No,No,Yes,Cellular,Self-employed,72074.0,2
C101803,21,Female,2,Uneducated,Divorced,GA,93095,Yes,No,No,Telephone,Self-employed,96494.0,1
C101804,49,Female,5,College,Unknown,NY,61314,Yes,No,No,Telephone,Retired,76965.0,2
C101805,41,Male,1,Graduate,Unknown,GA,36176,Yes,No,No,Telephone,Salaried,100818.0,2
C101806,62,Male,4,Post-Graduate,Single,IL,51568,Yes,Yes,No,Telephone,Student,20884.0,2
C101807,55,Female,0,Post-Graduate,Married,NY,15292,No,No,Yes,Telephone,Unemployed,41746.0,1
C101808,54,Female,3,Graduate,Married,OH,18203,Yes,Yes,No,Cellular,Businessman,93489.0,4
C101809,59,Male,5,High School,Single,OH,68948,No,Yes,Yes,Cellular,Self-employed,144222.0,3
C101810,22,Female,3,Graduate,Married,TX,67661,No,No,yes,Telephone,Government,169194.0,5
C101811,45,Male,1,College,Unknown,CA,30024,No,No,Yes,Telephone,Student,178332.0,2
C101812,26,Male,5,High School,Unknown,FL,96707,Yes,Yes,Yes,Email,Government,80461.0,2
C101813,28,Male,0,Post-Graduate,Unknown,NY,96079,Yes,No,Yes,Email,Self-employed,39473.0,3
C101814,55,Female,0,Graduate,Married,FL,75310,Yes,Yes,Yes,Email,Salaried,175705.0,3
C101815,39,Male,5,Uneducated,Married,GA,63258,Yes,No,Yes,Telephone,Salaried,115919.0,1
C101816,29,Male,4,Uneducated,Divorced,NY,13032,No,No,Yes,Telephone,Government,168977.0,3
C101817,53,Male,2,College,Divorced,CA,86695,Yes,No,Yes,Cellular,Retired,53251.0,1
C101818,28,Female,3,Uneducated,Divorced,TX,23825,No,No,Yes,Email,Student,88653.0,4
C101819,58,Female,1,Graduate,Married,MI,89408,Yes,Yes,No,Email,Self-employed,95112.0,1
C101820,52,Female,0,Graduate,Divorced,OH,90028,No,No,Yes,Cellular,Businessman,153853.0,2
C101821,43,Male,3,Uneducated,Unknown,PA,69564,No,No,No,Cellular,Salaried,81490.0,5
C101822,54,Female,3,Graduate,Married,PA,96253,No,No,Yes,Cellular,Government,27022.0,2
C101823,43,Female,3,College,Single,OH,30291,Yes,Yes,No,Email,Unemployed,72187.0,1
C101824,66,Male,5,High School,Married,GA,28818,No,No,No,Cellular,Self-employed,146580.0,2
C101825,52,Male,0,College,Divorced,TX,77177,No,Yes,Yes,Telephone,Student,37917.0,4
C101826,21,Female,4,College,Married,TX,71190,Yes,Yes,No,Telephone,Retired,59852.0,4
C101827,27,Female,3,Graduate,Divorced,MI,42938,No,No,No,Telephone,Businessman,42886.0,5
C101828,63,Male,0,High School,Divorced,GA,77345,Yes,Yes,No,Cellular,Businessman,126601.0,5
C101829,68,Female,0,Graduate,Single,OH,51381,Yes,No,Yes,Email,Retired,23126.0,4
C101830,44,Male,1,Post-Graduate,Single,MI,20156,No,No,Yes,Email,Salaried,124190.0,4
C101831,22,Male,4,Graduate,Unknown,IL,86072,No,No,Yes,Cellular,Businessman,157026.0,2
C101832,38,Female,4,Graduate,Divorced,FL,62437,Yes,Yes,Yes,Cellular,Self-employed,30368.0,4
C101833,39,Female,4,Graduate,Married,PA,21948,No,Yes,No,Email,Salaried,141311.0,1
C101834,62,Female,5,High School,Single,NC,62383,Yes,Yes,No,Telephone,Salaried,117788.0,2
C101835,56,Female,0,Graduate,Single,PA,36845,Yes,No,No,Telephone,Salaried,152548.0,3
C101836,48,Male,0,High School,Divorced,GA,72349,No,No,No,Email,Retired,95418.0,5
C101837,55,Female,4,Uneducated,Married,CA,84202,Yes,Yes,Yes,Cellular,Unemployed,89424.0,5
C101838,52,Female,5,Post-Graduate,Single,PA,30961,No,Yes,Yes,Telephone,Self-employed,90529.0,5
C101839,33,Female,0,High School,Single,NY,40484,No,No,Yes,Telephone,Government,116583.0,2
C101840,26,Male,4,Uneducated,Married,TX,21951,Yes,Yes,Yes,Telephone,Businessman,165398.0,4
C101841,49,Female,1,High School,Single,PA,20433,No,No,No,Cellular,Businessman,136707.0,1
C101842,30,Female,2,High School,Married,NY,66116,No,No,No,Cellular,Government,105322.0,3
C101843,60,Male,5,Post-Graduate,Divorced,FL,14415,No,Yes,No,Telephone,Salaried,162194.0,5
C101844,30,Male,2,College,Single,PA,92558,No,No,Yes,Cellular,Student,179267.0,2
C101845,54,Male,2,College,Divorced,IL,42008,No,No,No,Email,Self-employed,20676.0,1
C101846,40,Male,2,High School,Married,PA,36873,No,Yes,No,Cellular,Salaried,167199.0,4
C101847,67,Male,1,Graduate,Divorced,PA,72217,Yes,Yes,No,Email,Salaried,79443.0,3
C101848,53,Female,0,Uneducated,Divorced,GA,87847,No,Yes,No,Telephone,Salaried,54268.0,5
C101849,31,Male,1,Graduate,Divorced,NC,49676,Yes,No,No,Telephone,Businessman,97232.0,4
C101850,44,Male,3,Graduate,Unknown,IL,62130,Yes,No,No,Email,Retired,145200.0,2
C101851,53,Male,5,High School,Married,PA,21511,No,Yes,Yes,Telephone,Retired,77225.0,5
C101852,42,Male,0,High School,Married,PA,57062,No,No,No,Telephone,Unemployed,22529.0,2
C101853,68,Male,4,High School,Married,PA,72973,Yes,Yes,Yes,Telephone,Retired,33492.0,4
C101854,32,Male,3,High School,Married,NY,23550,Yes,No,Yes,Cellular,Businessman,142796.0,3
C101855,50,Male,3,College,Married,FL,10702,No,No,Yes,Cellular,Retired,114988.0,5
C101856,52,Male,5,High School,Single,CA,29456,Yes,No,No,Email,Student,169347.0,5
C101857,64,Female,1,College,Single,CA,18919,Yes,No,No,Email,Self-employed,70354.0,1
C101858,39,Female,3,College,Single,CA,78161,No,No,Yes,Cellular,Unemployed,119661.0,5
C101859,65,Female,1,High School,Divorced,OH,18142,Yes,Yes,No,Telephone,Salaried,145440.0,1
C101860,60,Male,3,Post-Graduate,Divorced,CA,56772,Yes,Yes,No,Cellular,Unemployed,105725.0,4
C101861,22,Male,1,Uneducated,Married,PA,78209,No,No,No,Telephone,Retired,64813.0,4
C101862,34,Male,0,Graduate,Unknown,NY,29494,No,Yes,Yes,Email,Unemployed,62176.0,3
C101863,53,Female,3,College,Married,PA,92810,No,Yes,No,Email,Unemployed,100086.0,4
C101864,52,Male,1,Uneducated,Single,PA,22200,No,No,No,Email,Businessman,39583.0,3
C101865,61,Male,2,Post-Graduate,Married,TX,57474,Yes,No,Yes,Cellular,Government,173936.0,2
C101866,39,Male,2,Graduate,Divorced,GA,68120,Yes,No,Yes,Cellular,Businessman,158142.0,1
C101867,34,Female,3,Graduate,Married,FL,30256,Yes,Yes,No,Telephone,Salaried,93201.0,2
C101868,24,Female,5,College,Single,OH,85458,Yes,Yes,No,Email,Salaried,74897.0,3
C101869,22,Male,1,High School,Married,FL,71872,Yes,Yes,Yes,Telephone,Businessman,66599.0,5
C101870,30,Female,0,Post-Graduate,Divorced,CA,37917,No,No,Yes,Telephone,Government,126164.0,1
C101871,49,Male,5,College,Unknown,PA,12171,Yes,No,Yes,Cellular,Government,79091.0,2
C101872,35,Male,5,Post-Graduate,Single,IL,33579,Yes,No,No,Cellular,Unemployed,152402.0,2
C101873,51,Female,3,High School,Married,NC,28094,No,No,No,Telephone,Salaried,71095.0,2
C101874,53,Female,0,High School,Divorced,NC,69975,Yes,No,No,Telephone,Unemployed,18159.0,4
C101875,49,Female,1,College,Single,GA,23141,Yes,Yes,No,Telephone,Businessman,72649.0,5
C101876,31,Female,2,High School,Single,OH,66637,No,Yes,No,Cellular,Self-employed,31733.0,2
C101877,68,Male,1,Uneducated,Divorced,NY,72536,No,Yes,No,Telephone,Self-employed,165428.0,2
C101878,65,Male,5,Graduate,Married,GA,79569,Yes,No,Yes,Cellular,Salaried,179453.0,2
C101879,60,Female,0,College,Married,TX,96161,No,No,No,Email,Government,167456.0,5
C101880,29,Female,2,Post-Graduate,Married,PA,76845,Yes,Yes,No,Email,Self-employed,38050.0,2
C101881,67,Male,3,Uneducated,Single,MI,20150,Yes,Yes,Yes,Telephone,Businessman,134810.0,1
C101882,49,Male,2,College,Unknown,OH,66499,No,No,Yes,Cellular,Unemployed,178140.0,4
C101883,57,Male,5,High School,Single,PA,15163,Yes,Yes,Yes,Email,Student,59586.0,4
C101884,41,Male,5,High School,Married,IL,84952,No,No,Yes,Cellular,Student,96959.0,2
C101885,51,Female,3,High School,Single,FL,39081,No,Yes,Yes,Cellular,Government,118491.0,5
C101886,42,Female,5,High School,Unknown,NY,25594,Yes,Yes,Yes,Email,Retired,82219.0,5
C101887,38,Female,3,Post-Graduate,Single,NC,15244,Yes,Yes,Yes,Telephone,Student,117598.0,3
C101888,22,Male,2,Uneducated,Divorced,OH,36935,No,Yes,Yes,Telephone,Businessman,43190.0,3
C101889,42,Male,2,Graduate,Married,OH,36797,No,No,Yes,Email,Retired,120815.0,1
C101890,57,Female,5,Post-Graduate,Married,FL,86251,No,No,No,Cellular,Salaried,170527.0,1
C101891,40,Female,0,Post-Graduate,Married,IL,89062,No,No,No,Telephone,Salaried,169304.0,5
C101892,68,Female,2,Graduate,nan,PA,16979,Yes,Yes,No,Cellular,Businessman,98466.0,1
C101893,68,Male,4,Graduate,Single,NY,82505,No,No,Yes,Email,Salaried,122383.0,3
C101894,24,Female,2,High School,Single,FL,68422,Yes,Yes,No,Telephone,Businessman,128423.0,5
C101895,46,Male,0,Post-Graduate,Married,FL,40193,No,No,Yes,Telephone,Businessman,66712.0,3
C101896,40,Female,4,College,Single,FL,47400,No,Yes,Yes,Telephone,Student,174708.0,2
C101897,42,Female,4,Graduate,Married,OH,82291,Yes,No,Yes,Email,Retired,160468.0,2
C101898,63,Female,1,Graduate,Single,OH,96824,Yes,No,Yes,Email,Student,30296.0,1
C101899,40,Male,4,Uneducated,Married,OH,30637,No,Yes,No,Email,Government,177928.0,3
C101900,49,Male,5,College,Divorced,OH,82712,Yes,No,No,Cellular,Student,76437.0,5
C101901,68,Male,3,College,Single,NY,11296,Yes,No,Yes,Cellular,Salaried,85815.0,5
C101902,51,Male,0,Graduate,Married,IL,93835,Yes,Yes,No,Cellular,Retired,97741.0,1
C101903,43,Male,1,High School,Divorced,MI,14513,Yes,Yes,No,Telephone,Student,144348.0,3
C101904,64,Male,2,Uneducated,Divorced,NY,82000,No,No,Yes,Telephone,Businessman,163875.0,1
C101905,58,Female,4,College,Unknown,IL,93199,Yes,No,No,Telephone,Student,20677.0,5
C101906,36,Male,5,Graduate,Single,PA,75163,No,No,No,Email,Salaried,91386.0,2
C101907,39,Female,1,College,Married,TX,93101,No,No,No,Email,Government,104352.0,3
C101908,31,Male,3,Uneducated,Unknown,PA,54141,No,No,Yes,Telephone,Retired,27909.0,1
C101909,32,Female,1,Uneducated,Single,IL,40808,No,Yes,yes,Email,Self-employed,42381.0,2
C101910,56,Female,3,Post-Graduate,Divorced,FL,53714,Yes,No,No,Cellular,Retired,82777.0,4
C101911,33,Male,1,Graduate,Single,MI,93973,No,No,Yes,Cellular,Businessman,21229.0,3
C101912,22,Female,5,Uneducated,Married,NC,66024,No,No,No,Email,Salaried,78088.0,5
C101913,31,Male,1,Post-Graduate,Divorced,GA,52421,Yes,Yes,No,Cellular,Salaried,157463.0,5
C101914,21,Male,2,Post-Graduate,Unknown,OH,44348,Yes,Yes,Yes,Cellular,Unemployed,143234.0,4
C101915,61,Male,5,College,Single,CA,39935,Yes,Yes,Yes,Cellular,Self-employed,78991.0,3
C101916,30,Male,2,College,Single,NC,72599,No,Yes,No,Telephone,Government,97471.0,1
C101917,23,Female,5,Post-Graduate,Unknown,NC,24302,Yes,No,Yes,Email,Businessman,128080.0,3
C101918,28,Male,5,College,Single,PA,28944,No,Yes,No,Email,Government,99337.0,3
C101919,36,Female,2,Uneducated,Single,OH,47446,YES,No,Yes,Telephone,Self-employed,74114.0,4
C101920,56,Female,5,High School,Single,TX,57941,No,No,Yes,Cellular,Businessman,142252.0,5
C101921,63,Female,1,Uneducated,Divorced,IL,69983,Yes,No,Yes,Telephone,Student,63461.0,2
C101922,60,Male,4,Post-Graduate,Divorced,OH,82091,No,Yes,No,Cellular,Government,41085.0,5
C101923,59,Female,1,Post-Graduate,Married,CA,84294,No,No,No,Telephone,Student,103392.0,3
C101924,40,Male,2,Uneducated,Single,CA,68569,Yes,Yes,Yes,Cellular,Businessman,46940.0,5
C101925,67,Female,1,College,Married,IL,98446,No,Yes,Yes,Telephone,Self-employed,34719.0,4
C101926,28,Male,4,College,Divorced,NC,98855,Yes,Yes,No,Telephone,Student,131530.0,2
C101927,30,Male,5,Post-Graduate,Single,OH,54218,Yes,Yes,Yes,Cellular,Student,61378.0,2
C101928,57,Male,3,Graduate,Married,CA,38305,Yes,Yes,Yes,Cellular,Salaried,18587.0,1
C101929,52,Male,0,College,Single,IL,23941,Yes,Yes,Yes,Email,Businessman,90304.0,5
C101930,47,Female,2,Uneducated,Single,GA,52583,Yes,Yes,No,Email,Retired,51574.0,5
C101931,51,Female,1,College,Unknown,GA,49527,Yes,No,No,Telephone,Self-employed,131876.0,4
C101932,23,Male,4,Uneducated,Married,NY,66623,No,Yes,Yes,Telephone,Salaried,72367.0,5
C101933,59,Female,2,Post-Graduate,Divorced,OH,93421,Yes,No,Yes,Email,Government,31880.0,4
C101934,26,Male,5,College,Married,MI,49227,No,Yes,No,Email,Self-employed,96894.0,1
C101935,37,Male,2,Uneducated,Married,IL,21879,No,No,No,Cellular,Unemployed,168350.0,3
C101936,30,Female,3,Post-Graduate,Married,NC,70845,No,No,Yes,Email,Salaried,84259.0,5
C101937,41,Male,5,Graduate,Unknown,TX,71806,No,No,Yes,Telephone,Unemployed,22766.0,3
C101938,49,Male,0,Uneducated,Single,CA,86862,Yes,No,Yes,Email,Government,111075.0,1
C101939,49,Male,1,Graduate,Divorced,FL,22941,No,Yes,No,Email,Unemployed,169342.0,5
C101940,40,Male,1,Graduate,Unknown,OH,11538,Yes,No,Yes,Email,Self-employed,131703.0,5
C101941,35,Male,2,High School,Divorced,CA,72646,No,Yes,No,Email,Salaried,176195.0,3
C101942,22,Female,4,College,Unknown,NY,62235,Yes,Yes,Yes,Telephone,Self-employed,74653.0,1
C101943,53,Female,2,Uneducated,nan,IL,73728,Yes,Yes,Yes,Email,Student,165960.0,1
C101944,32,Female,3,Graduate,Divorced,NC,55425,No,No,Yes,Email,Salaried,69960.0,3
C101945,33,Male,0,High School,Married,CA,73894,Yes,Yes,No,Telephone,Student,86578.0,3
C101946,64,Male,3,Post-Graduate,Unknown,FL,10213,Yes,No,No,Email,Salaried,102349.0,5
C101947,64,Male,4,Uneducated,Divorced,TX,85885,Yes,Yes,Yes,Telephone,Student,167596.0,1
C101948,59,Male,1,Graduate,Single,IL,26561,Yes,No,Yes,Email,Unemployed,60184.0,2
C101949,59,Male,4,College,Divorced,IL,28469,No,Yes,Yes,Email,Businessman,135879.0,1
C101950,58,Male,3,High School,Unknown,MI,56884,No,No,No,Email,Student,66371.0,5
C101951,65,Female,1,Graduate,Single,NY,42747,No,No,Yes,Cellular,Businessman,71897.0,3
C101952,41,Male,0,College,Married,IL,15809,No,Yes,Yes,Email,Retired,70991.0,5
C101953,61,Female,2,Graduate,Unknown,NC,39242,Yes,Yes,No,Telephone,Self-employed,43425.0,2
C101954,36,Male,0,Uneducated,Unknown,IL,82963,No,No,No,Cellular,Unemployed,165136.0,1
C101955,54,Female,2,Uneducated,Single,MI,84690,No,No,Yes,Email,Government,178138.0,2
C101956,47,Male,0,Uneducated,Unknown,NY,60139,Yes,No,No,Telephone,Government,120391.0,1
C101957,63,Female,5,High School,Divorced,OH,47025,Yes,No,No,Email,Government,56780.0,5
C101958,23,Female,1,Uneducated,Married,PA,30479,No,No,No,Telephone,Businessman,78768.0,2
C101959,29,Male,1,College,Divorced,OH,29346,No,No,No,Email,Government,56462.0,5
C101960,64,Male,1,Graduate,Single,GA,85696,No,Yes,No,Telephone,Government,85512.0,5
C101961,54,Female,5,Post-Graduate,Unknown,MI,87899,Yes,Yes,No,Telephone,Student,79911.0,5
C101962,39,Male,5,College,Married,IL,60375,No,No,No,Cellular,Retired,30725.0,2
C101963,58,Male,2,College,Single,NY,56770,Yes,Yes,No,Cellular,Government,98617.0,1
C101964,46,Male,5,Uneducated,Divorced,OH,49460,Yes,No,Yes,Telephone,Businessman,67838.0,5
C101965,43,Female,1,High School,Unknown,OH,58923,No,Yes,Yes,Telephone,Student,52322.0,5
C101966,38,Male,4,Graduate,Unknown,GA,95910,Yes,No,No,Cellular,Businessman,84465.0,3
C101967,65,Female,2,High School,Single,OH,50223,Yes,No,No,Telephone,Salaried,24934.0,3
C101968,66,Female,1,Graduate,Divorced,MI,72888,No,Yes,Yes,Email,Government,65213.0,2
C101969,60,Male,1,Graduate,Unknown,OH,15952,Yes,Yes,Yes,Email,Businessman,44073.0,4
C101970,61,Female,5,High School,Divorced,NC,88534,Yes,Yes,Yes,Telephone,Businessman,173221.0,5
C101971,65,Male,0,College,Married,GA,27781,Yes,No,Yes,Telephone,Student,148498.0,2
C101972,69,Male,4,Graduate,Unknown,NY,77381,No,Yes,Yes,Cellular,Salaried,142931.0,1
C101973,58,Female,4,High School,Married,NY,71238,Yes,No,No,Cellular,Salaried,51888.0,2
C101974,30,Female,5,Graduate,Unknown,OH,82630,Yes,Yes,No,Telephone,Government,123555.0,5
C101975,63,Female,2,Post-Graduate,Single,MI,32471,Yes,Yes,Yes,Email,Unemployed,177473.0,1
C101976,30,Female,4,College,Unknown,MI,71318,No,Yes,No,Cellular,Retired,29391.0,3
C101977,41,Female,1,Uneducated,Unknown,TX,39366,No,No,Yes,Email,Self-employed,84228.0,5
C101978,58,Male,2,Graduate,Divorced,CA,52982,No,No,Yes,Email,Self-employed,137919.0,3
C101979,58,Female,5,Post-Graduate,Divorced,NC,28602,No,Yes,No,Email,Student,97320.0,5
C101980,67,Male,3,Uneducated,Married,TX,71440,No,No,No,Email,Unemployed,68808.0,1
C101981,27,Male,0,Uneducated,Married,CA,42680,No,No,No,Cellular,Government,164704.0,5
C101982,32,Female,0,Graduate,Married,PA,12334,No,Yes,No,Telephone,Student,112625.0,5
C101983,61,Female,3,High School,Unknown,FL,78631,Yes,Yes,Yes,Telephone,Retired,83952.0,2
C101984,53,Female,5,Graduate,Unknown,CA,96796,Yes,Yes,No,Cellular,Government,176232.0,4
C101985,45,Female,2,Post-Graduate,Married,FL,37127,No,Yes,Yes,Email,Salaried,72797.0,2
C101986,48,Female,3,Uneducated,Single,GA,38318,No,No,No,Telephone,Self-employed,45757.0,4
C101987,44,Male,4,Graduate,Single,OH,16759,No,Yes,No,Telephone,Businessman,96129.0,4
C101988,68,Male,1,High School,Unknown,CA,44064,Yes,No,Yes,Telephone,Self-employed,98917.0,1
C101989,51,Male,3,Graduate,Single,MI,35758,Yes,Yes,Yes,Email,Government,36770.0,5
C101990,38,Female,3,College,Single,NC,45396,Yes,Yes,Yes,Telephone,Unemployed,165045.0,3
C101991,43,Female,4,High School,Married,PA,77279,Yes,Yes,No,Cellular,Retired,36179.0,5
C101992,27,Male,2,Post-Graduate,Single,NY,81194,No,Yes,Yes,Telephone,Self-employed,157335.0,4
C101993,28,Female,1,Uneducated,Single,TX,99725,Yes,Yes,No,Telephone,Businessman,167292.0,4
C101994,35,Female,1,Graduate,Unknown,OH,47390,Yes,Yes,Yes,Cellular,Salaried,135875.0,1
C101995,58,Female,0,High School,Unknown,TX,64969,Yes,No,Yes,Email,Salaried,47951.0,2
C101996,48,Male,1,College,Unknown,TX,97695,No,No,No,Telephone,Government,131126.0,4
C101997,47,Female,1,High School,Single,IL,12064,No,No,No,Email,Self-employed,135577.0,4
C101998,41,Male,1,College,Married,TX,40971,No,No,Yes,Email,Government,82625.0,2
C101999,64,Female,1,Post-Graduate,Divorced,TX,39451,Yes,No,Yes,Email,Self-employed,101637.0,3
C102000,47,Female,4,Uneducated,Unknown,IL,79793,Yes,No,No,Telephone,Unemployed,127753.0,2
C102001,67,Male,5,Post-Graduate,Unknown,IL,46098,Yes,No,No,Telephone,Student,51530.0,2
C102002,67,Female,0,Graduate,Unknown,NC,66865,No,Yes,Yes,Cellular,Government,129524.0,2
C102003,62,Female,5,High School,Married,CA,97939,No,No,Yes,Email,Self-employed,72625.0,4
C102004,61,Female,3,College,Divorced,CA,67684,Yes,Yes,No,Cellular,Student,152026.0,3
C102005,34,Male,0,College,Divorced,NC,26154,Yes,No,Yes,Telephone,Unemployed,70367.0,1
C102006,41,Female,2,High School,Unknown,IL,59954,No,No,Yes,Telephone,Government,105526.0,1
C102007,34,Female,5,High School,Single,FL,62302,Yes,Yes,No,Cellular,Unemployed,163613.0,1
C102008,69,Female,5,Graduate,Unknown,NY,83140,Yes,Yes,Yes,Cellular,Salaried,169803.0,5
C102009,63,Female,3,Post-Graduate,Unknown,NC,88685,Yes,Yes,No,Email,Retired,40976.0,5
C102010,26,Female,0,College,Single,PA,83970,No,Yes,No,Telephone,Student,92590.0,1
C102011,32,Male,0,Graduate,Single,NC,70360,No,Yes,Yes,Email,Unemployed,98554.0,3
C102012,48,Male,0,Post-Graduate,Unknown,IL,61099,No,No,No,Email,Government,112448.0,2
C102013,69,Female,0,Graduate,Married,FL,44248,No,Yes,No,Telephone,Businessman,25115.0,2
C102014,49,Female,0,College,Married,OH,72279,No,Yes,No,Telephone,Retired,99999.0,4
C102015,57,Male,5,High School,Single,IL,58331,No,Yes,Yes,Email,Salaried,69968.0,4
C102016,58,Female,0,High School,Unknown,GA,94340,No,No,Yes,Cellular,Retired,24685.0,4
C102017,23,Female,4,Post-Graduate,Married,GA,72695,No,Yes,Yes,Telephone,Retired,78095.0,2
C102018,53,Female,4,Uneducated,Unknown,NY,18798,No,Yes,No,Email,Student,69108.0,5
C102019,66,Female,3,Post-Graduate,Unknown,IL,42758,Yes,Yes,No,Cellular,Self-employed,137190.0,5
C102020,32,Female,1,Uneducated,Unknown,MI,90359,Yes,No,Yes,Email,Businessman,37994.0,1
C102021,32,Female,0,Graduate,Married,GA,15297,Yes,Yes,Yes,Telephone,Self-employed,134580.0,4
C102022,31,Female,5,Graduate,Divorced,TX,74149,Yes,No,No,Cellular,Retired,23787.0,5
C102023,48,Female,1,College,Unknown,OH,11941,No,No,Yes,Cellular,Businessman,156141.0,4
C102024,55,Male,4,Uneducated,Married,TX,13271,Yes,Yes,No,Cellular,Government,28713.0,2
C102025,54,Male,2,College,Divorced,PA,35812,Yes,No,Yes,Telephone,Unemployed,174510.0,3
C102026,42,Female,5,High School,Single,NY,21581,Yes,No,Yes,Telephone,Government,28968.0,4
C102027,59,Female,0,Uneducated,Married,PA,87555,No,No,Yes,Email,Self-employed,150166.0,1
C102028,43,Female,5,Post-Graduate,Divorced,PA,66212,Yes,No,Yes,Email,Retired,70591.0,3
C102029,32,Female,3,High School,Married,GA,63407,Yes,No,No,Telephone,Self-employed,51878.0,3
C102030,39,Male,1,High School,Divorced,IL,75214,Yes,No,Yes,Email,Self-employed,117164.0,5
C102031,51,Male,3,Post-Graduate,Divorced,CA,59346,No,Yes,No,Cellular,Student,95405.0,3
C102032,33,Male,0,High School,Married,GA,37162,Yes,No,No,Telephone,Retired,92140.0,1
C102033,39,Male,1,Uneducated,Single,NC,64340,No,No,Yes,Telephone,Salaried,141806.0,5
C102034,56,Female,5,College,Unknown,CA,74030,No,Yes,No,Email,Self-employed,40385.0,3
C102035,42,Female,5,High School,Divorced,IL,11506,Yes,No,No,Telephone,Government,160761.0,3
C102036,64,Female,1,Uneducated,Unknown,PA,25333,No,Yes,Yes,Cellular,Unemployed,154114.0,1
C102037,50,Male,5,Graduate,Single,FL,97316,No,Yes,Yes,Telephone,Retired,44620.0,5
C102038,24,Female,0,Uneducated,Unknown,NY,86482,Yes,No,Yes,Cellular,Retired,35935.0,5
C102039,33,Female,2,College,Unknown,IL,68989,No,No,Yes,Telephone,Retired,98617.0,3
C102040,40,Male,0,Uneducated,Married,FL,40115,Yes,No,Yes,Telephone,Unemployed,132492.0,1
C102041,59,Male,3,Post-Graduate,Married,OH,54367,Yes,Yes,Yes,Telephone,Government,156843.0,2
C102042,26,Male,4,College,Single,PA,49731,Yes,No,No,Email,Self-employed,116512.0,1
C102043,64,Male,4,Graduate,Married,TX,59904,No,Yes,No,Email,Retired,122632.0,3
C102044,32,Male,4,nan,Divorced,NC,55326,Yes,No,Yes,Cellular,Retired,101700.0,3
C102045,45,Female,1,Uneducated,nan,FL,62132,Yes,No,No,Email,Unemployed,94372.0,2
C102046,65,Female,1,College,Married,IL,27205,Yes,No,No,Telephone,Self-employed,162817.0,2
C102047,37,Male,0,Graduate,Married,TX,97734,No,Yes,No,Email,Unemployed,149354.0,5
C102048,28,Female,1,Post-Graduate,Single,GA,19206,Yes,Yes,Yes,Email,Government,115620.0,3
C102049,53,Female,5,Graduate,Divorced,OH,20687,No,No,Yes,Cellular,Student,109807.0,5
C102050,64,Female,3,Uneducated,Single,OH,94702,No,Yes,Yes,Telephone,Retired,117791.0,3
C102051,59,Female,5,Graduate,Married,GA,63228,Yes,No,Yes,Cellular,Businessman,142795.0,1
C102052,32,Male,0,High School,Married,OH,57573,No,Yes,No,Email,Government,73525.0,4
C102053,46,Female,3,Post-Graduate,Single,TX,24196,Yes,Yes,Yes,Telephone,Businessman,126662.0,5
C102054,39,Female,4,Graduate,Divorced,TX,50405,No,No,Yes,Cellular,Self-employed,60928.0,5
C102055,33,Female,3,Uneducated,Divorced,NY,98739,Yes,No,Yes,Cellular,Salaried,66291.0,5
C102056,30,Male,5,Uneducated,Unknown,CA,84046,Yes,Yes,No,Telephone,Self-employed,28620.0,4
C102057,54,Female,4,Graduate,Divorced,IL,79960,No,Yes,No,Cellular,Unemployed,179910.0,4
C102058,51,Male,1,Uneducated,Single,FL,44875,Yes,Yes,No,Cellular,Self-employed,34919.0,2
C102059,47,Male,0,College,Divorced,NY,85724,Yes,No,Yes,Cellular,Self-employed,45302.0,3
C102060,23,Male,2,College,Divorced,CA,30316,No,No,Yes,Email,Retired,140545.0,1
C102061,64,Male,3,College,Unknown,TX,14478,No,Yes,No,Cellular,Government,35287.0,5
C102062,25,Female,0,High School,Divorced,PA,12383,No,No,No,Email,Government,74795.0,2
C102063,25,Male,5,Graduate,Unknown,NY,46682,No,Yes,No,Cellular,Salaried,112033.0,5
C102064,57,Male,2,High School,Unknown,MI,52289,No,No,Yes,Cellular,Unemployed,91874.0,3
C102065,27,Male,0,Uneducated,Divorced,OH,55826,Yes,No,Yes,Cellular,Businessman,161013.0,4
C102066,60,Male,2,High School,Married,OH,87955,Yes,Yes,No,Cellular,Unemployed,137211.0,3
C102067,68,Male,0,Uneducated,Single,TX,24538,Yes,No,No,Telephone,Businessman,21653.0,3
C102068,62,Female,4,Uneducated,Single,CA,76323,No,Yes,No,Email,Businessman,75008.0,3
C102069,33,Male,2,Post-Graduate,Divorced,NC,84985,No,No,Yes,Telephone,Self-employed,143209.0,2
C102070,54,Female,0,College,Single,IL,87750,Yes,Yes,Yes,Telephone,Salaried,36523.0,3
C102071,56,Female,2,Uneducated,Single,NY,11019,No,No,No,Telephone,Self-employed,66363.0,3
C102072,54,Male,4,Post-Graduate,Unknown,GA,66764,Yes,No,No,Telephone,Salaried,140783.0,3
C102073,23,Female,2,College,Married,MI,75515,Yes,No,Yes,Cellular,Student,75761.0,1
C102074,30,Female,2,Uneducated,Single,MI,88473,No,Yes,No,Cellular,Government,35580.0,2
C102075,63,Female,0,Uneducated,Married,FL,27631,No,Yes,Yes,Telephone,Retired,120692.0,2
C102076,55,Male,3,High School,Single,MI,23662,No,No,Yes,Telephone,Retired,155941.0,1
C102077,57,Male,4,High School,Married,OH,13301,No,No,No,Email,Retired,48558.0,2
C102078,26,Male,5,College,Married,IL,65220,No,Yes,Yes,Telephone,Self-employed,24405.0,5
C102079,41,Male,0,Uneducated,Single,TX,32540,No,Yes,Yes,Cellular,Student,178414.0,2
C102080,65,Male,1,Graduate,Unknown,MI,18411,Yes,No,Yes,Email,Businessman,122000.0,2
C102081,25,Male,2,High School,Married,GA,76389,No,No,Yes,Telephone,Retired,132791.0,3
C102082,23,Male,1,College,Married,NY,96321,Yes,Yes,Yes,Email,Student,129496.0,1
C102083,40,Female,5,Uneducated,Single,CA,71686,Yes,Yes,Yes,Telephone,Retired,72505.0,4
C102084,50,Female,0,Uneducated,Married,IL,26567,Yes,Yes,No,Email,Government,50511.0,3
C102085,32,Male,5,Graduate,Married,FL,65926,No,No,Yes,Email,Retired,123645.0,5
C102086,55,Female,5,College,Unknown,MI,33949,Yes,No,Yes,Cellular,Government,45780.0,2
C102087,52,Male,3,Uneducated,Married,OH,55571,No,Yes,Yes,Email,Retired,65140.0,3
C102088,39,Male,4,High School,Unknown,NC,63184,No,Yes,Yes,Telephone,Retired,57964.0,4
C102089,35,Male,0,Graduate,Married,PA,76784,YES,No,Yes,Email,Government,160427.0,5
C102090,30,Female,3,College,Married,CA,72565,No,No,No,Telephone,nan,141440.0,2
C102091,46,Male,5,Graduate,Unknown,GA,27272,No,No,Yes,Telephone,Retired,76008.0,2
C102092,26,Male,0,High School,Unknown,NY,11608,Yes,No,Yes,Cellular,Student,18137.0,4
C102093,68,Male,5,College,Divorced,FL,24691,No,Yes,No,Email,Unemployed,158385.0,4
C102094,67,Male,3,Graduate,Married,TX,18855,Yes,No,Yes,Cellular,Businessman,164333.0,4
C102095,46,Female,1,Post-Graduate,Unknown,PA,50804,No,No,No,Telephone,Self-employed,93980.0,5
C102096,22,Male,3,High School,Married,NY,44505,No,No,No,Email,Retired,153408.0,5
C102097,69,Female,4,High School,Married,IL,58935,No,Yes,Yes,Email,Unemployed,152710.0,3
C102098,68,Female,1,High School,Married,NC,39498,Yes,Yes,No,Telephone,Businessman,99348.0,4
C102099,52,Male,2,Post-Graduate,Single,TX,88354,Yes,Yes,No,Cellular,Unemployed,126745.0,2
C102100,23,Male,1,Post-Graduate,Divorced,NY,10625,Yes,No,Yes,Cellular,Unemployed,72241.0,1
C102101,39,Female,1,Uneducated,Single,NY,16326,Yes,No,Yes,Email,Salaried,45831.0,2
C102102,56,Female,2,Graduate,Divorced,NC,16943,No,No,No,Cellular,Salaried,33676.0,4
C102103,40,Female,1,Uneducated,Married,PA,20560,No,No,No,Email,Self-employed,156485.0,2
C102104,50,Female,1,Graduate,Married,NY,63034,Yes,Yes,Yes,Cellular,Retired,28663.0,3
C102105,57,Male,5,Post-Graduate,Unknown,TX,47925,Yes,No,Yes,Telephone,Retired,139274.0,4
C102106,65,Female,2,Post-Graduate,Divorced,CA,97151,Yes,Yes,Yes,Telephone,Government,23933.0,5
C102107,40,Female,5,Uneducated,Divorced,NY,89842,Yes,No,Yes,Telephone,Self-employed,152383.0,1
C102108,54,Female,2,College,Single,NY,97791,No,No,Yes,Email,Student,42804.0,4
C102109,64,Female,4,Uneducated,Divorced,NY,33145,No,No,No,Email,Retired,124623.0,2
C102110,37,Male,1,Graduate,Married,OH,12916,No,No,No,Telephone,Government,67300.0,2
C102111,62,Male,1,Uneducated,Unknown,TX,15481,Yes,No,No,Telephone,Self-employed,58263.0,4
C102112,43,Male,1,High School,Single,FL,26737,Yes,No,No,Cellular,Self-employed,50052.0,5
C102113,61,Female,4,Graduate,Unknown,NY,32314,No,Yes,Yes,Telephone,Unemployed,97838.0,5
C102114,29,Female,5,Graduate,Divorced,IL,50915,Yes,Yes,No,Telephone,Student,23150.0,4
C102115,47,Male,1,College,Divorced,NC,85293,Yes,Yes,No,Telephone,Student,77219.0,2
C102116,37,Male,2,Post-Graduate,Single,NC,10373,Yes,Yes,No,Email,Businessman,44850.0,2
C102117,61,Female,2,Graduate,Divorced,OH,99731,No,Yes,Yes,Email,Salaried,32017.0,5
C102118,66,Male,2,Post-Graduate,Unknown,GA,20386,Yes,No,Yes,Telephone,Self-employed,25679.0,2
C102119,37,Female,2,Uneducated,Married,IL,63077,No,No,Yes,Cellular,Unemployed,172455.0,1
C102120,69,Female,5,High School,Single,IL,48813,Yes,Yes,Yes,Cellular,Businessman,44954.0,1
C102121,22,Female,5,College,Divorced,TX,20804,Yes,No,No,Telephone,Government,93203.0,1
C102122,35,Female,5,Post-Graduate,Unknown,PA,83012,No,No,No,Email,Government,22505.0,1
C102123,31,Female,3,Graduate,Married,CA,46260,No,No,No,Telephone,Salaried,27725.0,3
C102124,57,Female,2,Post-Graduate,nan,TX,39919,No,No,No,Cellular,Government,148387.0,1
C102125,61,Male,4,Graduate,Single,NY,95896,No,Yes,No,Email,Salaried,118451.0,3
C102126,29,Male,5,Post-Graduate,Divorced,OH,75504,Yes,No,No,Email,Government,52150.0,2
C102127,34,Male,5,Graduate,Divorced,NC,40928,Yes,Yes,No,Email,Government,102297.0,5
C102128,28,Female,3,Uneducated,Divorced,FL,28134,No,Yes,No,Telephone,Self-employed,114738.0,1
C102129,63,Male,5,Graduate,Married,OH,93970,No,No,Yes,Telephone,Student,152335.0,1
C102130,32,Female,1,Graduate,Married,GA,76099,Yes,No,No,Telephone,Self-employed,85965.0,1
C102131,27,Female,2,High School,Divorced,MI,27295,Yes,No,No,Cellular,Businessman,153210.0,3
C102132,23,Female,5,Graduate,Divorced,NY,68728,Yes,Yes,Yes,Email,Student,145364.0,1
C102133,46,Female,1,High School,Single,OH,74529,No,No,No,Email,nan,34493.0,3
C102134,23,Male,2,College,Divorced,TX,52637,No,Yes,No,Cellular,Student,158191.0,1
C102135,66,Male,2,High School,Unknown,GA,44998,Yes,No,Yes,Cellular,Student,166309.0,5
C102136,24,Male,5,Uneducated,Unknown,PA,82931,No,Yes,Yes,Email,Student,77180.0,1
C102137,52,Female,3,High School,Single,TX,90537,Yes,Yes,No,Email,Government,103749.0,3
C102138,66,Male,2,College,Married,GA,21978,No,Yes,Yes,Cellular,Student,63126.0,5
C102139,34,Male,2,Uneducated,Divorced,TX,65405,No,Yes,Yes,Telephone,Government,40421.0,2
C102140,23,Male,0,Post-Graduate,Single,NC,22875,Yes,Yes,Yes,Telephone,Retired,123000.0,2
C102141,33,Female,4,Post-Graduate,Married,TX,84318,Yes,Yes,Yes,Telephone,Student,64266.0,5
C102142,28,Male,4,High School,Single,CA,77170,No,Yes,No,Cellular,Government,30827.0,2
C102143,58,Female,1,High School,Married,NY,62652,Yes,No,Yes,Email,Student,111396.0,5
C102144,22,Male,1,College,Divorced,FL,76180,No,Yes,Yes,Cellular,Businessman,66694.0,1
C102145,58,Female,3,College,Single,NY,32145,Yes,No,No,Telephone,Self-employed,42099.0,2
C102146,66,Male,1,Graduate,Divorced,FL,49946,Yes,No,Yes,Telephone,Retired,99322.0,4
C102147,51,Male,0,College,Single,FL,90484,No,No,Yes,Telephone,Student,146773.0,4
C102148,59,Male,1,Graduate,Married,FL,38674,Yes,Yes,Yes,Cellular,Businessman,46370.0,5
C102149,47,Female,2,Uneducated,Single,CA,11565,No,Yes,No,Cellular,Self-employed,174978.0,4
C102150,37,Male,1,High School,Unknown,NC,86697,No,No,Yes,Telephone,Salaried,150985.0,5
C102151,55,Male,5,Uneducated,Unknown,MI,54503,No,Yes,Yes,Telephone,Retired,163460.0,2
C102152,66,Female,1,College,Single,OH,32518,No,Yes,Yes,Email,Retired,103642.0,5
C102153,44,Female,2,Uneducated,Unknown,NY,22669,Yes,No,Yes,Cellular,Student,147713.0,5
C102154,21,Female,0,Uneducated,Divorced,TX,60142,No,No,Yes,Email,Salaried,32417.0,1
C102155,49,Female,4,Uneducated,Unknown,GA,39500,No,No,Yes,Telephone,Self-employed,162557.0,2
C102156,46,Male,0,College,Unknown,OH,82793,No,No,No,Telephone,Self-employed,19868.0,5
C102157,64,Male,0,Uneducated,Divorced,FL,33202,Yes,No,Yes,Telephone,Student,110938.0,2
C102158,55,Female,3,Graduate,Divorced,FL,71219,No,No,No,Email,Businessman,28034.0,4
C102159,64,Male,3,College,Married,NC,14606,No,No,No,Cellular,Student,21098.0,5
C102160,44,Female,2,Uneducated,Divorced,IL,97631,Yes,Yes,No,Cellular,Businessman,90975.0,4
C102161,66,Male,3,College,Single,IL,12599,No,Yes,No,Email,Unemployed,88961.0,1
C102162,53,Female,5,Post-Graduate,Unknown,OH,69946,No,Yes,Yes,Cellular,Student,88542.0,1
C102163,46,Male,4,Graduate,Married,CA,78843,Yes,No,Yes,Email,Businessman,158725.0,2
C102164,57,Female,2,Uneducated,Divorced,TX,97254,No,Yes,Yes,Email,Government,110429.0,1
C102165,59,Female,5,Post-Graduate,Unknown,NY,93737,No,No,Yes,Cellular,Businessman,27725.0,5
C102166,46,Male,3,Post-Graduate,Single,MI,55047,Yes,No,Yes,Cellular,Businessman,69921.0,2
C102167,58,Male,1,College,Single,PA,23966,Yes,No,Yes,Email,Self-employed,108905.0,4
C102168,58,Male,5,Post-Graduate,Married,PA,50275,Yes,Yes,No,Cellular,Salaried,54391.0,3
C102169,31,Female,3,Graduate,Single,MI,96614,No,No,Yes,Cellular,Student,85829.0,1
C102170,49,Male,4,Graduate,Unknown,CA,68583,No,No,Yes,Email,Self-employed,60513.0,5
C102171,49,Female,3,High School,Divorced,PA,18615,Yes,No,No,Telephone,Salaried,149573.0,4
C102172,23,Male,2,Graduate,Single,MI,38446,No,Yes,Yes,Email,Self-employed,78525.0,3
C102173,29,Male,5,Post-Graduate,Divorced,NY,15566,Yes,Yes,No,Cellular,Retired,110175.0,2
C102174,55,Female,1,Graduate,Unknown,FL,45069,No,No,Yes,Telephone,Self-employed,127511.0,5
C102175,26,Female,5,College,Unknown,PA,62941,Yes,No,Yes,Cellular,Student,148770.0,3
C102176,29,Male,2,High School,Divorced,TX,75695,Yes,No,No,Email,Retired,61996.0,5
C102177,28,Female,1,Post-Graduate,Unknown,TX,37783,Yes,Yes,Yes,Email,Government,120274.0,4
C102178,47,Female,5,High School,Married,TX,70543,No,No,Yes,Email,Self-employed,62295.0,4
C102179,54,Male,1,Post-Graduate,Single,FL,92678,Yes,No,No,Telephone,Student,93003.0,1
C102180,44,Female,4,College,Married,NC,35651,Yes,Yes,Yes,Cellular,Businessman,158889.0,4
C102181,68,Male,5,High School,Married,FL,24297,No,Yes,Yes,Telephone,Salaried,179223.0,2
C102182,25,Male,0,Uneducated,Married,FL,84445,Yes,Yes,Yes,Email,Unemployed,103060.0,2
C102183,30,Female,4,Post-Graduate,Divorced,FL,29696,No,Yes,Yes,Cellular,Student,99737.0,5
C102184,40,Male,0,Uneducated,Divorced,OH,69253,Yes,Yes,No,Email,Government,173907.0,2
C102185,42,Male,5,High School,Unknown,IL,69471,Yes,Yes,No,Cellular,Unemployed,119961.0,4
C102186,32,Male,0,Uneducated,Divorced,NY,58307,Yes,No,No,Telephone,Student,53723.0,3
C102187,64,Female,5,Uneducated,Unknown,OH,93806,Yes,Yes,No,Telephone,Student,140500.0,2
C102188,49,Female,4,High School,Divorced,TX,35543,Yes,Yes,No,Telephone,Businessman,20794.0,4
C102189,51,Female,3,College,Unknown,CA,59246,Yes,No,Yes,Telephone,Salaried,62122.0,4
C102190,26,Female,4,Uneducated,Single,NC,74592,Yes,No,Yes,Cellular,Unemployed,41776.0,5
C102191,66,Female,2,Uneducated,Unknown,IL,69736,No,No,No,Cellular,Retired,86063.0,5
C102192,27,Male,2,College,Single,MI,83259,Yes,Yes,No,Telephone,Salaried,91750.0,2
C102193,53,Male,2,Uneducated,Unknown,CA,82248,No,Yes,Yes,Telephone,Government,62215.0,2
C102194,66,Female,2,Uneducated,Divorced,CA,40101,No,Yes,No,Cellular,Retired,69757.0,4
C102195,35,Male,0,Uneducated,Divorced,CA,54139,No,Yes,No,Email,Retired,146381.0,2
C102196,33,Female,0,Graduate,Single,NC,55982,No,Yes,Yes,Telephone,Salaried,63641.0,3
C102197,44,Female,4,nan,Married,GA,24796,No,No,Yes,Cellular,Businessman,50396.0,1
C102198,50,Male,1,Uneducated,Married,PA,88189,No,No,No,Telephone,Government,147979.0,1
C102199,53,Male,1,College,Unknown,MI,98488,Yes,Yes,No,Cellular,Businessman,37235.0,4
C102200,40,Female,5,Post-Graduate,Divorced,PA,29558,Yes,Yes,Yes,Telephone,Businessman,51853.0,1
C102201,39,Female,0,Post-Graduate,Married,PA,36134,Yes,No,No,Telephone,Retired,155963.0,4
C102202,39,Female,3,Uneducated,Divorced,FL,76455,Yes,Yes,No,Email,Student,79455.0,4
C102203,58,Female,0,College,Divorced,IL,68986,Yes,No,Yes,Email,Student,49181.0,3
C102204,44,Female,3,College,Divorced,MI,54247,No,No,No,Email,Student,156350.0,5
C102205,25,Female,1,College,Unknown,TX,12518,No,No,No,Email,Retired,130301.0,2
C102206,42,Male,0,Graduate,Single,TX,48882,No,No,No,Telephone,Unemployed,143444.0,3
C102207,42,Female,5,Post-Graduate,Unknown,MI,31963,Yes,No,Yes,Telephone,Self-employed,20456.0,5
C102208,48,Female,4,College,Married,OH,80365,Yes,No,Yes,Email,Businessman,36101.0,4
C102209,37,Male,2,College,Single,IL,53334,Yes,No,Yes,Email,Salaried,157740.0,3
C102210,51,Female,1,Graduate,Married,GA,78112,Yes,No,No,Telephone,Government,48544.0,4
C102211,67,Female,0,Graduate,Single,IL,98084,No,Yes,No,Cellular,Self-employed,77336.0,1
C102212,27,Male,0,College,Single,FL,19134,No,No,No,Email,Student,85153.0,4
C102213,37,Female,2,High School,Unknown,TX,73867,Yes,No,Yes,Cellular,Retired,166939.0,1
C102214,32,Male,1,College,Divorced,NY,36348,No,No,No,Telephone,Unemployed,134902.0,4
C102215,27,Female,4,College,Divorced,TX,40011,Yes,No,Yes,Cellular,Self-employed,117995.0,4
C102216,49,Male,4,Graduate,Single,OH,98790,Yes,No,No,Email,Retired,66692.0,5
C102217,65,Male,4,Graduate,Unknown,GA,36272,Yes,Yes,yes,Email,Self-employed,85381.0,4
C102218,28,Male,1,College,Married,IL,70049,No,No,Yes,Email,Businessman,110647.0,4
C102219,24,Female,5,College,Married,CA,97258,No,Yes,No,Email,Businessman,114054.0,4
C102220,60,Female,4,College,Divorced,TX,67808,No,No,No,Email,Retired,161296.0,2
C102221,36,Male,3,Graduate,Divorced,FL,53402,Yes,No,Yes,Telephone,Salaried,125723.0,2
C102222,36,Male,0,College,Married,MI,70290,Yes,Yes,No,Cellular,Government,144407.0,3
C102223,42,Female,3,College,Married,FL,90450,Yes,Yes,No,Telephone,Government,157403.0,5
C102224,31,Female,1,Uneducated,Unknown,CA,86014,No,No,No,Telephone,Student,56074.0,2
C102225,61,Female,4,High School,Married,MI,11915,Yes,No,No,Telephone,nan,81575.0,3
C102226,31,Female,4,Post-Graduate,Unknown,NC,19405,Yes,Yes,Yes,Cellular,Government,114870.0,3
C102227,25,Female,4,High School,Divorced,MI,94922,No,Yes,No,Cellular,Unemployed,76715.0,3
C102228,62,Male,2,Uneducated,Married,FL,61404,Yes,No,Yes,Telephone,Self-employed,147163.0,5
C102229,58,Female,2,Post-Graduate,Divorced,NY,27742,No,Yes,No,Cellular,Self-employed,166453.0,1
C102230,68,Male,5,College,Single,NC,11176,No,Yes,No,Telephone,Government,98469.0,5
C102231,32,Female,4,Uneducated,Single,FL,64866,Yes,Yes,No,Telephone,nan,43862.0,3
C102232,60,Male,0,College,Single,FL,64809,Yes,Yes,Yes,Email,Retired,124819.0,4
C102233,45,Male,2,Graduate,Married,PA,47209,Yes,Yes,No,Cellular,Self-employed,110828.0,3
C102234,65,Female,5,Uneducated,Divorced,GA,51065,Yes,No,No,Email,Retired,76748.0,4
C102235,33,Male,1,Graduate,Married,IL,16425,No,No,Yes,Telephone,Student,48089.0,5
C102236,68,Male,4,Uneducated,Divorced,GA,54764,No,No,Yes,Telephone,Self-employed,110009.0,1
C102237,46,Male,0,Uneducated,Unknown,CA,55214,No,No,No,Telephone,Retired,122404.0,2
C102238,31,Male,2,Graduate,Married,FL,10951,No,No,Yes,Email,Government,47315.0,2
C102239,60,Female,1,Post-Graduate,Single,CA,60072,No,No,Yes,Email,Businessman,72356.0,1
C102240,43,Male,2,High School,Unknown,TX,99082,No,Yes,No,Telephone,Self-employed,98617.0,4
C102241,33,Female,5,College,Divorced,OH,34447,No,Yes,Yes,Email,Government,45670.0,4
C102242,53,Male,5,Uneducated,Married,CA,43191,Yes,Yes,No,Telephone,Self-employed,98136.0,1
C102243,48,Female,1,College,Divorced,IL,68114,Yes,No,Yes,Telephone,Unemployed,44851.0,1
C102244,24,Female,4,Graduate,Divorced,CA,53536,Yes,Yes,Yes,Email,Salaried,54192.0,3
C102245,48,Female,0,College,Married,PA,17344,Yes,Yes,No,Cellular,Retired,83466.0,5
C102246,54,Male,3,Graduate,Married,NC,53160,Yes,Yes,No,Telephone,Student,69678.0,3
C102247,30,Female,2,College,Divorced,TX,33682,Yes,Yes,No,Telephone,Unemployed,130445.0,3
C102248,69,Female,0,High School,Divorced,PA,99127,No,Yes,Yes,Email,Businessman,92128.0,5
C102249,28,Male,3,High School,Unknown,FL,63607,Yes,No,No,Email,Retired,160498.0,2
C102250,29,Female,4,High School,Single,PA,11233,Yes,No,No,Email,Self-employed,126373.0,5
C102251,38,Male,5,High School,Divorced,NY,58571,No,Yes,No,Telephone,Government,149385.0,2
C102252,22,Male,1,High School,Single,FL,34215,No,Yes,Yes,Cellular,Businessman,106604.0,5
C102253,38,Female,4,High School,Unknown,OH,86877,Yes,No,No,Cellular,Self-employed,91150.0,2
C102254,60,Male,0,Graduate,Single,PA,65877,No,No,No,Cellular,Salaried,113031.0,4
C102255,22,Male,0,Uneducated,Single,NC,98207,Yes,Yes,Yes,Telephone,Government,116930.0,4
C102256,42,Male,2,College,Unknown,OH,18252,No,Yes,No,Email,Student,108942.0,5
C102257,36,Female,5,High School,Divorced,CA,49232,Yes,No,No,Cellular,Self-employed,105249.0,1
C102258,57,Male,3,Graduate,Single,PA,31378,Yes,No,No,Cellular,Government,28569.0,4
C102259,52,Male,3,Graduate,Divorced,TX,75344,Yes,Yes,No,Cellular,Unemployed,76638.0,5
C102260,30,Male,2,Graduate,Divorced,GA,49076,No,Yes,Yes,Telephone,Self-employed,63175.0,5
C102261,61,Female,5,Uneducated,Married,CA,23527,No,No,No,Email,Student,65416.0,4
C102262,54,Male,4,College,Divorced,MI,65565,Yes,Yes,No,Email,Salaried,67253.0,5
C102263,68,Female,3,Uneducated,Divorced,NY,37394,No,No,No,Email,Retired,130845.0,1
C102264,36,Male,5,Post-Graduate,Single,TX,35464,No,Yes,No,Email,Student,41769.0,2
C102265,69,Female,4,Graduate,Divorced,TX,32277,Yes,Yes,No,Cellular,Unemployed,158625.0,5
C102266,54,Female,1,Post-Graduate,Divorced,OH,99128,Yes,No,Yes,Email,Student,59733.0,4
C102267,57,Female,0,High School,Married,GA,64720,No,Yes,No,Cellular,Student,108092.0,1
C102268,60,Male,1,High School,Married,NC,88887,No,Yes,No,Telephone,Retired,20858.0,1
C102269,54,Male,2,Uneducated,Single,OH,18867,Yes,No,No,Telephone,Businessman,62728.0,5
C102270,64,Male,3,College,Single,GA,51122,No,No,Yes,Telephone,Government,123512.0,3
C102271,33,Female,1,Post-Graduate,Married,PA,71822,No,No,No,Email,Self-employed,162971.0,4
C102272,68,Male,0,College,Married,NY,48618,No,Yes,Yes,Email,Retired,169100.0,1
C102273,57,Male,3,Uneducated,Unknown,CA,20091,Yes,No,No,Cellular,Salaried,51885.0,4
C102274,32,Female,4,High School,Divorced,TX,53025,No,No,No,Email,Self-employed,168086.0,5
C102275,35,Male,3,College,Single,NC,39809,No,No,Yes,Telephone,Businessman,176569.0,5
C102276,50,Male,5,College,Single,OH,12083,Yes,No,No,Email,Salaried,58786.0,3
C102277,51,Female,0,High School,Divorced,NY,15283,No,Yes,No,Cellular,Businessman,97385.0,3
C102278,49,Female,3,Post-Graduate,Divorced,CA,14453,Yes,No,Yes,Telephone,Self-employed,129272.0,5
C102279,54,Male,1,High School,Single,NY,71702,Yes,Yes,No,Telephone,Salaried,83412.0,2
C102280,52,Female,2,College,Married,TX,85188,Yes,Yes,No,Cellular,Unemployed,29429.0,2
C102281,64,Male,1,Post-Graduate,Married,PA,98875,Yes,No,No,Telephone,Retired,45909.0,1
C102282,43,Male,5,Post-Graduate,Divorced,NC,98180,Yes,No,Yes,Cellular,Self-employed,80720.0,3
C102283,30,Male,3,High School,Single,GA,71000,Yes,No,Yes,Cellular,Government,176845.0,1
C102284,28,Male,5,College,Divorced,MI,42195,No,Yes,No,Email,Businessman,62623.0,4
C102285,41,Male,4,Uneducated,Married,NC,74353,Yes,No,No,Telephone,Government,86656.0,5
C102286,31,Female,3,College,Unknown,GA,84946,No,No,Yes,Email,Unemployed,24225.0,5
C102287,32,Female,5,Graduate,Unknown,OH,55474,Yes,No,No,Email,Unemployed,164468.0,2
C102288,69,Male,0,Uneducated,Married,PA,34483,Yes,Yes,No,Cellular,Government,85417.0,1
C102289,59,Female,1,Post-Graduate,Divorced,GA,11490,No,No,Yes,Cellular,Self-employed,150388.0,1
C102290,67,Female,1,Uneducated,Unknown,PA,11691,Yes,Yes,Yes,Email,Unemployed,132901.0,4
C102291,39,Male,3,Post-Graduate,Married,NY,21761,Yes,Yes,Yes,Cellular,Self-employed,35868.0,1
C102292,54,Female,2,Post-Graduate,Single,NC,14844,Yes,Yes,No,Telephone,Student,21236.0,4
C102293,58,Female,3,Uneducated,Divorced,NC,87798,Yes,No,No,Telephone,Student,145601.0,1
C102294,54,Male,2,Post-Graduate,Divorced,TX,51408,No,No,Yes,Email,Salaried,179498.0,3
C102295,66,Male,3,Post-Graduate,Unknown,NC,49719,Yes,Yes,No,Telephone,Self-employed,18802.0,5
C102296,46,Male,1,Graduate,Divorced,NY,19404,Yes,No,No,Email,Businessman,72216.0,4
C102297,60,Male,5,College,Unknown,TX,30689,Yes,Yes,No,Telephone,Self-employed,67235.0,5
C102298,36,Male,2,College,Unknown,PA,52057,No,No,No,Cellular,Self-employed,138089.0,5
C102299,39,Male,0,Graduate,Married,FL,59047,Yes,No,Yes,Telephone,Retired,174127.0,1
C102300,49,Male,5,Uneducated,Unknown,GA,99068,Yes,No,No,Cellular,Government,176861.0,1
C102301,65,Female,2,High School,Single,CA,56603,No,Yes,Yes,Email,Government,142316.0,4
C102302,58,Male,4,High School,Divorced,PA,90900,Yes,No,yes,Telephone,Unemployed,72457.0,2
C102303,56,Female,5,High School,Unknown,NY,96067,No,Yes,Yes,Cellular,Student,105702.0,2
C102304,41,Female,0,Graduate,Divorced,PA,66614,No,No,Yes,Cellular,Retired,161930.0,5
C102305,30,Male,3,Graduate,Unknown,CA,47427,No,No,No,Email,Salaried,137203.0,2
C102306,67,Female,4,Post-Graduate,Married,NY,60736,No,No,Yes,Email,Salaried,159912.0,3
C102307,43,Female,0,High School,Single,NC,37929,No,No,No,Telephone,Self-employed,19489.0,1
C102308,64,Female,3,Uneducated,Divorced,PA,92762,Yes,Yes,No,Telephone,Retired,24970.0,5
C102309,64,Male,2,Uneducated,Married,GA,34133,Yes,Yes,Yes,Telephone,Businessman,101937.0,1
C102310,27,Female,3,High School,Divorced,OH,40569,No,No,Yes,Cellular,Government,109513.0,2
C102311,58,Female,1,High School,Married,NC,68706,Yes,Yes,Yes,Email,Businessman,30555.0,3
C102312,25,Male,0,High School,Single,NC,39559,Yes,Yes,Yes,Telephone,Retired,125273.0,3
C102313,39,Female,2,Graduate,Unknown,FL,31527,No,Yes,No,Telephone,Government,80172.0,4
C102314,66,Female,3,Graduate,Married,OH,47350,No,No,No,Cellular,Retired,28871.0,5
C102315,53,Female,2,Graduate,Divorced,IL,13764,Yes,No,Yes,Telephone,Retired,119121.0,3
C102316,44,Female,2,College,Divorced,OH,61043,Yes,No,Yes,Cellular,Self-employed,144627.0,5
C102317,63,Female,5,Uneducated,Married,FL,97865,No,No,Yes,Cellular,Salaried,91338.0,5
C102318,43,Male,0,Uneducated,Single,MI,31153,Yes,Yes,No,Email,Retired,23923.0,5
C102319,42,Female,2,Post-Graduate,Single,CA,13878,No,Yes,Yes,Cellular,Self-employed,81701.0,1
C102320,56,Male,0,Graduate,Unknown,FL,45265,No,No,No,Email,Government,86485.0,5
C102321,66,Female,2,College,Unknown,MI,63766,No,No,No,Cellular,Retired,130123.0,2
C102322,41,Male,2,College,Divorced,TX,88299,Yes,No,Yes,Email,Salaried,160436.0,3
C102323,38,Male,3,Uneducated,nan,NC,32010,No,Yes,No,Cellular,Businessman,153774.0,1
C102324,58,Male,4,Graduate,Unknown,IL,55548,No,No,No,Telephone,Businessman,45752.0,3
C102325,47,Female,0,Post-Graduate,Unknown,FL,59798,No,No,No,Email,Student,72939.0,2
C102326,57,Female,1,Graduate,Unknown,GA,51768,No,No,Yes,Email,Unemployed,61142.0,1
C102327,69,Female,5,High School,Married,IL,47017,No,Yes,Yes,Cellular,Businessman,63844.0,4
C102328,45,Female,0,Graduate,Unknown,TX,45315,Yes,No,No,Telephone,Student,125453.0,2
C102329,59,Female,2,High School,Married,NY,22990,Yes,Yes,Yes,Telephone,Salaried,163624.0,4
C102330,50,Male,5,High School,Married,GA,10079,Yes,No,No,Email,Self-employed,103457.0,3
C102331,63,Male,4,Post-Graduate,Unknown,NY,60608,No,No,Yes,Telephone,Retired,132474.0,2
C102332,34,Male,5,Uneducated,Single,GA,94390,Yes,No,No,Telephone,Retired,65692.0,4
C102333,54,Female,0,Graduate,Single,IL,91469,No,Yes,Yes,Cellular,Unemployed,131543.0,4
C102334,52,Female,2,High School,Divorced,GA,46433,Yes,No,Yes,Telephone,Self-employed,37828.0,1
C102335,51,Male,5,Graduate,Unknown,IL,82977,Yes,Yes,No,Telephone,Retired,85054.0,1
C102336,69,Female,1,Uneducated,Divorced,CA,90432,No,No,Yes,Telephone,Salaried,168157.0,3
C102337,22,Female,5,Uneducated,Unknown,NY,74545,Yes,Yes,No,Telephone,Retired,57500.0,2
C102338,67,Male,5,College,Divorced,PA,83526,Yes,No,Yes,Cellular,Unemployed,179801.0,4
C102339,59,Male,3,Uneducated,Married,TX,44691,Yes,No,Yes,Cellular,Retired,82976.0,2
C102340,55,Female,3,Post-Graduate,Unknown,GA,47977,No,Yes,Yes,Telephone,Salaried,118331.0,5
C102341,43,Female,0,High School,Single,IL,69235,Yes,Yes,Yes,Cellular,Government,105350.0,3
C102342,26,Male,0,College,Unknown,TX,17828,No,No,No,Email,Businessman,98385.0,3
C102343,41,Female,1,Post-Graduate,Divorced,MI,89903,No,No,No,Cellular,Businessman,88190.0,1
C102344,46,Male,3,Graduate,Divorced,OH,90917,No,No,No,Cellular,Businessman,152234.0,4
C102345,50,Male,2,nan,Divorced,GA,60816,Yes,Yes,No,Cellular,Student,142194.0,2
C102346,61,Male,0,Uneducated,Divorced,FL,28789,Yes,No,Yes,Email,Businessman,50120.0,4
C102347,62,Female,4,High School,Divorced,NC,27593,No,Yes,Yes,Email,Retired,152205.0,3
C102348,50,Male,3,Graduate,Divorced,PA,33205,No,Yes,No,Email,Retired,134330.0,4
C102349,28,Male,2,College,Single,CA,34121,Yes,Yes,No,Cellular,Government,98617.0,3
C102350,59,Female,3,College,Divorced,IL,18503,Yes,No,No,Email,Self-employed,54722.0,5
C102351,53,Male,5,College,Single,IL,50607,Yes,No,No,Email,Unemployed,43045.0,4
C102352,30,Female,1,Uneducated,Unknown,OH,49447,Yes,No,Yes,Cellular,Self-employed,177311.0,3
C102353,38,Female,4,Post-Graduate,Married,OH,75131,No,No,No,Telephone,Retired,76874.0,4
C102354,68,Female,2,Post-Graduate,Single,PA,62838,Yes,Yes,Yes,Cellular,Student,145691.0,4
C102355,56,Male,2,High School,Unknown,GA,88155,No,No,Yes,Cellular,Government,70929.0,2
C102356,61,Male,0,Uneducated,Married,NY,97015,No,Yes,Yes,Cellular,Salaried,52509.0,4
C102357,31,Female,1,College,Single,OH,29248,Yes,Yes,Yes,Telephone,Retired,96031.0,4
C102358,64,Female,1,College,Single,MI,79511,Yes,Yes,Yes,Cellular,Self-employed,24898.0,4
C102359,28,Female,2,Graduate,Unknown,OH,65395,Yes,No,Yes,Cellular,Unemployed,51889.0,3
C102360,21,Male,3,Graduate,Divorced,FL,37266,Yes,No,Yes,Telephone,Government,66137.0,3
C102361,28,Female,2,College,Single,MI,30731,Yes,No,No,Cellular,Unemployed,66747.0,4
C102362,25,Female,2,College,Single,NY,91633,Yes,Yes,No,Cellular,Unemployed,138600.0,5
C102363,21,Female,2,Uneducated,Unknown,FL,26680,Yes,Yes,Yes,Cellular,Salaried,19138.0,4
C102364,23,Male,2,Post-Graduate,Divorced,FL,57512,No,No,No,Telephone,Unemployed,164970.0,4
C102365,47,Female,2,Graduate,Married,PA,26330,No,Yes,Yes,Cellular,Student,151564.0,3
C102366,65,Male,2,nan,Divorced,OH,70014,Yes,Yes,No,Telephone,Retired,121945.0,1
C102367,68,Male,3,Uneducated,Divorced,TX,68377,No,Yes,No,Telephone,Businessman,136150.0,1
C102368,43,Female,4,College,Unknown,MI,88458,No,No,No,Email,Retired,50098.0,4
C102369,64,Female,5,Post-Graduate,Divorced,CA,36923,Yes,No,No,Cellular,Government,129553.0,5
C102370,59,Female,4,College,Unknown,TX,66883,No,No,No,Cellular,Retired,44727.0,2
C102371,60,Male,0,College,Married,NC,23013,Yes,Yes,No,Email,Self-employed,33882.0,3
C102372,31,Male,4,High School,Single,CA,47426,Yes,No,No,Email,Student,62436.0,2
C102373,65,Male,3,Post-Graduate,Single,GA,58332,No,No,No,Cellular,Retired,145949.0,2
C102374,31,Female,2,Post-Graduate,Unknown,NY,56230,Yes,Yes,Yes,Cellular,Government,50406.0,5
C102375,56,Male,1,College,Unknown,PA,98668,Yes,Yes,Yes,Email,Student,124432.0,5
C102376,58,Female,3,Uneducated,Divorced,TX,68578,Yes,No,Yes,Cellular,Salaried,102549.0,1
C102377,51,Female,1,High School,Divorced,OH,70099,No,No,No,Cellular,Government,100365.0,3
C102378,44,Female,0,College,Single,NY,87188,No,No,Yes,Cellular,Retired,147264.0,1
C102379,39,Male,5,Graduate,Single,FL,23342,Yes,Yes,Yes,Email,Retired,43769.0,5
C102380,52,Male,3,Graduate,Single,MI,36774,Yes,No,No,Email,Businessman,37812.0,5
C102381,60,Male,2,High School,Unknown,NC,65388,No,Yes,Yes,Telephone,Salaried,102932.0,3
C102382,58,Female,2,Uneducated,Married,PA,23001,No,No,Yes,Telephone,Businessman,99331.0,3
C102383,37,Male,5,College,Married,FL,71804,Yes,No,No,Cellular,Student,135632.0,4
C102384,55,Male,5,Post-Graduate,Unknown,NY,11513,No,Yes,No,Cellular,Unemployed,137936.0,4
C102385,32,Female,3,High School,Divorced,MI,90824,Yes,No,Yes,Telephone,Businessman,55595.0,2
C102386,35,Female,3,Uneducated,nan,NC,16629,No,Yes,No,Telephone,Salaried,106990.0,3
C102387,59,Male,2,Post-Graduate,Divorced,FL,35157,No,No,No,Telephone,Salaried,172857.0,3
C102388,33,Female,1,Graduate,Single,NC,70852,No,No,Yes,Cellular,Salaried,49646.0,1
C102389,50,Male,3,Graduate,Single,NY,68031,No,No,No,Cellular,Retired,50147.0,1
C102390,62,Female,5,Post-Graduate,Divorced,OH,86560,Yes,No,Yes,Telephone,Student,81571.0,4
C102391,39,Female,2,High School,Single,IL,73847,Yes,No,No,Email,Self-employed,178520.0,2
C102392,29,Male,4,Graduate,Unknown,GA,24891,No,Yes,No,Telephone,Student,69466.0,5
C102393,48,Female,3,College,Divorced,GA,11604,Yes,No,Yes,Email,Salaried,83529.0,4
C102394,64,Female,0,Post-Graduate,Divorced,FL,98718,Yes,No,No,Email,Student,101370.0,1
C102395,63,Female,5,Post-Graduate,Divorced,FL,56121,No,Yes,No,Cellular,Unemployed,164490.0,5
C102396,45,Male,0,Graduate,Married,GA,51047,No,No,Yes,Email,Government,91325.0,2
C102397,60,Female,5,High School,Divorced,TX,19033,Yes,Yes,No,Email,Unemployed,102862.0,1
C102398,61,Female,3,College,Divorced,OH,66728,No,No,No,Telephone,Unemployed,110533.0,4
C102399,24,Male,2,High School,Divorced,GA,97115,Yes,No,No,Telephone,Government,42619.0,4
C102400,57,Male,1,Uneducated,Married,GA,98019,No,Yes,No,Email,Self-employed,51090.0,2
C102401,27,Female,3,Uneducated,Single,MI,67100,Yes,Yes,Yes,Telephone,Unemployed,145013.0,4
C102402,61,Female,0,Graduate,Married,FL,48703,No,No,No,Telephone,Student,153404.0,2
C102403,24,Female,1,Graduate,Unknown,NC,32668,No,Yes,No,Telephone,Unemployed,43871.0,3
C102404,43,Male,4,Graduate,Divorced,MI,96147,Yes,No,No,Telephone,Unemployed,115573.0,1
C102405,64,Female,1,Uneducated,Unknown,FL,80558,No,Yes,No,Email,Retired,92978.0,3
C102406,64,Male,4,High School,Married,GA,50122,Yes,Yes,No,Email,Unemployed,56740.0,3
C102407,26,Male,5,High School,Single,PA,52351,Yes,Yes,Yes,Email,Student,18410.0,4
C102408,65,Female,0,Graduate,Single,IL,95166,No,Yes,No,Email,Government,70366.0,5
C102409,29,Female,4,College,Divorced,FL,57283,No,Yes,Yes,Email,Salaried,111407.0,4
C102410,29,Male,1,High School,Single,IL,21791,No,No,Yes,Cellular,Businessman,32436.0,1
C102411,41,Female,0,Uneducated,Married,CA,19003,No,No,Yes,Telephone,Salaried,99339.0,4
C102412,23,Female,1,Post-Graduate,Married,OH,16550,Yes,Yes,Yes,Cellular,Self-employed,117661.0,1
C102413,33,Male,3,Post-Graduate,Single,GA,65644,Yes,No,No,Email,Businessman,178806.0,5
C102414,58,Female,1,Post-Graduate,Divorced,NC,86637,No,Yes,Yes,Telephone,Salaried,67842.0,5
C102415,38,Male,3,College,Divorced,TX,75767,Yes,No,No,Email,Student,66679.0,5
C102416,66,Female,3,Graduate,Married,NC,37111,No,Yes,No,Cellular,Retired,72005.0,1
C102417,51,Male,4,Uneducated,Single,MI,31457,Yes,Yes,Yes,Email,Unemployed,115342.0,5
C102418,49,Male,3,College,Married,IL,80980,No,No,Yes,Telephone,Student,105685.0,3
C102419,22,Female,4,Uneducated,Married,MI,30537,No,Yes,No,Email,Government,174709.0,4
C102420,51,Male,3,Uneducated,Unknown,PA,64535,Yes,No,Yes,Email,Student,133973.0,4
C102421,58,Male,5,Graduate,Married,CA,75026,No,Yes,No,Telephone,Student,116418.0,1
C102422,27,Female,0,Post-Graduate,Divorced,NC,12102,Yes,Yes,Yes,Cellular,Self-employed,38789.0,2
C102423,60,Female,4,Graduate,Single,NC,20661,No,Yes,No,Cellular,Unemployed,78978.0,2
C102424,30,Female,1,College,Single,PA,14042,Yes,No,No,Telephone,Retired,170737.0,4
C102425,33,Male,4,College,Unknown,GA,87212,Yes,Yes,Yes,Telephone,Businessman,161752.0,2
C102426,21,Male,5,College,Unknown,FL,86206,Yes,No,Yes,Cellular,Salaried,64293.0,2
C102427,57,Male,0,Graduate,Divorced,IL,86223,Yes,No,Yes,Telephone,Salaried,125551.0,2
C102428,45,Female,3,Uneducated,Unknown,IL,85171,No,No,Yes,Cellular,Self-employed,118754.0,1
C102429,50,Male,0,Uneducated,Married,OH,85635,No,No,No,Email,Businessman,146047.0,3
C102430,22,Male,2,High School,Married,OH,66414,No,Yes,Yes,Cellular,Unemployed,93372.0,5
C102431,56,Female,0,College,Divorced,OH,13285,Yes,Yes,No,Telephone,Student,57184.0,1
C102432,44,Male,0,Uneducated,Single,IL,46410,No,Yes,No,Email,Retired,55179.0,3
C102433,32,Female,0,High School,Divorced,FL,83433,No,Yes,No,Telephone,Unemployed,105034.0,5
C102434,25,Female,1,Uneducated,Unknown,GA,29085,No,No,No,Cellular,Self-employed,172982.0,5
C102435,35,Female,1,College,Single,CA,74327,No,No,Yes,Email,Student,148597.0,1
C102436,62,Male,0,Post-Graduate,Single,CA,57316,Yes,No,Yes,Cellular,Salaried,39103.0,4
C102437,69,Male,2,College,Single,PA,17334,No,Yes,No,Email,Self-employed,19703.0,1
C102438,66,Male,2,Graduate,Unknown,NY,93993,No,No,No,Telephone,Retired,72914.0,5
C102439,27,Female,4,Uneducated,Married,TX,73314,Yes,No,Yes,Cellular,Self-employed,98617.0,2
C102440,22,Female,0,Uneducated,Married,FL,41704,No,Yes,Yes,Email,Self-employed,55210.0,2
C102441,23,Female,4,Graduate,Unknown,NY,17567,Yes,Yes,No,Email,Unemployed,98617.0,4
C102442,24,Male,3,Graduate,Unknown,MI,79453,No,Yes,No,Email,Salaried,141931.0,1
C102443,68,Male,2,Post-Graduate,Divorced,OH,64183,Yes,Yes,No,Cellular,Retired,126391.0,5
C102444,36,Male,3,Uneducated,Divorced,MI,98116,Yes,Yes,Yes,Telephone,Salaried,92916.0,2
C102445,47,Male,3,Uneducated,Married,CA,44876,No,Yes,Yes,Telephone,Government,117754.0,3
C102446,42,Male,0,Post-Graduate,Unknown,TX,82153,No,Yes,Yes,Email,Retired,115227.0,2
C102447,23,Female,2,High School,Divorced,NY,18983,No,No,No,Telephone,Salaried,88555.0,4
C102448,69,Male,4,Post-Graduate,Unknown,NC,31957,No,No,Yes,Cellular,Retired,76182.0,1
C102449,37,Female,3,College,Unknown,GA,57924,No,No,No,Telephone,Salaried,175614.0,1
C102450,42,Female,0,Uneducated,Married,TX,11878,No,Yes,Yes,Telephone,Student,55541.0,2
C102451,27,Male,1,Graduate,Married,IL,57855,Yes,Yes,No,Cellular,Salaried,141072.0,3
C102452,50,Female,2,College,Unknown,TX,79398,Yes,No,Yes,Cellular,Retired,104677.0,1
C102453,28,Male,1,Uneducated,Single,PA,25897,Yes,Yes,No,Telephone,Businessman,71341.0,1
C102454,39,Male,5,Post-Graduate,Single,IL,65479,Yes,No,No,Telephone,Student,162376.0,5
C102455,27,Female,4,College,Unknown,NY,39935,No,Yes,No,Telephone,Retired,106019.0,4
C102456,21,Male,4,Uneducated,Married,MI,42260,Yes,No,Yes,Email,Retired,98562.0,5
C102457,36,Male,4,High School,Single,GA,74416,Yes,No,Yes,Cellular,Retired,70935.0,4
C102458,60,Female,2,High School,Married,PA,47476,Yes,Yes,No,Email,Government,32124.0,1
C102459,51,Female,3,Graduate,Single,TX,90803,No,Yes,No,Email,Businessman,92497.0,3
C102460,59,Female,0,Uneducated,Unknown,CA,79606,No,Yes,No,Email,Government,65033.0,3
C102461,47,Female,5,High School,Divorced,IL,33259,No,Yes,No,Email,Self-employed,79021.0,1
C102462,30,Female,3,Post-Graduate,Divorced,NY,13490,Yes,No,No,Telephone,Unemployed,132531.0,4
C102463,54,Female,2,Uneducated,Married,NY,47436,No,No,No,Cellular,Self-employed,60985.0,5
C102464,67,Male,5,Post-Graduate,Married,NC,60841,Yes,No,No,Telephone,Self-employed,149941.0,5
C102465,34,Male,1,Post-Graduate,Single,MI,45382,Yes,No,No,Cellular,Unemployed,54634.0,5
C102466,22,Male,0,High School,Unknown,OH,16911,Yes,No,No,Email,Salaried,125617.0,4
C102467,59,Female,4,Uneducated,Single,PA,37035,No,No,Yes,Cellular,Unemployed,46152.0,1
C102468,42,Male,1,College,Unknown,CA,34597,No,Yes,No,Cellular,Salaried,66531.0,3
C102469,46,Female,5,High School,Unknown,MI,74432,No,No,No,Cellular,Student,105978.0,5
C102470,64,Male,3,High School,Married,NY,31987,Yes,Yes,No,Cellular,Businessman,54127.0,4
C102471,25,Male,0,Uneducated,Divorced,OH,23303,No,No,No,Telephone,Unemployed,52521.0,4
C102472,58,Male,4,Uneducated,Divorced,TX,38303,No,Yes,Yes,Email,Businessman,154342.0,5
C102473,36,Female,0,Post-Graduate,Married,NY,32533,No,Yes,No,Telephone,Retired,55889.0,1
C102474,32,Female,3,Uneducated,Divorced,PA,98026,Yes,No,No,Email,Self-employed,36493.0,3
C102475,61,Female,2,Post-Graduate,Married,GA,78257,Yes,Yes,No,Telephone,Self-employed,112943.0,3
C102476,64,Female,3,High School,Single,GA,37545,Yes,No,No,Telephone,Retired,117384.0,4
C102477,62,Male,2,Graduate,Unknown,NY,82313,Yes,Yes,No,Telephone,Salaried,108671.0,1
C102478,37,Male,4,College,Divorced,PA,21985,No,No,Yes,Cellular,Government,139477.0,2
C102479,45,Female,3,High School,Divorced,IL,64196,No,Yes,No,Cellular,Retired,21978.0,3
C102480,44,Female,3,Uneducated,Single,OH,94652,Yes,No,No,Cellular,Unemployed,71868.0,2
C102481,31,Female,3,College,Single,FL,31268,No,No,No,Cellular,Businessman,151421.0,4
C102482,38,Male,3,Graduate,Divorced,NY,55802,Yes,No,Yes,Telephone,Businessman,173704.0,3
C102483,56,Female,2,Graduate,Divorced,MI,67656,No,Yes,Yes,Telephone,Government,163346.0,1
C102484,23,Female,2,Post-Graduate,Married,TX,94599,No,No,Yes,Email,Businessman,101379.0,2
C102485,39,Male,1,College,Married,NC,18712,No,No,Yes,Cellular,Businessman,66157.0,5
C102486,26,Female,4,Post-Graduate,Divorced,MI,16995,Yes,No,No,Cellular,Unemployed,175238.0,2
C102487,43,Female,4,High School,Married,GA,38736,No,No,No,Cellular,Salaried,165605.0,4
C102488,60,Male,2,College,Single,NC,85421,No,Yes,Yes,Cellular,Businessman,105811.0,4
C102489,27,Female,1,High School,Unknown,IL,87232,No,Yes,Yes,Cellular,Self-employed,131668.0,4
C102490,67,Female,1,Post-Graduate,Married,IL,75402,No,Yes,No,Cellular,Self-employed,71141.0,1
C102491,64,Male,3,College,Unknown,OH,70041,Yes,No,Yes,Telephone,Student,141203.0,1
C102492,67,Female,1,Post-Graduate,Married,OH,78168,Yes,Yes,No,Cellular,Salaried,151802.0,4
C102493,29,Male,4,College,Divorced,CA,72833,Yes,Yes,Yes,Cellular,Salaried,60363.0,3
C102494,22,Female,0,Post-Graduate,nan,IL,34591,No,Yes,Yes,Telephone,Self-employed,158687.0,5
C102495,67,Female,2,Graduate,Unknown,GA,23636,No,Yes,Yes,Email,Salaried,160569.0,1
C102496,65,Female,3,Post-Graduate,Unknown,OH,11343,No,Yes,Yes,Telephone,Unemployed,57609.0,3
C102497,68,Female,1,Graduate,Divorced,NY,36715,Yes,Yes,Yes,Cellular,Salaried,104473.0,2
C102498,67,Female,2,Post-Graduate,Unknown,GA,86710,Yes,No,Yes,Telephone,Student,104304.0,2
C102499,31,Male,2,College,Divorced,NY,72767,No,No,No,Cellular,Government,94382.0,3
C102500,23,Female,2,College,Divorced,MI,54301,Yes,Yes,No,Telephone,Retired,89909.0,5
C102501,62,Female,4,College,Unknown,CA,77040,Yes,No,No,Email,Businessman,116539.0,2
C102502,69,Male,3,Uneducated,Single,TX,78707,No,No,No,Cellular,Student,177999.0,3
C102503,50,Male,0,High School,Unknown,TX,20228,Yes,No,Yes,Telephone,Unemployed,95760.0,3
C102504,28,Female,3,College,Unknown,PA,48256,No,No,No,Telephone,Government,22494.0,4
C102505,57,Male,5,Graduate,Married,TX,52286,Yes,No,Yes,Telephone,Businessman,22642.0,3
C102506,41,Female,1,College,Unknown,OH,62004,Yes,Yes,Yes,Cellular,Self-employed,132601.0,5
C102507,28,Male,5,Uneducated,Married,GA,48922,Yes,Yes,Yes,Telephone,Government,137932.0,4
C102508,67,Male,3,Graduate,Married,TX,15559,Yes,No,No,Cellular,Businessman,34639.0,5
C102509,31,Female,4,Uneducated,Unknown,NC,49191,No,Yes,Yes,Cellular,nan,78427.0,5
C102510,61,Male,0,Graduate,Divorced,CA,79548,No,Yes,Yes,Email,Businessman,49325.0,4
C102511,54,Female,3,Post-Graduate,Single,TX,18606,Yes,Yes,Yes,Email,Salaried,52664.0,4
C102512,59,Male,1,High School,Unknown,TX,59076,No,Yes,Yes,Telephone,Retired,88805.0,2
C102513,36,Male,3,High School,Unknown,OH,22513,Yes,Yes,No,Cellular,Businessman,122867.0,2
C102514,27,Male,4,Uneducated,Divorced,IL,35840,No,Yes,Yes,Telephone,Self-employed,149489.0,4
C102515,24,Female,2,High School,Married,FL,99832,Yes,Yes,No,Cellular,Student,110056.0,5
C102516,52,Female,4,Uneducated,Divorced,NY,15238,No,No,Yes,Cellular,Unemployed,98294.0,1
C102517,57,Male,4,Uneducated,Divorced,OH,34082,Yes,No,No,Telephone,Government,74890.0,3
C102518,66,Female,4,Uneducated,Married,TX,80048,Yes,No,No,Cellular,Businessman,57883.0,4
C102519,42,Female,0,High School,Unknown,OH,30897,No,Yes,No,Telephone,Student,108545.0,3
C102520,27,Female,5,Uneducated,Divorced,MI,49738,Yes,No,No,Cellular,Self-employed,73456.0,2
C102521,33,Male,3,High School,Divorced,OH,58958,Yes,Yes,No,Telephone,Unemployed,65494.0,3
C102522,38,Female,1,Uneducated,Unknown,NY,48599,Yes,No,No,Telephone,Retired,40660.0,2
C102523,62,Male,2,College,Unknown,OH,30366,Yes,No,No,Email,Government,68397.0,4
C102524,54,Male,2,Uneducated,Single,PA,93560,No,Yes,Yes,Email,Unemployed,124246.0,2
C102525,33,Male,5,Graduate,Divorced,MI,23326,No,No,Yes,Cellular,Businessman,111587.0,5
C102526,54,Male,0,Uneducated,Single,FL,60793,Yes,Yes,No,Telephone,Self-employed,99582.0,5
C102527,49,Male,1,Post-Graduate,Married,IL,21764,Yes,No,No,Telephone,Salaried,174368.0,5
C102528,67,Female,5,Uneducated,Unknown,GA,60983,No,No,No,Telephone,Student,113988.0,3
C102529,25,Female,2,Graduate,Unknown,IL,17854,No,Yes,Yes,Telephone,Student,129050.0,3
C102530,51,Male,1,Graduate,Single,TX,24226,Yes,No,Yes,Telephone,Businessman,73261.0,1
C102531,31,Female,1,High School,Divorced,NY,84131,Yes,No,Yes,Cellular,Self-employed,94627.0,3
C102532,58,Female,3,College,Married,PA,20218,No,No,No,Email,Government,172175.0,1
C102533,67,Female,0,Uneducated,Divorced,PA,17973,Yes,No,No,Telephone,Government,95121.0,4
C102534,24,Female,4,High School,Divorced,OH,25599,No,No,No,Telephone,Government,120490.0,4
C102535,27,Female,4,College,Single,GA,30216,No,Yes,Yes,Telephone,Government,141218.0,4
C102536,43,Female,5,Uneducated,Divorced,FL,58055,No,Yes,No,Cellular,Businessman,72305.0,4
C102537,51,Female,2,Post-Graduate,Single,GA,27031,Yes,Yes,No,Email,Businessman,148971.0,3
C102538,37,Male,2,Uneducated,Unknown,CA,92247,No,Yes,No,Email,Unemployed,64785.0,5
C102539,30,Male,0,Graduate,Unknown,PA,67344,No,Yes,Yes,Telephone,Student,155482.0,5
C102540,42,Male,3,Graduate,Unknown,PA,53765,Yes,Yes,No,Cellular,Unemployed,126471.0,2
C102541,50,Female,2,Post-Graduate,Married,TX,87364,No,No,No,Email,Self-employed,39997.0,4
C102542,49,Female,5,High School,Married,NC,81670,No,Yes,Yes,Email,Salaried,177200.0,5
C102543,37,Male,5,College,Divorced,IL,62032,No,Yes,Yes,Cellular,Businessman,79303.0,1
C102544,63,Female,5,Uneducated,Single,CA,22283,No,No,Yes,Email,Unemployed,85163.0,4
C102545,41,Female,5,Graduate,Divorced,OH,89224,No,No,Yes,Cellular,Government,63067.0,1
C102546,42,Male,5,High School,Unknown,MI,21978,No,Yes,No,Email,Salaried,33480.0,3
C102547,68,Male,2,Post-Graduate,Divorced,TX,66954,Yes,No,No,Cellular,Unemployed,63842.0,4
C102548,59,Male,1,Graduate,Divorced,MI,24508,Yes,No,No,Telephone,Student,61556.0,4
C102549,60,Female,0,Post-Graduate,Divorced,MI,92853,Yes,No,Yes,Email,Government,169748.0,5
C102550,68,Female,4,Uneducated,Unknown,FL,63019,No,No,Yes,Email,Retired,139671.0,3
C102551,68,Female,0,College,Single,PA,56273,No,Yes,Yes,Email,Self-employed,28991.0,2
C102552,42,Male,5,Graduate,Divorced,GA,28305,No,Yes,Yes,Cellular,Salaried,45255.0,1
C102553,47,Male,4,Graduate,Unknown,FL,83557,Yes,No,No,Email,Student,140131.0,4
C102554,43,Female,1,Uneducated,Married,NC,38837,Yes,No,No,Email,Unemployed,139156.0,1
C102555,24,Male,3,High School,Single,GA,35948,No,No,Yes,Cellular,Businessman,66073.0,4
C102556,46,Male,4,College,Unknown,MI,15159,Yes,Yes,No,Email,Self-employed,53700.0,4
C102557,59,Female,1,Graduate,Divorced,MI,35794,Yes,No,No,Email,Government,119595.0,2
C102558,37,Male,3,College,Unknown,PA,54802,No,Yes,Yes,Cellular,Salaried,134863.0,5
C102559,23,Male,1,Graduate,Single,OH,25345,Yes,Yes,No,Cellular,Student,45403.0,1
C102560,37,Male,3,College,Divorced,GA,36216,Yes,No,No,Cellular,Salaried,125918.0,1
C102561,63,Female,2,Post-Graduate,Married,NY,75810,Yes,No,No,Email,Self-employed,172050.0,3
C102562,60,Female,5,Graduate,Married,IL,78265,Yes,No,Yes,Telephone,Unemployed,128142.0,3
C102563,39,Male,3,College,Married,OH,27250,No,No,Yes,Cellular,Businessman,104900.0,5
C102564,59,Female,4,nan,Unknown,GA,62347,No,No,Yes,Email,Businessman,75843.0,5
C102565,38,Female,3,Post-Graduate,Single,IL,53511,Yes,No,Yes,Telephone,Unemployed,160243.0,3
C102566,48,Female,0,Post-Graduate,Married,TX,84919,Yes,No,yes,Telephone,Retired,141910.0,3
C102567,35,Male,3,High School,Divorced,PA,19675,Yes,Yes,Yes,Cellular,Self-employed,31568.0,3
C102568,46,Female,1,College,Divorced,IL,27923,Yes,Yes,No,Cellular,Government,96042.0,5
C102569,55,Male,4,Uneducated,Divorced,GA,80321,No,Yes,No,Cellular,Salaried,76288.0,3
C102570,36,Male,5,High School,Unknown,NC,55028,No,No,Yes,Cellular,Government,59514.0,2
C102571,35,Female,2,College,Single,NC,28576,Yes,Yes,Yes,Cellular,Student,122742.0,5
C102572,25,Male,5,High School,Single,PA,22771,Yes,Yes,Yes,Email,Government,123162.0,3
C102573,66,Female,2,High School,Married,FL,35723,Yes,No,Yes,Email,Retired,108282.0,5
C102574,44,Female,1,Graduate,Single,FL,89894,Yes,Yes,No,Cellular,Self-employed,34020.0,2
C102575,22,Male,2,nan,Divorced,NC,61536,No,No,No,Email,Retired,21188.0,1
C102576,56,Male,4,Uneducated,Divorced,FL,30065,Yes,Yes,No,Cellular,Businessman,115294.0,3
C102577,65,Female,1,Graduate,Unknown,GA,26717,Yes,No,Yes,Cellular,Retired,161013.0,2
C102578,68,Female,4,High School,Divorced,NC,33601,No,No,Yes,Telephone,Self-employed,106342.0,4
C102579,51,Female,2,High School,Single,IL,15629,Yes,No,Yes,Cellular,Self-employed,51370.0,5
C102580,50,Female,5,High School,Divorced,PA,65580,No,Yes,Yes,Telephone,Salaried,116514.0,1
C102581,32,Male,2,College,Married,TX,13308,No,No,No,Email,Self-employed,100668.0,4
C102582,57,Male,0,College,Unknown,IL,48288,Yes,Yes,Yes,Cellular,Student,150299.0,3
C102583,41,Male,1,Graduate,Unknown,IL,91984,YES,Yes,No,Telephone,Salaried,153958.0,4
C102584,32,Female,3,Uneducated,Single,NY,97228,Yes,No,No,Telephone,Salaried,117697.0,3
C102585,60,Male,1,Graduate,Divorced,MI,46034,Yes,Yes,No,Email,Government,62279.0,2
C102586,57,Male,4,Post-Graduate,Divorced,PA,99114,No,Yes,Yes,Telephone,Retired,129661.0,2
C102587,55,Male,2,High School,Single,NC,15507,No,Yes,Yes,Cellular,Self-employed,96573.0,1
C102588,42,Male,5,High School,Single,OH,60796,No,No,No,Cellular,Government,112453.0,4
C102589,65,Female,0,High School,Married,GA,57381,Yes,Yes,Yes,Telephone,Government,175789.0,5
C102590,56,Male,5,Graduate,Single,NY,28208,Yes,Yes,Yes,Cellular,Retired,102367.0,2
C102591,28,Male,1,Graduate,Divorced,NC,62217,Yes,Yes,Yes,Cellular,Salaried,75759.0,2
C102592,47,Male,5,High School,Married,TX,18389,Yes,Yes,No,Telephone,Government,131832.0,3
C102593,47,Male,4,Graduate,Unknown,MI,26408,Yes,Yes,No,Email,Government,60427.0,1
C102594,56,Female,0,College,Divorced,IL,92497,No,Yes,No,Email,Salaried,19428.0,1
C102595,27,Female,0,College,Unknown,OH,14887,No,No,No,Cellular,Salaried,128845.0,3
C102596,23,Male,0,Graduate,Unknown,FL,18784,No,No,No,Telephone,Businessman,143379.0,5
C102597,24,Female,2,High School,Unknown,OH,93976,Yes,No,Yes,Cellular,Self-employed,125014.0,2
C102598,44,Female,4,Graduate,Divorced,GA,67710,Yes,No,Yes,Cellular,Businessman,92474.0,1
C102599,28,Female,0,Graduate,Unknown,MI,56731,Yes,Yes,No,Telephone,Retired,135061.0,3
C102600,65,Female,5,Graduate,Divorced,MI,32073,Yes,Yes,No,Email,Unemployed,120675.0,4
C102601,33,Male,5,Post-Graduate,Unknown,FL,39708,Yes,Yes,No,Cellular,Salaried,45706.0,1
C102602,29,Female,5,College,Single,IL,55037,No,Yes,No,Email,Student,168761.0,2
C102603,40,Female,2,Uneducated,Single,TX,78680,Yes,No,Yes,Cellular,Government,28027.0,2
C102604,40,Male,2,Uneducated,Divorced,IL,62106,No,No,No,Telephone,Government,105632.0,2
C102605,25,Male,2,Post-Graduate,Unknown,GA,55119,Yes,Yes,Yes,Telephone,Salaried,146295.0,4
C102606,66,Male,1,Graduate,Unknown,TX,39859,No,Yes,No,Email,Government,58915.0,4
C102607,25,Male,5,Post-Graduate,Unknown,IL,94518,Yes,Yes,Yes,Cellular,Businessman,106705.0,2
C102608,55,Female,2,Post-Graduate,Single,MI,80546,Yes,No,Yes,Telephone,Government,112859.0,3
C102609,21,Male,4,High School,Unknown,CA,18058,No,No,Yes,Cellular,Student,157212.0,3
C102610,62,Female,3,College,Unknown,NY,18858,Yes,No,No,Cellular,Self-employed,162832.0,2
C102611,35,Female,1,Uneducated,Divorced,TX,34084,Yes,Yes,No,Email,Retired,125985.0,3
C102612,37,Male,0,Graduate,Unknown,CA,35369,Yes,Yes,No,Cellular,Retired,42141.0,5
C102613,32,Male,2,Uneducated,Single,NC,89327,No,Yes,No,Cellular,Retired,130862.0,2
C102614,66,Female,5,Uneducated,Unknown,NC,53472,No,No,Yes,Email,Unemployed,55975.0,1
C102615,56,Female,1,College,Single,IL,28677,Yes,No,No,Telephone,Businessman,93480.0,5
C102616,63,Male,1,Uneducated,Single,FL,53437,No,No,No,Cellular,Self-employed,70217.0,5
C102617,35,Male,4,Uneducated,Married,IL,50184,YES,Yes,No,Cellular,Self-employed,42291.0,3
C102618,34,Male,0,Post-Graduate,Single,FL,39626,No,No,No,Telephone,Student,161885.0,5
C102619,47,Female,3,College,Married,IL,12027,No,Yes,No,Email,Retired,111073.0,4
C102620,42,Female,3,High School,Married,OH,36638,No,Yes,Yes,Telephone,Student,82153.0,3
C102621,29,Male,5,Graduate,Unknown,GA,95105,Yes,Yes,Yes,Cellular,Student,146477.0,3
C102622,67,Female,1,Uneducated,Married,NY,72528,Yes,No,Yes,Cellular,Student,137491.0,4
C102623,41,Male,1,Graduate,Divorced,FL,97325,Yes,No,No,Email,Retired,112375.0,5
C102624,23,Female,0,High School,Single,GA,93031,No,No,No,Email,Businessman,112915.0,3
C102625,51,Female,5,Graduate,Divorced,OH,43263,No,No,Yes,Telephone,Unemployed,162698.0,3
C102626,33,Male,1,High School,Married,NC,25082,No,No,No,Email,Student,30922.0,1
C102627,22,Male,2,Post-Graduate,Unknown,IL,63497,Yes,No,Yes,Telephone,Businessman,64176.0,3
C102628,67,Male,3,Uneducated,Single,PA,52609,Yes,Yes,Yes,Telephone,Government,139271.0,3
C102629,34,Female,5,High School,Divorced,GA,78834,Yes,No,Yes,Cellular,Self-employed,86161.0,4
C102630,27,Female,2,Graduate,Unknown,IL,54215,Yes,No,Yes,Telephone,Retired,138597.0,3
C102631,49,Male,4,Uneducated,Married,NC,71521,Yes,Yes,Yes,Telephone,Government,179177.0,3
C102632,24,Female,1,Post-Graduate,Unknown,FL,75490,Yes,No,No,Email,Unemployed,102621.0,5
C102633,24,Male,0,Uneducated,Divorced,GA,57490,Yes,No,No,Email,Government,40280.0,3
C102634,44,Female,4,High School,Unknown,TX,54125,Yes,Yes,No,Cellular,Salaried,145689.0,2
C102635,62,Male,4,Post-Graduate,Divorced,IL,52690,No,No,No,Cellular,Retired,91990.0,2
C102636,41,Female,0,Graduate,Unknown,GA,82146,No,Yes,Yes,Cellular,Government,35838.0,1
C102637,65,Female,4,Post-Graduate,Single,MI,49018,No,Yes,Yes,Telephone,Government,98659.0,2
C102638,48,Female,2,Post-Graduate,Unknown,OH,21876,Yes,Yes,Yes,Email,Salaried,150686.0,2
C102639,58,Female,4,College,Single,CA,57140,Yes,No,Yes,Telephone,Retired,164940.0,4
C102640,28,Male,0,Post-Graduate,Divorced,FL,30193,Yes,Yes,No,Cellular,Unemployed,68602.0,4
C102641,62,Female,3,nan,Single,NY,55631,No,No,Yes,Email,Government,67521.0,1
C102642,37,Male,1,Uneducated,Unknown,NY,71826,Yes,Yes,Yes,Telephone,Salaried,130754.0,4
C102643,29,Male,0,Graduate,Single,OH,21647,No,No,Yes,Email,Unemployed,60711.0,3
C102644,66,Male,2,Uneducated,Divorced,TX,24538,No,Yes,No,Telephone,Businessman,121105.0,1
C102645,40,Male,2,Uneducated,Unknown,TX,29087,Yes,No,Yes,Cellular,Self-employed,164963.0,3
C102646,25,Female,3,High School,Single,PA,45262,No,No,Yes,Telephone,Student,162152.0,5
C102647,55,Male,2,Uneducated,Single,PA,22547,Yes,No,Yes,Telephone,Government,123592.0,4
C102648,61,Female,0,College,Married,CA,43022,No,No,No,Cellular,Unemployed,49779.0,3
C102649,49,Female,2,College,Single,CA,26260,Yes,No,No,Cellular,Businessman,172626.0,5
C102650,32,Female,3,High School,Married,PA,26814,Yes,No,Yes,Telephone,Self-employed,158059.0,4
C102651,52,Female,3,Graduate,Divorced,OH,93498,Yes,No,No,Telephone,Unemployed,81050.0,4
C102652,51,Male,5,Graduate,Married,NC,31194,No,No,No,Telephone,Unemployed,141623.0,1
C102653,51,Female,4,Uneducated,Divorced,FL,49967,Yes,No,Yes,Cellular,Unemployed,177629.0,2
C102654,21,Male,4,Uneducated,Single,MI,47643,Yes,Yes,No,Cellular,Businessman,138004.0,2
C102655,63,Female,2,Uneducated,Single,PA,79309,Yes,Yes,No,Cellular,Salaried,178878.0,3
C102656,25,Female,2,Graduate,Married,TX,18262,Yes,Yes,Yes,Email,Unemployed,93457.0,1
C102657,56,Male,5,Post-Graduate,Divorced,FL,13334,Yes,Yes,Yes,Email,Businessman,63371.0,2
C102658,32,Female,2,College,Single,NC,93174,No,Yes,No,Cellular,Unemployed,28316.0,3
C102659,36,Female,2,Post-Graduate,Married,CA,14876,No,No,Yes,Email,Government,86969.0,3
C102660,36,Female,4,Post-Graduate,Married,IL,91159,No,Yes,No,Email,Government,129235.0,2
C102661,41,Female,0,Graduate,Married,OH,24990,Yes,Yes,Yes,Telephone,Retired,69891.0,5
C102662,53,Female,5,Post-Graduate,Single,TX,11737,Yes,Yes,No,Telephone,Student,65754.0,3
C102663,46,Male,0,High School,Divorced,NY,18495,Yes,Yes,Yes,Telephone,Student,104899.0,2
C102664,23,Female,0,Uneducated,Single,NY,37911,No,No,No,Email,Government,139393.0,5
C102665,43,Female,5,High School,Unknown,CA,67895,No,No,No,Email,Businessman,88038.0,2
C102666,45,Male,4,College,Unknown,IL,67747,Yes,Yes,No,Telephone,Unemployed,111629.0,3
C102667,40,Female,0,Uneducated,Single,TX,15755,No,Yes,No,Telephone,Unemployed,125572.0,5
C102668,67,Male,5,Post-Graduate,Divorced,OH,62507,No,Yes,No,Cellular,Retired,176046.0,3
C102669,69,Female,0,College,Married,CA,66381,Yes,Yes,No,Email,Retired,21374.0,2
C102670,56,Female,4,Uneducated,Unknown,NC,70994,No,No,No,Telephone,Unemployed,150625.0,1
C102671,55,Male,1,Post-Graduate,Unknown,NY,19012,Yes,No,No,Telephone,Unemployed,109458.0,1
C102672,63,Female,2,High School,Single,GA,56076,No,No,Yes,Telephone,Government,18252.0,2
C102673,53,Female,2,Uneducated,Unknown,MI,23198,No,Yes,No,Email,Businessman,56502.0,4
C102674,25,Male,1,Post-Graduate,Unknown,FL,40497,No,No,Yes,Telephone,Government,72226.0,5
C102675,24,Male,3,High School,Married,PA,18798,Yes,Yes,Yes,Telephone,Self-employed,37899.0,1
C102676,28,Female,0,College,Married,NC,48552,No,No,No,Telephone,Businessman,134859.0,2
C102677,31,Male,1,College,Divorced,OH,94192,Yes,No,Yes,Telephone,Salaried,161519.0,4
C102678,63,Female,0,College,Unknown,GA,48061,No,Yes,Yes,Telephone,Unemployed,148509.0,3
C102679,47,Male,1,College,Divorced,OH,18908,Yes,No,Yes,Cellular,Salaried,107365.0,3
C102680,30,Female,5,Graduate,Divorced,NY,89031,Yes,No,Yes,Telephone,Unemployed,98167.0,3
C102681,65,Male,5,Uneducated,Married,NC,99087,Yes,Yes,Yes,Cellular,Unemployed,142260.0,2
C102682,40,Male,2,Uneducated,Married,CA,69259,No,No,Yes,Email,Student,101191.0,5
C102683,52,Male,0,Graduate,Single,NY,83269,Yes,No,No,Email,Self-employed,128899.0,2
C102684,68,Male,5,Post-Graduate,Married,TX,27346,No,Yes,No,Email,Salaried,85021.0,4
C102685,47,Male,5,Post-Graduate,Divorced,TX,88696,Yes,No,Yes,Email,Unemployed,73451.0,5
C102686,69,Male,4,College,Unknown,MI,63011,Yes,Yes,No,Email,Government,109061.0,3
C102687,38,Male,2,High School,Divorced,FL,63074,Yes,Yes,Yes,Telephone,Salaried,139703.0,1
C102688,46,Male,2,Post-Graduate,Divorced,IL,19410,Yes,Yes,Yes,Telephone,Government,106800.0,1
C102689,55,Male,2,High School,Divorced,PA,10557,No,Yes,Yes,Email,Self-employed,87653.0,1
C102690,48,Female,0,Uneducated,Married,CA,43152,No,Yes,No,Telephone,Retired,81716.0,4
C102691,21,Male,3,High School,Divorced,GA,25718,Yes,Yes,No,Cellular,Retired,138482.0,3
C102692,54,Female,1,Uneducated,Single,PA,63672,No,Yes,No,Cellular,Retired,166268.0,1
C102693,46,Male,1,Graduate,Unknown,MI,21945,No,Yes,Yes,Telephone,Unemployed,51051.0,5
C102694,26,Female,5,Graduate,Married,NC,27303,Yes,Yes,No,Email,Student,87698.0,1
C102695,69,Female,4,College,Divorced,IL,33080,No,Yes,No,Email,Retired,174141.0,4
C102696,66,Male,3,Post-Graduate,Single,OH,71257,No,Yes,Yes,Cellular,Salaried,136309.0,1
C102697,45,Male,2,College,Unknown,FL,99598,Yes,Yes,No,Telephone,Student,82180.0,4
C102698,37,Female,1,Uneducated,Divorced,PA,55477,No,Yes,No,Cellular,Retired,138789.0,4
C102699,46,Female,0,College,Unknown,PA,65142,Yes,No,No,Telephone,Retired,142371.0,5
C102700,41,Male,2,High School,Married,FL,55754,No,Yes,No,Email,Self-employed,144258.0,4
C102701,52,Male,2,Uneducated,Married,PA,62117,Yes,Yes,Yes,Cellular,Businessman,144953.0,2
C102702,45,Male,5,Graduate,Single,GA,53931,No,Yes,Yes,Telephone,Retired,96678.0,3
C102703,52,Female,3,Post-Graduate,Married,IL,80539,No,No,Yes,Email,Self-employed,88187.0,4
C102704,61,Male,5,Uneducated,Single,NY,62775,No,Yes,Yes,Telephone,Self-employed,53565.0,2
C102705,39,Male,3,Uneducated,Divorced,NC,93678,No,No,Yes,Email,Unemployed,86978.0,2
C102706,22,Male,5,High School,Unknown,FL,28607,No,Yes,Yes,Telephone,Self-employed,133144.0,1
C102707,55,Male,1,Post-Graduate,Married,FL,25470,Yes,No,No,Cellular,Businessman,76991.0,5
C102708,36,Male,1,Graduate,Unknown,OH,80118,No,No,Yes,Telephone,Businessman,66040.0,1
C102709,36,Female,2,Uneducated,Unknown,MI,87188,Yes,No,Yes,Cellular,Self-employed,167253.0,5
C102710,53,Female,4,Uneducated,Divorced,MI,17442,Yes,No,No,Cellular,Businessman,164541.0,1
C102711,44,Male,2,High School,Divorced,PA,56770,No,No,No,Cellular,Government,141227.0,1
C102712,51,Male,0,College,Married,FL,50868,Yes,Yes,Yes,Email,Self-employed,35798.0,2
C102713,62,Female,4,Graduate,Divorced,PA,95595,No,Yes,No,Cellular,Retired,36642.0,3
C102714,43,Male,1,Post-Graduate,Unknown,TX,73733,No,Yes,No,Cellular,Salaried,28590.0,2
C102715,37,Female,4,Uneducated,Single,OH,69905,No,No,Yes,Cellular,Government,49068.0,1
C102716,53,Male,4,Uneducated,Single,PA,77619,No,No,No,Email,Self-employed,145392.0,3
C102717,57,Female,1,Graduate,Single,TX,58390,Yes,No,No,Telephone,Salaried,55616.0,1
C102718,56,Female,0,College,Married,CA,41804,No,No,Yes,Email,nan,93468.0,1
C102719,39,Male,0,Uneducated,Divorced,MI,26484,No,Yes,Yes,Email,Retired,64076.0,3
C102720,41,Female,5,Graduate,Divorced,IL,11669,No,No,No,Telephone,Salaried,39607.0,2
C102721,59,Male,3,High School,Divorced,MI,70652,Yes,Yes,No,Telephone,Student,105564.0,4
C102722,60,Female,5,College,Divorced,NY,88496,Yes,No,Yes,Cellular,Unemployed,84023.0,1
C102723,39,Male,3,Post-Graduate,Unknown,OH,69303,Yes,No,Yes,Cellular,nan,170887.0,4
C102724,28,Male,0,Uneducated,Single,OH,39421,Yes,No,No,Telephone,Unemployed,140956.0,2
C102725,46,Male,0,Graduate,Unknown,FL,44856,No,No,No,Telephone,Salaried,45659.0,4
C102726,61,Female,3,High School,Married,PA,91133,Yes,No,Yes,Email,Self-employed,175700.0,2
C102727,38,Male,5,Post-Graduate,Single,CA,60412,Yes,Yes,Yes,Email,Self-employed,151836.0,4
C102728,34,Male,3,Graduate,Single,NY,26458,Yes,No,Yes,Email,Self-employed,28678.0,4
C102729,38,Male,5,Graduate,Unknown,PA,14955,Yes,Yes,No,Telephone,Self-employed,102606.0,1
C102730,57,Female,0,Post-Graduate,Married,NY,82526,No,Yes,Yes,Cellular,Salaried,52635.0,3
C102731,48,Male,1,High School,Married,FL,39188,No,No,Yes,Email,Retired,35934.0,3
C102732,53,Female,0,High School,Single,FL,20484,Yes,No,Yes,Email,Businessman,175249.0,2
C102733,26,Female,5,College,Divorced,MI,22834,Yes,No,No,Telephone,Unemployed,49798.0,1
C102734,27,Female,1,Uneducated,Married,NC,71094,No,No,No,Email,Businessman,163112.0,4
C102735,25,Male,1,Post-Graduate,Unknown,MI,52813,No,No,No,Telephone,Retired,84862.0,2
C102736,47,Male,1,nan,Married,OH,68451,No,No,Yes,Cellular,Retired,67903.0,3
C102737,28,Female,3,Post-Graduate,Single,OH,22447,No,Yes,Yes,Email,Unemployed,46668.0,4
C102738,58,Male,2,High School,Divorced,CA,79507,Yes,Yes,Yes,Email,Self-employed,79031.0,1
C102739,53,Male,0,Uneducated,Married,IL,36077,Yes,No,Yes,Email,Student,153437.0,2
C102740,32,Female,4,College,nan,TX,44637,No,No,No,Telephone,Salaried,101959.0,5
C102741,57,Female,4,Graduate,Married,TX,43435,Yes,Yes,No,Telephone,Businessman,92914.0,1
C102742,57,Male,0,Graduate,Divorced,PA,50107,Yes,Yes,Yes,Cellular,Retired,74293.0,2
C102743,35,Female,1,Post-Graduate,Unknown,FL,86732,Yes,Yes,Yes,Telephone,Salaried,78574.0,4
C102744,37,Male,3,Uneducated,Single,GA,42352,No,No,Yes,Email,Student,98289.0,2
C102745,57,Female,5,High School,Single,FL,58881,No,Yes,Yes,Email,Retired,85272.0,1
C102746,62,Male,3,Uneducated,Divorced,GA,67330,No,No,Yes,Telephone,Salaried,72534.0,3
C102747,49,Male,1,nan,Single,FL,16949,No,No,No,Cellular,Student,104002.0,3
C102748,23,Female,0,High School,Divorced,TX,41975,Yes,Yes,Yes,Telephone,Retired,122441.0,1
C102749,31,Male,4,Post-Graduate,Single,IL,59798,No,Yes,No,Telephone,Student,87712.0,4
C102750,46,Male,3,Uneducated,Divorced,IL,23443,No,Yes,No,Email,Unemployed,20655.0,3
C102751,60,Female,1,Graduate,Married,MI,65796,Yes,No,Yes,Email,Government,84746.0,5
C102752,65,Male,3,High School,Married,MI,96477,No,No,No,Email,Retired,108245.0,5
C102753,26,Male,1,College,Married,CA,69419,Yes,Yes,No,Telephone,Student,25334.0,5
C102754,55,Male,3,Post-Graduate,Single,GA,67474,No,No,Yes,Telephone,Government,31275.0,2
C102755,44,Female,4,High School,Divorced,GA,35920,Yes,Yes,Yes,Cellular,Retired,146136.0,4
C102756,59,Female,3,College,Divorced,GA,62456,Yes,No,Yes,Email,Retired,70940.0,4
C102757,54,Female,0,College,Unknown,MI,11612,Yes,Yes,Yes,Cellular,Student,124294.0,3
C102758,44,Female,2,Uneducated,Married,FL,86343,Yes,No,No,Email,Unemployed,124314.0,1
C102759,39,Female,1,Uneducated,Unknown,NC,13705,No,Yes,Yes,Cellular,Student,157850.0,5
C102760,33,Male,2,Uneducated,Married,MI,72796,Yes,No,No,Email,Salaried,70061.0,5
C102761,63,Male,4,High School,Unknown,TX,95399,Yes,No,No,Telephone,Unemployed,106027.0,1
C102762,29,Male,4,High School,Married,OH,42735,No,No,No,Email,Unemployed,83212.0,1
C102763,39,Female,2,Post-Graduate,Divorced,PA,44745,Yes,Yes,Yes,Cellular,Government,53130.0,5
C102764,52,Male,4,Uneducated,nan,NC,27397,Yes,No,No,Cellular,Retired,147742.0,1
C102765,41,Female,4,College,Single,FL,36915,No,No,No,Email,Businessman,91482.0,2
C102766,52,Male,5,Graduate,Married,FL,12694,No,Yes,Yes,Telephone,Businessman,50268.0,3
C102767,66,Female,1,Post-Graduate,Married,PA,40297,No,Yes,No,Email,Salaried,71211.0,2
C102768,32,Male,1,High School,Divorced,GA,13039,Yes,No,No,Telephone,Businessman,172481.0,5
C102769,49,Male,1,Post-Graduate,Single,TX,31247,Yes,No,Yes,Email,Businessman,165526.0,3
C102770,53,Female,0,Post-Graduate,Divorced,GA,39406,No,Yes,No,Telephone,Student,149725.0,3
C102771,21,Male,5,Post-Graduate,Unknown,GA,27788,No,No,No,Email,Self-employed,68949.0,3
C102772,69,Male,0,Post-Graduate,Unknown,OH,56062,No,No,No,Email,Self-employed,38717.0,4
C102773,24,Female,0,Graduate,Single,OH,41555,Yes,Yes,Yes,Telephone,Businessman,153036.0,4
C102774,33,Male,5,Uneducated,Unknown,IL,79714,Yes,Yes,No,Telephone,Salaried,47746.0,3
C102775,43,Male,0,College,Single,NY,14085,No,Yes,Yes,Email,Salaried,105426.0,4
C102776,48,Female,2,Post-Graduate,Married,NY,59784,Yes,No,Yes,Cellular,Government,46560.0,2
C102777,63,Female,5,Post-Graduate,Unknown,MI,33889,Yes,No,Yes,Telephone,Salaried,86627.0,5
C102778,32,Female,5,Post-Graduate,Married,GA,10782,Yes,Yes,No,Cellular,Salaried,113366.0,5
C102779,39,Female,1,Uneducated,Divorced,PA,43552,No,Yes,No,Cellular,Student,115680.0,5
C102780,53,Female,4,High School,Unknown,GA,99371,No,No,No,Cellular,Student,147001.0,1
C102781,38,Male,3,High School,Divorced,TX,56827,Yes,Yes,No,Cellular,Retired,78913.0,2
C102782,54,Female,0,Graduate,Divorced,CA,84149,No,No,Yes,Email,Businessman,63722.0,5
C102783,50,Female,4,High School,Single,PA,49905,Yes,Yes,No,Telephone,Retired,56412.0,5
C102784,63,Male,1,Post-Graduate,Divorced,NY,63110,Yes,Yes,No,Email,Salaried,63712.0,5
C102785,67,Male,2,Post-Graduate,Single,NC,62628,No,No,Yes,Email,Self-employed,118516.0,5
C102786,67,Male,5,Post-Graduate,Single,IL,14889,No,No,No,Email,Salaried,75231.0,4
C102787,26,Male,4,Graduate,Single,IL,41922,No,Yes,Yes,Email,Unemployed,113889.0,4
C102788,24,Male,3,Post-Graduate,Single,MI,16714,Yes,No,Yes,Email,Salaried,73643.0,2
C102789,32,Female,4,High School,Single,GA,65429,No,No,Yes,Telephone,Businessman,40417.0,2
C102790,43,Male,5,Uneducated,Married,PA,33350,Yes,Yes,Yes,Email,Self-employed,155855.0,5
C102791,48,Female,1,Uneducated,Single,TX,27673,Yes,No,No,Email,Businessman,24365.0,5
C102792,31,nan,4,College,Unknown,NC,71262,Yes,No,Yes,Email,Salaried,123037.0,5
C102793,48,Female,5,High School,Single,MI,17457,Yes,No,Yes,Cellular,Self-employed,146016.0,1
C102794,60,Male,2,Post-Graduate,Married,FL,84822,Yes,No,No,Email,Salaried,25762.0,3
C102795,54,Female,1,Uneducated,Unknown,MI,97547,No,Yes,Yes,Telephone,Retired,58764.0,4
C102796,68,Female,0,High School,Unknown,FL,33609,Yes,Yes,Yes,Telephone,Businessman,42238.0,5
C102797,54,Female,1,Uneducated,Married,NY,67882,Yes,Yes,No,Telephone,Unemployed,152039.0,1
C102798,41,Female,4,Post-Graduate,Unknown,TX,90551,No,Yes,Yes,Cellular,Businessman,134572.0,1
C102799,56,Female,5,Uneducated,Married,FL,68863,Yes,Yes,No,Telephone,Student,161864.0,1
C102800,48,Female,3,College,Divorced,OH,53440,No,No,No,Cellular,Self-employed,55246.0,4
C102801,54,Female,1,College,Divorced,TX,25555,Yes,No,Yes,Telephone,Student,128079.0,3
C102802,61,Female,1,Uneducated,Single,GA,45888,No,No,No,Cellular,Retired,71579.0,5
C102803,49,Female,1,High School,Single,GA,10174,No,Yes,Yes,Telephone,Unemployed,155794.0,5
C102804,46,Female,1,High School,Single,MI,91868,No,Yes,No,Email,Self-employed,105263.0,3
C102805,33,Male,4,High School,Single,NY,59550,No,Yes,No,Telephone,Government,104785.0,4
C102806,54,Female,0,Uneducated,Married,FL,59917,No,No,Yes,Telephone,Unemployed,174944.0,1
C102807,39,Female,3,High School,Divorced,GA,77844,Yes,No,Yes,Telephone,Self-employed,57593.0,5
C102808,28,Male,1,Post-Graduate,Married,CA,44559,No,No,No,Email,Unemployed,115558.0,1
C102809,49,Female,5,College,Unknown,CA,70927,No,Yes,Yes,Cellular,Unemployed,142960.0,3
C102810,63,Female,3,Post-Graduate,Unknown,FL,18566,No,Yes,Yes,Cellular,Salaried,46972.0,5
C102811,60,Male,4,High School,Unknown,NY,60939,Yes,No,Yes,Email,Self-employed,159616.0,5
C102812,36,Male,0,Post-Graduate,Unknown,CA,49555,No,No,No,Email,Student,60089.0,5
C102813,48,Female,1,High School,Unknown,GA,92947,Yes,No,Yes,Cellular,Businessman,120510.0,2
C102814,50,Male,0,Uneducated,Divorced,NY,76173,Yes,Yes,No,Cellular,Businessman,82144.0,3
C102815,43,Female,1,Post-Graduate,Married,FL,39945,No,Yes,No,Cellular,Self-employed,124246.0,3
C102816,49,Female,1,Uneducated,Unknown,TX,45280,Yes,No,No,Cellular,Government,43059.0,1
C102817,40,Female,5,Uneducated,Single,NY,51933,Yes,No,Yes,Cellular,Businessman,67603.0,4
C102818,37,Male,2,Graduate,Divorced,GA,78755,Yes,Yes,Yes,Email,Retired,152173.0,5
C102819,46,Female,5,High School,Single,TX,79257,Yes,No,Yes,Cellular,Businessman,60153.0,5
C102820,67,Female,3,College,Divorced,NC,85886,Yes,No,Yes,Cellular,Unemployed,154858.0,5
C102821,59,Male,0,High School,Divorced,MI,53621,No,Yes,Yes,Telephone,Retired,178714.0,3
C102822,53,Female,3,College,Single,IL,75140,Yes,No,Yes,Email,Retired,146242.0,5
C102823,34,Female,3,High School,Single,NC,99207,Yes,No,No,Email,Retired,58052.0,3
C102824,51,Female,3,Uneducated,Unknown,TX,75590,Yes,No,No,Cellular,Businessman,144505.0,4
C102825,36,Female,0,Post-Graduate,Single,IL,94508,Yes,Yes,Yes,Telephone,Government,167450.0,4
C102826,41,Female,1,Post-Graduate,Married,MI,79058,Yes,No,No,Telephone,Student,27951.0,3
C102827,55,Female,1,nan,Divorced,PA,45072,No,No,No,Cellular,Self-employed,164359.0,5
C102828,39,Male,1,College,Divorced,NC,64428,Yes,Yes,No,Telephone,Retired,94908.0,3
C102829,26,Female,1,College,nan,GA,55081,Yes,No,Yes,Cellular,Government,66241.0,5
C102830,43,Female,1,College,Divorced,NY,73742,Yes,No,No,Email,Unemployed,113070.0,5
C102831,46,Male,5,Uneducated,Single,NY,40555,No,Yes,No,Telephone,Unemployed,176566.0,2
C102832,29,Female,1,College,Divorced,IL,70081,No,No,No,Cellular,Self-employed,50573.0,3
C102833,33,Female,4,Post-Graduate,Divorced,IL,74432,No,No,Yes,Cellular,Salaried,156433.0,1
C102834,64,Male,4,Uneducated,Single,IL,12428,Yes,No,No,Cellular,Retired,48215.0,1
C102835,35,Male,5,High School,Single,FL,41971,Yes,Yes,Yes,Email,Self-employed,85114.0,4
C102836,52,Male,5,College,Divorced,GA,39164,Yes,No,Yes,Telephone,Retired,172736.0,5
C102837,59,Male,1,College,Married,IL,98603,Yes,Yes,Yes,Email,Businessman,139611.0,5
C102838,64,Male,5,High School,Single,CA,12278,Yes,Yes,Yes,Email,Government,92067.0,2
C102839,37,Male,5,College,Married,MI,75404,YES,Yes,No,Telephone,Retired,128631.0,5
C102840,65,Male,0,High School,Married,IL,69400,Yes,Yes,No,Email,Government,54327.0,4
C102841,49,Female,3,Uneducated,Unknown,CA,57294,Yes,Yes,No,Cellular,Student,162332.0,3
C102842,69,Female,3,Post-Graduate,Married,FL,22660,Yes,Yes,No,Telephone,Salaried,129872.0,3
C102843,60,Female,0,High School,Unknown,CA,45750,Yes,Yes,No,Email,Unemployed,22768.0,4
C102844,38,Male,4,Graduate,Married,PA,41603,Yes,No,No,Telephone,Unemployed,102155.0,2
C102845,54,Female,3,High School,Unknown,PA,94996,No,No,No,Email,Student,160408.0,3
C102846,69,Male,4,College,Single,CA,84928,No,Yes,No,Cellular,Student,135990.0,4
C102847,45,Female,2,Uneducated,Divorced,GA,94421,No,No,Yes,Email,Salaried,75377.0,5
C102848,32,Female,3,Uneducated,Divorced,FL,54944,No,No,Yes,Telephone,Businessman,154263.0,3
C102849,65,Female,2,High School,Unknown,NY,98210,Yes,No,No,Email,Government,130416.0,4
C102850,35,Female,5,Post-Graduate,Single,CA,31753,No,Yes,Yes,Cellular,Self-employed,128051.0,2
C102851,63,Male,2,Graduate,Unknown,TX,39613,No,No,Yes,Cellular,Salaried,142134.0,3
C102852,44,Male,2,Uneducated,Unknown,OH,18978,No,Yes,Yes,Cellular,Student,142564.0,2
C102853,29,Female,2,College,Single,MI,88728,No,Yes,No,Email,Unemployed,24634.0,1
C102854,60,Male,1,College,Married,MI,70445,No,No,Yes,Telephone,Self-employed,99603.0,2
C102855,40,Male,1,Post-Graduate,Married,GA,80805,Yes,Yes,Yes,Email,Retired,115667.0,4
C102856,45,Female,5,Uneducated,Single,IL,72951,No,Yes,No,Email,Salaried,98617.0,5
C102857,67,Male,0,High School,Unknown,OH,57926,No,Yes,No,Email,Retired,124672.0,3
C102858,44,Male,3,College,Divorced,NY,68971,Yes,No,No,Telephone,Salaried,98617.0,2
C102859,69,Male,0,Post-Graduate,Unknown,FL,32063,No,No,Yes,Cellular,Businessman,113364.0,3
C102860,46,Male,2,Uneducated,Married,PA,64084,Yes,No,Yes,Cellular,Retired,89227.0,3
C102861,34,Female,0,Uneducated,Single,IL,80348,Yes,Yes,No,Cellular,Businessman,44767.0,4
C102862,25,Female,1,Uneducated,Single,PA,19296,Yes,No,No,Telephone,Government,45979.0,4
C102863,68,Male,4,Uneducated,Single,NY,29545,Yes,No,No,Email,Government,41577.0,1
C102864,49,Female,5,Uneducated,Married,OH,18977,No,No,No,Email,Self-employed,139155.0,5
C102865,28,Female,4,College,Unknown,GA,90189,No,Yes,No,Email,Government,166730.0,1
C102866,37,Female,5,Post-Graduate,Single,NC,22842,Yes,Yes,Yes,Telephone,Retired,98410.0,4
C102867,63,Male,4,Uneducated,Divorced,PA,57983,No,No,yes,Email,Retired,53380.0,1
C102868,42,Male,4,Graduate,Single,OH,30019,Yes,Yes,Yes,Telephone,Salaried,23204.0,2
C102869,38,Female,4,Graduate,Unknown,CA,36350,No,No,No,Cellular,Salaried,60159.0,2
C102870,47,Female,3,Post-Graduate,Married,NC,66725,No,No,Yes,Cellular,Salaried,161652.0,3
C102871,22,Male,2,High School,Divorced,PA,21449,Yes,Yes,Yes,Telephone,Retired,43644.0,1
C102872,21,nan,1,High School,Divorced,FL,31796,No,Yes,No,Cellular,Salaried,145690.0,1
C102873,61,Male,4,High School,Single,MI,24082,Yes,Yes,Yes,Telephone,Businessman,39122.0,4
C102874,28,Female,3,Graduate,Unknown,NC,21031,Yes,Yes,Yes,Email,Salaried,77781.0,1
C102875,41,Male,1,High School,Single,CA,33016,No,Yes,No,Cellular,Salaried,144540.0,3
C102876,44,Male,4,College,Divorced,NY,58322,No,Yes,Yes,Cellular,Salaried,110316.0,4
C102877,22,Male,5,Uneducated,Single,TX,45018,Yes,No,Yes,Email,Student,24304.0,3
C102878,64,Male,5,Graduate,Unknown,CA,52057,Yes,No,Yes,Email,Retired,72800.0,2
C102879,58,Female,2,Post-Graduate,Married,NY,45448,No,Yes,No,Telephone,Retired,69128.0,4
C102880,48,Male,0,Post-Graduate,Divorced,NY,39500,No,Yes,No,Cellular,Self-employed,104794.0,5
C102881,54,Female,5,Uneducated,Unknown,OH,21997,No,No,Yes,Email,Retired,33994.0,3
C102882,45,Male,5,Graduate,Single,MI,10388,No,No,Yes,Cellular,Unemployed,107921.0,5
C102883,25,Male,5,High School,Divorced,PA,72997,Yes,Yes,No,Cellular,Self-employed,128369.0,5
C102884,65,Female,5,High School,Single,NC,68977,No,Yes,No,Cellular,Salaried,87854.0,3
C102885,56,Female,2,College,Single,IL,88815,No,No,Yes,Cellular,Retired,131551.0,4
C102886,28,Female,2,College,Married,NC,79495,Yes,No,Yes,Telephone,Salaried,177467.0,5
C102887,50,Male,4,High School,Single,MI,41708,No,No,Yes,Email,Self-employed,127348.0,4
C102888,30,Male,5,Post-Graduate,Single,NC,54900,Yes,No,No,Cellular,Government,162533.0,5
C102889,41,Female,0,Post-Graduate,Unknown,NY,89713,Yes,No,Yes,Email,Student,50173.0,3
C102890,66,Male,0,College,Single,NC,25364,No,Yes,Yes,Email,Student,120278.0,1
C102891,54,Female,1,Uneducated,Married,TX,28820,No,No,Yes,Telephone,Retired,61892.0,4
C102892,54,Male,3,High School,Single,TX,67505,Yes,Yes,No,Telephone,Government,152531.0,5
C102893,24,Male,5,College,Single,NC,45470,Yes,No,Yes,Cellular,Salaried,136028.0,1
C102894,31,Male,1,College,Single,OH,26880,No,Yes,Yes,Cellular,Self-employed,173164.0,1
C102895,42,Female,4,nan,Divorced,GA,78489,Yes,No,Yes,Telephone,Unemployed,153680.0,1
C102896,61,Male,0,High School,Married,OH,85966,Yes,Yes,No,Email,Student,38833.0,3
C102897,43,Female,2,Post-Graduate,Divorced,NC,43927,Yes,No,Yes,Email,Government,70191.0,3
C102898,69,Female,2,Uneducated,Married,GA,55550,Yes,Yes,Yes,Telephone,Unemployed,100062.0,3
C102899,54,Male,3,Uneducated,Married,FL,34540,Yes,No,No,Cellular,Government,34720.0,3
C102900,50,Female,5,High School,Unknown,NY,43029,Yes,Yes,Yes,Cellular,Businessman,44402.0,4
C102901,45,Female,4,Graduate,Divorced,IL,80510,Yes,Yes,No,Cellular,Retired,155116.0,5
C102902,44,Male,4,College,Married,NY,90909,No,Yes,No,Telephone,Government,143303.0,4
C102903,45,Female,1,College,Married,FL,67079,Yes,Yes,No,Telephone,Businessman,90907.0,1
C102904,50,Female,5,High School,Unknown,NY,83978,No,No,No,Email,Businessman,114313.0,5
C102905,59,Male,0,Graduate,Divorced,IL,75420,Yes,No,No,Telephone,Retired,132324.0,5
C102906,64,Male,5,Post-Graduate,Single,PA,79237,No,Yes,No,Cellular,Student,55926.0,1
C102907,36,Male,0,High School,Unknown,CA,67435,Yes,No,Yes,Email,Unemployed,19536.0,2
C102908,30,Female,3,High School,Married,GA,64535,No,Yes,No,Cellular,Unemployed,76700.0,5
C102909,51,Female,2,College,Divorced,NY,99749,No,No,Yes,Cellular,Salaried,51111.0,4
C102910,31,Male,5,High School,Married,IL,97890,No,No,No,Email,Salaried,172711.0,5
C102911,29,Female,1,High School,Unknown,GA,28854,No,Yes,Yes,Cellular,Government,163740.0,1
C102912,56,Male,3,High School,Unknown,IL,42954,Yes,No,Yes,Email,Self-employed,35763.0,1
C102913,68,Male,0,College,Divorced,TX,58696,Yes,Yes,No,Cellular,Unemployed,176596.0,4
C102914,39,Male,5,Post-Graduate,Unknown,PA,54519,Yes,No,Yes,Cellular,Unemployed,88582.0,1
C102915,25,Female,1,Post-Graduate,Unknown,CA,60389,Yes,No,Yes,Email,Self-employed,50207.0,5
C102916,32,Female,4,High School,Single,CA,51936,No,No,No,Cellular,Businessman,54421.0,3
C102917,30,Male,2,College,Married,GA,91267,Yes,Yes,Yes,Cellular,Unemployed,127953.0,4
C102918,34,Male,0,Post-Graduate,Single,OH,57552,Yes,No,Yes,Email,Retired,63420.0,1
C102919,40,Female,0,Post-Graduate,Single,MI,54850,Yes,Yes,No,Email,Government,89247.0,2
C102920,40,Male,3,Post-Graduate,Divorced,MI,95814,Yes,Yes,Yes,Email,Government,151987.0,2
C102921,64,Female,2,College,Unknown,TX,14014,No,No,Yes,Telephone,Salaried,72511.0,3
C102922,56,Male,0,College,Married,GA,57087,Yes,Yes,No,Cellular,Self-employed,29344.0,5
C102923,45,nan,0,High School,Married,GA,91960,Yes,No,Yes,Email,Student,139797.0,3
C102924,61,Female,0,Uneducated,Married,CA,94120,No,Yes,Yes,Cellular,Unemployed,142001.0,5
C102925,66,Female,3,Post-Graduate,Unknown,MI,40191,No,No,No,Email,Unemployed,58442.0,2
C102926,25,Female,0,Uneducated,Married,OH,38665,Yes,Yes,Yes,Cellular,Retired,20005.0,1
C102927,61,Female,3,College,Married,NY,36197,No,Yes,No,Cellular,Government,100598.0,3
C102928,47,Female,4,College,Unknown,NY,15919,Yes,Yes,No,Email,Government,44890.0,1
C102929,22,Male,4,College,Divorced,NY,62731,Yes,Yes,Yes,Email,Salaried,77103.0,2
C102930,32,Male,4,Uneducated,Married,IL,76166,Yes,No,Yes,Telephone,Student,19390.0,5
C102931,48,Female,4,College,Unknown,OH,30658,Yes,No,No,Email,Student,23405.0,1
C102932,64,Female,1,High School,Single,FL,98846,No,Yes,No,Email,Student,60467.0,2
C102933,33,Male,1,College,Unknown,FL,71459,No,Yes,No,Email,Retired,53394.0,4
C102934,41,Male,4,Graduate,Single,NC,61821,No,Yes,No,Telephone,Student,54527.0,3
C102935,63,Female,5,Uneducated,Unknown,MI,93681,No,Yes,Yes,Cellular,Unemployed,144567.0,5
C102936,28,Female,4,Graduate,Married,NC,96533,Yes,No,No,Telephone,Self-employed,21879.0,5
C102937,32,Male,2,College,Divorced,OH,17650,No,No,Yes,Cellular,Retired,55731.0,4
C102938,61,Female,0,High School,Divorced,MI,99364,No,No,Yes,Email,Unemployed,49445.0,3
C102939,64,Male,5,Post-Graduate,Married,FL,50065,Yes,Yes,Yes,Email,Businessman,172571.0,1
C102940,31,Male,2,College,Single,GA,18822,Yes,No,Yes,Email,Unemployed,46199.0,2
C102941,39,Female,2,High School,Unknown,MI,68850,No,No,Yes,Telephone,Student,175901.0,2
C102942,28,Male,2,Uneducated,Married,TX,71878,Yes,Yes,Yes,Telephone,Businessman,132886.0,1
C102943,47,Male,2,Graduate,Unknown,TX,99685,Yes,No,Yes,Email,Businessman,28561.0,1
C102944,27,Male,5,Graduate,Married,OH,55373,Yes,Yes,Yes,Telephone,Unemployed,126903.0,3
C102945,41,Female,2,Graduate,Married,NC,38561,No,Yes,No,Email,Salaried,162778.0,4
C102946,47,Male,2,Uneducated,Unknown,FL,98189,No,Yes,Yes,Telephone,Student,98617.0,2
C102947,34,Female,4,High School,Divorced,FL,96910,No,Yes,Yes,Email,Self-employed,34841.0,4
C102948,52,Male,2,Uneducated,Divorced,CA,51036,Yes,Yes,Yes,Telephone,Salaried,109013.0,3
C102949,49,Male,5,Graduate,Single,CA,56022,No,Yes,No,Cellular,Unemployed,140500.0,1
C102950,44,Male,1,nan,Unknown,TX,26231,Yes,Yes,Yes,Email,Salaried,177170.0,2
C102951,48,Male,5,Post-Graduate,Single,OH,87296,No,No,Yes,Telephone,Unemployed,51669.0,4
C102952,44,Male,0,Uneducated,Married,NC,92267,Yes,No,Yes,Telephone,Businessman,74052.0,5
C102953,22,Female,5,Uneducated,Single,FL,15037,Yes,Yes,Yes,Email,Government,71449.0,2
C102954,51,Female,5,High School,Married,NY,28562,No,No,No,Telephone,Self-employed,141239.0,5
C102955,32,Male,1,High School,Unknown,PA,35238,No,No,No,Cellular,Retired,74918.0,5
C102956,21,Female,3,Uneducated,Unknown,PA,68720,No,No,Yes,Cellular,Student,117440.0,5
C102957,41,nan,1,Graduate,Unknown,NC,22086,No,Yes,Yes,Telephone,Student,154356.0,5
C102958,49,Male,3,Post-Graduate,Unknown,FL,11169,Yes,No,No,Email,Self-employed,149579.0,2
C102959,50,Female,4,High School,Single,GA,76021,No,Yes,No,Telephone,Student,137960.0,5
C102960,62,Female,3,Graduate,Married,TX,33106,Yes,Yes,No,Telephone,Government,147451.0,2
C102961,21,Female,2,College,Divorced,NY,54277,Yes,Yes,No,Cellular,Retired,31371.0,1
C102962,42,Female,2,High School,Unknown,NC,35719,No,Yes,No,Telephone,Government,96733.0,4
C102963,62,Male,2,Graduate,Unknown,PA,59818,Yes,Yes,No,Email,Student,43251.0,4
C102964,28,Female,3,Graduate,Married,GA,40369,No,Yes,Yes,Cellular,Salaried,68183.0,4
C102965,33,Male,5,Post-Graduate,Divorced,MI,89361,No,Yes,Yes,Telephone,Retired,98617.0,1
C102966,34,Male,3,Post-Graduate,Unknown,NC,78136,No,No,No,Email,Retired,111603.0,4
C102967,62,Female,3,nan,Divorced,CA,27579,Yes,No,No,Cellular,Student,158914.0,1
C102968,21,Male,0,Graduate,Unknown,CA,26684,No,Yes,No,Email,Student,52532.0,3
C102969,52,Female,0,Graduate,Single,IL,84942,No,No,Yes,Email,Self-employed,100478.0,2
C102970,58,Male,0,Post-Graduate,Single,NC,57396,Yes,No,No,Email,Government,33812.0,3
C102971,32,Female,2,High School,Divorced,OH,60104,No,Yes,Yes,Telephone,Retired,43425.0,1
C102972,67,Female,4,High School,Married,OH,15081,No,No,Yes,Cellular,Salaried,58927.0,5
C102973,65,Male,1,Uneducated,Married,NY,19854,Yes,Yes,No,Telephone,Self-employed,151161.0,1
C102974,67,Female,0,Post-Graduate,Single,TX,66292,No,No,No,Cellular,Self-employed,108089.0,2
C102975,36,Female,1,Uneducated,Married,FL,14876,Yes,Yes,Yes,Email,Salaried,58963.0,3
C102976,44,Female,0,Post-Graduate,Married,NY,76069,Yes,Yes,Yes,Email,Salaried,128901.0,1
C102977,64,Female,3,College,Married,MI,44903,Yes,No,Yes,Telephone,Self-employed,111800.0,2
C102978,40,Male,3,nan,Divorced,NC,80413,Yes,Yes,No,Email,Student,31086.0,5
C102979,63,Male,2,College,Divorced,IL,83491,Yes,No,No,Email,Unemployed,55967.0,3
C102980,64,Male,2,Post-Graduate,Married,OH,47422,Yes,Yes,No,Email,Salaried,32396.0,3
C102981,52,Female,1,Graduate,Single,NC,47488,Yes,Yes,Yes,Cellular,Retired,135113.0,4
C102982,47,Male,2,High School,Married,IL,72649,Yes,No,No,Cellular,Businessman,76754.0,3
C102983,54,Female,4,High School,Unknown,PA,32434,Yes,No,No,Telephone,Salaried,27134.0,4
C102984,42,Female,4,Uneducated,Single,FL,36100,No,No,No,Cellular,Retired,148480.0,3
C102985,23,Female,4,Post-Graduate,Divorced,GA,85320,No,Yes,Yes,Email,Self-employed,82002.0,3
C102986,37,Male,2,Post-Graduate,Unknown,CA,11153,No,No,No,Email,Businessman,167506.0,1
C102987,34,Male,0,High School,Married,CA,45257,Yes,Yes,No,Email,Self-employed,51244.0,5
C102988,47,Male,1,College,Married,IL,45950,Yes,No,No,Telephone,Government,123554.0,5
C102989,59,Male,5,Graduate,Single,MI,83860,Yes,No,No,Email,Government,46730.0,3
C102990,40,Female,1,College,Single,NC,15195,No,No,No,Email,Student,57970.0,3
C102991,66,Male,1,College,Married,NY,72668,No,No,Yes,Telephone,Salaried,34692.0,4
C102992,51,Male,5,High School,Married,TX,45752,No,No,Yes,Cellular,Unemployed,27615.0,5
C102993,61,Male,0,High School,Single,GA,16183,Yes,Yes,Yes,Cellular,Unemployed,140231.0,1
C102994,51,Male,2,High School,Unknown,IL,33843,Yes,Yes,Yes,Cellular,Self-employed,176898.0,5
C102995,49,Female,0,Uneducated,Divorced,TX,93426,No,No,Yes,Telephone,Businessman,167657.0,2
C102996,62,Male,3,College,Single,PA,47202,No,No,No,Telephone,Retired,137461.0,5
C102997,63,Male,0,Post-Graduate,Unknown,PA,98458,Yes,No,Yes,Email,Salaried,124864.0,1
C102998,52,Male,5,Graduate,Married,IL,80652,No,Yes,Yes,Email,Student,98617.0,5
C102999,50,Female,2,Uneducated,Divorced,IL,20291,No,Yes,No,Telephone,Self-employed,135012.0,1
C103000,63,Male,5,Post-Graduate,Unknown,PA,21126,Yes,No,Yes,Telephone,Retired,141560.0,4
C103001,47,Male,5,College,Divorced,NY,74207,No,Yes,Yes,Email,Retired,21514.0,3
C103002,39,Male,0,High School,Divorced,PA,16459,Yes,Yes,Yes,Email,Self-employed,126780.0,4
C103003,48,Female,2,College,Divorced,NY,41857,Yes,No,Yes,Email,Government,135047.0,3
C103004,65,Female,0,Graduate,Unknown,TX,85891,Yes,Yes,No,Cellular,Student,75533.0,4
C103005,30,Male,0,Uneducated,Unknown,NY,24083,No,Yes,No,Cellular,Retired,125224.0,4
C103006,36,Male,1,Uneducated,Married,CA,25181,Yes,Yes,Yes,Email,Self-employed,129839.0,3
C103007,51,Female,1,Graduate,Divorced,CA,54783,Yes,Yes,Yes,Telephone,Government,154787.0,1
C103008,30,Female,1,Post-Graduate,Single,NC,41761,Yes,No,No,Cellular,Unemployed,116318.0,2
C103009,30,Female,2,Post-Graduate,Single,FL,90893,YES,Yes,Yes,Email,Unemployed,103185.0,3
C103010,48,Female,4,Uneducated,Single,IL,78417,No,Yes,No,Cellular,Government,128324.0,1
C103011,32,Female,4,Uneducated,Unknown,MI,66526,No,Yes,No,Telephone,Businessman,47725.0,1
C103012,53,Male,4,High School,Married,OH,79889,Yes,No,Yes,Telephone,Retired,79899.0,1
C103013,48,Male,4,Post-Graduate,Unknown,NY,74600,No,No,Yes,Telephone,Student,29430.0,5
C103014,38,Male,2,Graduate,Divorced,MI,74886,No,No,Yes,Email,Student,103688.0,3
C103015,48,Male,1,Post-Graduate,Single,NC,67212,No,No,Yes,Email,Unemployed,38462.0,3
C103016,48,Female,1,High School,Unknown,FL,33107,No,No,Yes,Cellular,Self-employed,28558.0,4
C103017,63,Female,1,Uneducated,Single,MI,72669,Yes,No,Yes,Email,Unemployed,140871.0,3
C103018,59,Female,2,Uneducated,Unknown,MI,27207,Yes,No,Yes,Email,Businessman,176539.0,1
C103019,34,Female,0,High School,Single,CA,17254,Yes,Yes,Yes,Email,Salaried,171861.0,2
C103020,28,Female,3,Graduate,Divorced,GA,86841,Yes,Yes,Yes,Cellular,Self-employed,160009.0,2
C103021,50,Male,5,Uneducated,Single,FL,87755,Yes,Yes,Yes,Email,Government,134237.0,4
C103022,56,Male,2,College,Divorced,OH,62766,Yes,Yes,No,Telephone,Salaried,144235.0,3
C103023,23,Male,5,Uneducated,Divorced,TX,53289,No,No,Yes,Email,Salaried,71187.0,2
C103024,30,Male,5,College,Unknown,NC,42711,No,Yes,Yes,Email,Retired,101608.0,3
C103025,29,Male,0,High School,Unknown,IL,52304,No,Yes,No,Telephone,Self-employed,87018.0,4
C103026,67,Female,5,High School,Unknown,IL,67561,No,No,No,Cellular,Retired,141323.0,3
C103027,60,Female,1,Uneducated,Divorced,TX,88951,Yes,Yes,Yes,Email,Businessman,154323.0,4
C103028,33,Female,1,Post-Graduate,Married,NC,97449,Yes,No,No,Email,Student,163948.0,5
C103029,42,Female,4,College,Married,TX,67794,No,No,Yes,Email,Businessman,78014.0,2
C103030,44,Female,4,Graduate,Divorced,NY,74439,No,Yes,No,Email,Self-employed,146625.0,4
C103031,27,Male,5,Uneducated,Divorced,NC,69066,Yes,Yes,No,Telephone,Student,54826.0,4
C103032,33,Male,0,Graduate,Unknown,NC,52240,No,No,No,Email,Salaried,50159.0,4
C103033,26,Male,3,Uneducated,Unknown,MI,68454,No,Yes,Yes,Cellular,Unemployed,45967.0,4
C103034,30,Female,5,Post-Graduate,Unknown,FL,30150,No,No,No,Telephone,Unemployed,57466.0,4
C103035,31,Female,5,Post-Graduate,Married,FL,75141,Yes,Yes,No,Telephone,Government,96179.0,4
C103036,49,Female,0,Post-Graduate,Married,MI,87047,Yes,Yes,No,Cellular,Retired,178411.0,3
C103037,36,Female,0,Post-Graduate,Divorced,PA,35234,Yes,Yes,No,Email,Businessman,154514.0,1
C103038,40,Male,5,High School,nan,NC,51744,No,No,No,Email,Retired,53796.0,4
C103039,41,Female,3,High School,Unknown,GA,25050,Yes,No,No,Email,Retired,96178.0,1
C103040,49,Male,0,College,Unknown,MI,96519,No,Yes,Yes,Cellular,Unemployed,120714.0,5
C103041,34,Female,0,Graduate,Unknown,TX,68928,No,Yes,Yes,Telephone,Student,19811.0,5
C103042,61,Male,2,Uneducated,Unknown,PA,71052,Yes,No,Yes,Email,Businessman,169998.0,2
C103043,36,Female,3,Uneducated,Unknown,OH,93789,Yes,No,No,Cellular,Student,160024.0,4
C103044,29,Female,1,High School,Single,PA,21498,Yes,No,No,Cellular,Government,124658.0,2
C103045,26,Male,4,Uneducated,Divorced,TX,67404,Yes,No,No,Email,Retired,169865.0,2
C103046,58,Male,1,High School,Divorced,NC,65884,Yes,Yes,Yes,Cellular,Self-employed,139993.0,2
C103047,49,Female,5,College,Married,FL,50357,Yes,No,No,Email,nan,92612.0,2
C103048,38,Male,1,Graduate,Unknown,NY,92577,Yes,No,No,Email,Self-employed,151780.0,3
C103049,44,Female,4,College,Single,NC,70585,No,No,No,Email,Student,99128.0,4
C103050,37,Female,4,Post-Graduate,Unknown,TX,50911,Yes,No,No,Telephone,Student,179578.0,3
C103051,56,Male,0,Post-Graduate,Unknown,PA,59037,No,Yes,No,Cellular,Self-employed,44839.0,2
C103052,41,Female,3,Post-Graduate,Married,IL,33726,Yes,Yes,No,Telephone,Salaried,89014.0,4
C103053,39,Female,5,College,Single,NY,70488,No,Yes,Yes,Email,Unemployed,118480.0,5
C103054,43,Male,5,Uneducated,Single,CA,62363,No,No,Yes,Cellular,Salaried,137981.0,3
C103055,47,Female,4,Graduate,Divorced,NC,23864,Yes,No,Yes,Email,Unemployed,178894.0,5
C103056,31,Female,3,Post-Graduate,Unknown,TX,48062,Yes,Yes,No,Cellular,Salaried,99770.0,4
C103057,46,Female,0,Post-Graduate,Single,OH,97072,Yes,Yes,Yes,Email,Unemployed,109038.0,2
C103058,31,Female,5,Post-Graduate,Divorced,NC,83324,No,No,No,Cellular,Government,20622.0,4
C103059,63,Male,5,Graduate,Single,NC,30148,Yes,No,No,Email,Student,175101.0,2
C103060,42,Male,1,Post-Graduate,Unknown,MI,26138,Yes,Yes,Yes,Email,Businessman,146785.0,5
C103061,39,Male,5,Graduate,Divorced,PA,29820,No,No,No,Telephone,Businessman,33805.0,4
C103062,28,Female,4,Post-Graduate,Single,GA,50379,No,Yes,Yes,Telephone,Student,130616.0,4
C103063,43,Male,5,College,Married,NC,70547,No,No,Yes,Cellular,Self-employed,176763.0,4
C103064,68,Male,4,College,Single,TX,75786,No,Yes,Yes,Cellular,Student,98617.0,3
C103065,43,Male,0,Graduate,Unknown,PA,19353,No,No,No,Telephone,Salaried,172172.0,1
C103066,60,Female,3,College,Married,IL,70927,No,No,No,Email,Salaried,178994.0,3
C103067,29,Male,3,Graduate,Single,OH,26458,No,No,No,Email,Businessman,119736.0,5
C103068,44,Male,5,College,Single,OH,64652,No,Yes,Yes,Cellular,Student,119647.0,2
C103069,32,Female,2,College,Divorced,NC,18976,Yes,No,Yes,Cellular,Businessman,72388.0,5
C103070,32,Female,1,Graduate,Unknown,CA,36903,Yes,No,Yes,Email,Self-employed,175823.0,4
C103071,52,Female,2,Uneducated,Single,PA,82504,No,No,No,Telephone,Retired,80983.0,1
C103072,22,Female,3,College,Single,IL,69030,No,Yes,No,Cellular,Retired,142343.0,4
C103073,26,Female,2,Post-Graduate,Single,FL,13944,No,No,No,Email,Retired,124679.0,3
C103074,24,Female,3,Uneducated,Unknown,MI,80439,No,Yes,No,Cellular,Government,141015.0,2
C103075,33,Male,4,Graduate,Married,CA,89747,No,No,Yes,Telephone,Unemployed,89119.0,5
C103076,56,Male,0,Uneducated,Unknown,FL,78232,Yes,Yes,No,Cellular,Government,74534.0,3
C103077,61,Female,5,High School,Divorced,MI,12693,No,Yes,No,Email,Self-employed,149425.0,1
C103078,59,Female,2,High School,Divorced,OH,64021,No,No,Yes,Telephone,Salaried,96999.0,3
C103079,58,Male,5,College,Unknown,FL,63779,Yes,Yes,No,Email,Salaried,152005.0,3
C103080,38,Female,4,College,Single,CA,44769,No,No,No,Telephone,Salaried,148556.0,1
C103081,35,Female,4,Post-Graduate,Single,MI,75917,No,No,Yes,Email,Businessman,63708.0,5
C103082,68,Male,0,Uneducated,Married,CA,46925,Yes,No,No,Cellular,Unemployed,158291.0,2
C103083,53,Female,0,High School,Unknown,CA,97854,No,No,Yes,Telephone,Retired,98617.0,3
C103084,62,Female,4,College,Unknown,MI,61133,No,Yes,No,Telephone,Businessman,32205.0,4
C103085,50,Male,5,Uneducated,Single,IL,45004,No,Yes,Yes,Telephone,Government,169188.0,5
C103086,56,Male,4,College,Divorced,OH,94354,Yes,Yes,No,Cellular,Salaried,39576.0,5
C103087,45,Male,2,College,Divorced,NC,38850,No,Yes,Yes,Telephone,Salaried,106984.0,1
C103088,24,Male,2,High School,Married,GA,16142,No,Yes,No,Cellular,Unemployed,29604.0,5
C103089,38,Male,1,High School,Married,NY,64207,Yes,No,No,Cellular,Retired,157395.0,4
C103090,65,Female,1,College,Divorced,NC,15447,Yes,No,Yes,Telephone,Unemployed,51615.0,5
C103091,53,Female,4,Graduate,Unknown,FL,26498,No,Yes,Yes,Email,Self-employed,163432.0,2
C103092,40,Female,1,College,Married,MI,59607,No,Yes,Yes,Telephone,Government,37879.0,1
C103093,62,Female,4,College,Single,IL,74018,No,No,No,Email,Retired,55382.0,4
C103094,41,Female,0,Post-Graduate,Unknown,IL,51562,No,Yes,Yes,Email,Businessman,44493.0,2
C103095,21,Male,0,Post-Graduate,Single,FL,52717,No,Yes,No,Telephone,Government,31828.0,1
C103096,54,Female,2,Post-Graduate,Married,PA,43895,No,Yes,Yes,Telephone,Retired,54647.0,1
C103097,29,Female,5,Graduate,Divorced,CA,50542,No,Yes,No,Email,Salaried,139263.0,2
C103098,21,Female,3,Graduate,Married,NY,59049,Yes,No,No,Telephone,Salaried,85674.0,5
C103099,67,Female,5,College,Divorced,FL,99152,Yes,No,Yes,Telephone,Businessman,149057.0,4
C103100,47,Female,4,Post-Graduate,Unknown,FL,83806,No,Yes,No,Cellular,Unemployed,87371.0,4
C103101,35,Male,5,Graduate,Married,GA,46899,Yes,No,Yes,Email,Businessman,177433.0,3
C103102,44,Female,2,High School,Married,NC,65219,No,Yes,Yes,Cellular,Government,71224.0,3
C103103,45,Female,1,College,Married,FL,69523,No,No,Yes,Telephone,Student,139730.0,1
C103104,54,Female,4,Uneducated,Unknown,PA,69849,No,Yes,No,Telephone,Salaried,47294.0,3
C103105,64,Female,2,College,Single,FL,48327,No,No,No,Cellular,Salaried,131868.0,4
C103106,30,Female,1,Uneducated,Single,FL,89786,Yes,No,No,Cellular,Student,82985.0,4
C103107,50,Female,4,Post-Graduate,Divorced,NC,45773,No,No,No,Telephone,Government,142983.0,3
C103108,65,Male,2,Uneducated,nan,FL,12327,No,Yes,Yes,Email,Self-employed,176280.0,3
C103109,61,Female,3,Post-Graduate,Single,PA,54752,No,No,No,Cellular,Self-employed,168855.0,1
C103110,45,Male,2,High School,Unknown,NC,43376,No,No,Yes,Email,Salaried,175485.0,4
C103111,23,Male,4,Uneducated,Married,TX,38609,Yes,Yes,No,Telephone,Self-employed,89957.0,5
C103112,42,Female,1,College,Divorced,OH,43796,No,Yes,No,Email,Unemployed,65917.0,4
C103113,60,Female,4,Post-Graduate,Single,OH,33739,Yes,Yes,No,Email,Government,126564.0,1
C103114,66,Female,4,College,Unknown,CA,69610,Yes,Yes,No,Telephone,Self-employed,21023.0,2
C103115,44,Male,2,Graduate,Unknown,NY,66155,No,Yes,Yes,Telephone,Businessman,136550.0,3
C103116,47,Female,4,Post-Graduate,Divorced,IL,77195,No,No,No,Telephone,Government,106336.0,2
C103117,46,Female,5,Uneducated,Single,GA,93816,No,Yes,Yes,Email,Student,135487.0,3
C103118,36,Female,0,Post-Graduate,Married,PA,66144,Yes,Yes,Yes,Cellular,Salaried,111249.0,3
C103119,58,Male,3,College,Unknown,OH,46198,Yes,No,No,Telephone,Government,115006.0,5
C103120,61,Male,1,High School,Divorced,TX,56288,No,Yes,No,Telephone,Self-employed,31804.0,5
C103121,24,Female,3,Post-Graduate,Unknown,PA,93361,No,Yes,Yes,Cellular,Government,152576.0,3
C103122,43,Male,5,Uneducated,Unknown,NC,62756,Yes,No,No,Telephone,Retired,64370.0,4
C103123,39,Female,2,Graduate,Single,TX,89920,No,No,No,Telephone,Student,40952.0,1
C103124,35,Male,2,High School,Single,PA,32043,Yes,Yes,Yes,Cellular,Retired,156440.0,1
C103125,51,Female,5,Graduate,Married,OH,26032,Yes,Yes,No,Email,Government,64000.0,3
C103126,44,nan,0,Post-Graduate,Unknown,IL,16614,Yes,No,No,Email,Student,139064.0,1
C103127,31,Female,2,College,Divorced,MI,90868,Yes,Yes,No,Email,Student,135486.0,1
C103128,30,Female,5,College,Unknown,GA,39851,No,No,Yes,Telephone,Government,169529.0,4
C103129,28,Male,2,Uneducated,Divorced,GA,24105,No,No,Yes,Cellular,Salaried,139053.0,4
C103130,23,Male,2,College,Unknown,PA,83710,Yes,No,Yes,Email,Unemployed,84819.0,3
C103131,39,Male,3,High School,Divorced,OH,79862,No,Yes,No,Cellular,Salaried,69425.0,1
C103132,24,Male,0,College,Unknown,TX,54247,Yes,Yes,No,Email,Self-employed,98136.0,3
C103133,49,Male,4,Uneducated,Unknown,OH,53621,No,Yes,Yes,Email,Retired,36409.0,4
C103134,65,Female,1,Post-Graduate,Married,OH,51646,Yes,No,No,Telephone,Government,141160.0,1
C103135,61,Female,5,Post-Graduate,Single,FL,59394,No,Yes,Yes,Email,Retired,167031.0,4
C103136,41,Male,0,College,Single,MI,25870,No,Yes,Yes,Email,Retired,158056.0,2
C103137,65,Female,3,Graduate,Divorced,FL,63040,Yes,No,No,Cellular,Government,92034.0,1
C103138,29,Female,5,Post-Graduate,Unknown,TX,26597,No,Yes,Yes,Telephone,Businessman,103880.0,2
C103139,68,Male,4,College,Unknown,MI,41856,Yes,Yes,No,Telephone,Salaried,87101.0,2
C103140,38,Female,4,Uneducated,Single,OH,86650,No,No,No,Email,Student,165898.0,4
C103141,39,Female,5,College,Divorced,IL,23515,Yes,No,No,Telephone,Businessman,132337.0,4
C103142,37,Male,1,nan,Married,TX,78645,No,No,Yes,Cellular,Government,42884.0,5
C103143,64,Male,4,Uneducated,Married,PA,23956,No,Yes,No,Telephone,Businessman,83326.0,1
C103144,63,Female,0,College,Married,PA,64996,Yes,Yes,No,Email,Salaried,121831.0,5
C103145,44,Male,4,High School,Unknown,PA,37069,Yes,Yes,No,Telephone,Government,56460.0,3
C103146,69,Female,5,Uneducated,Divorced,NY,90199,No,No,No,Telephone,Retired,40072.0,3
C103147,26,Male,3,High School,Single,MI,22207,No,Yes,Yes,Email,Retired,128273.0,4
C103148,51,Male,4,Graduate,Unknown,OH,96491,Yes,Yes,Yes,Telephone,Salaried,107491.0,3
C103149,47,Male,3,Uneducated,Unknown,OH,77360,Yes,Yes,No,Telephone,Businessman,118722.0,2
C103150,67,Male,4,High School,Married,MI,84634,Yes,No,No,Email,Self-employed,102641.0,3
C103151,54,Female,1,Post-Graduate,Divorced,FL,60354,Yes,Yes,Yes,Email,Unemployed,30341.0,5
C103152,66,Male,0,Post-Graduate,Divorced,PA,17099,No,No,No,Cellular,Student,174916.0,1
C103153,47,Male,3,Graduate,Married,FL,76322,No,Yes,No,Email,Student,18199.0,4
C103154,47,Female,4,Uneducated,Married,FL,47283,No,No,Yes,Email,Unemployed,80836.0,1
C103155,55,Female,2,Uneducated,Married,PA,62742,No,No,Yes,Telephone,Unemployed,50552.0,4
C103156,32,Female,2,Uneducated,Unknown,NC,39383,No,Yes,No,Email,Self-employed,43984.0,3
C103157,49,Female,0,Graduate,Unknown,OH,49971,No,Yes,Yes,Telephone,Self-employed,39043.0,3
C103158,26,Male,5,Uneducated,Unknown,NY,51574,Yes,No,Yes,Email,Self-employed,103840.0,4
C103159,57,Female,3,Post-Graduate,Single,PA,65746,No,No,No,Cellular,Salaried,119623.0,1
C103160,27,Male,1,High School,Single,IL,65347,Yes,Yes,No,Cellular,Government,121494.0,2
C103161,26,Female,5,Post-Graduate,Divorced,PA,23000,Yes,No,Yes,Telephone,Self-employed,71730.0,4
C103162,39,Male,1,Post-Graduate,Married,GA,10167,Yes,No,No,Telephone,Salaried,121055.0,2
C103163,34,Female,0,High School,Married,GA,89711,Yes,No,No,Telephone,Retired,143825.0,5
C103164,41,Male,1,Post-Graduate,Unknown,TX,65261,No,Yes,Yes,Cellular,Businessman,49044.0,4
C103165,34,Male,4,Graduate,Single,NC,79425,Yes,No,No,Cellular,Businessman,91732.0,4
C103166,60,Female,5,High School,Married,PA,81855,Yes,Yes,Yes,Email,Self-employed,150020.0,2
C103167,34,Male,0,Post-Graduate,Divorced,OH,80948,No,Yes,Yes,Email,Businessman,115169.0,2
C103168,52,Male,5,College,Married,NC,57126,Yes,Yes,No,Telephone,nan,72277.0,3
C103169,46,Male,3,Post-Graduate,Unknown,OH,88807,Yes,No,Yes,Cellular,Businessman,68494.0,1
C103170,23,Male,1,Graduate,Unknown,MI,37469,No,No,No,Email,Businessman,28138.0,3
C103171,35,Female,4,Uneducated,Single,NC,44531,Yes,No,No,Cellular,Government,84974.0,3
C103172,41,Male,5,Post-Graduate,Divorced,CA,78780,No,Yes,No,Cellular,Unemployed,120335.0,2
C103173,50,Male,5,Uneducated,Divorced,CA,42451,No,Yes,No,Telephone,Government,155108.0,4
C103174,68,Female,1,College,Married,TX,17357,No,Yes,Yes,Cellular,Businessman,67153.0,4
C103175,67,Female,0,Post-Graduate,Divorced,NC,23811,No,Yes,No,Telephone,Government,128993.0,2
C103176,34,Female,0,High School,Married,CA,65433,No,Yes,Yes,Email,Self-employed,157793.0,4
C103177,67,Male,1,Uneducated,Married,CA,77888,Yes,Yes,No,Cellular,Student,22857.0,1
C103178,59,Male,5,College,Single,IL,99362,No,Yes,No,Telephone,Self-employed,102049.0,5
C103179,57,Female,0,High School,Divorced,GA,49002,No,Yes,Yes,Cellular,Government,82338.0,4
C103180,61,Male,2,High School,Unknown,NY,84110,No,No,Yes,Cellular,Salaried,104808.0,4
C103181,68,Female,5,High School,Married,FL,95149,No,No,No,Email,Unemployed,21554.0,3
C103182,48,Male,0,High School,Married,PA,16064,No,No,Yes,Telephone,Businessman,115670.0,2
C103183,22,Female,3,Post-Graduate,Married,CA,38300,Yes,No,Yes,Cellular,Government,27701.0,4
C103184,42,Male,1,Post-Graduate,Divorced,FL,64679,Yes,Yes,Yes,Cellular,Retired,129160.0,2
C103185,27,Female,5,Post-Graduate,Divorced,FL,91683,No,No,No,Email,Retired,97307.0,3
C103186,64,Male,2,College,Divorced,NC,13052,Yes,Yes,No,Cellular,Unemployed,167301.0,1
C103187,52,Female,1,College,Married,NC,69243,No,No,No,Telephone,Unemployed,111711.0,5
C103188,36,Male,5,College,Unknown,PA,55151,No,Yes,Yes,Telephone,Government,21475.0,1
C103189,56,Male,0,Graduate,Unknown,GA,24035,No,No,No,Telephone,Government,89582.0,5
C103190,22,Male,2,College,Divorced,MI,13541,Yes,No,No,Cellular,Retired,84794.0,1
C103191,37,Female,1,Post-Graduate,Unknown,FL,48511,No,No,Yes,Cellular,Unemployed,65231.0,5
C103192,69,Male,0,Post-Graduate,Married,MI,96474,No,Yes,No,Telephone,Self-employed,66190.0,1
C103193,23,Male,5,Graduate,Divorced,GA,83278,Yes,No,No,Cellular,Unemployed,34727.0,2
C103194,68,Male,0,Graduate,Divorced,TX,67874,No,No,No,Email,Businessman,109260.0,5
C103195,43,Female,5,College,Married,NY,87244,Yes,No,Yes,Telephone,Student,152766.0,2
C103196,57,Male,1,Uneducated,Divorced,PA,78205,Yes,No,Yes,Email,Retired,119542.0,3
C103197,59,Female,5,Graduate,Married,IL,92240,No,No,No,Email,Retired,29643.0,4
C103198,48,Male,1,High School,Divorced,GA,11637,Yes,Yes,No,Cellular,Retired,163156.0,3
C103199,65,nan,1,Post-Graduate,Unknown,CA,54436,No,Yes,Yes,Cellular,Unemployed,157011.0,3
C103200,61,Female,2,High School,Divorced,MI,92612,Yes,No,Yes,Telephone,Unemployed,96042.0,5
C103201,28,Male,2,nan,Divorced,TX,65588,Yes,Yes,Yes,Cellular,Government,56281.0,5
C103202,53,Female,3,Post-Graduate,Divorced,OH,28736,Yes,No,No,Email,Unemployed,147916.0,3
C103203,24,Female,2,Graduate,Single,MI,24905,No,No,No,Cellular,Salaried,90036.0,1
C103204,27,Male,0,Graduate,Unknown,FL,47723,Yes,No,Yes,Telephone,Retired,125227.0,4
C103205,31,nan,2,High School,Married,MI,61625,No,No,Yes,Cellular,Businessman,53115.0,2
C103206,60,Female,1,Post-Graduate,Single,IL,67304,No,Yes,No,Email,Unemployed,175516.0,2
C103207,28,Female,1,High School,Unknown,GA,53096,No,No,Yes,Email,Unemployed,80335.0,1
C103208,40,Female,2,Uneducated,nan,CA,37037,Yes,No,No,Telephone,Student,154556.0,4
C103209,63,Male,0,High School,Divorced,CA,28983,Yes,Yes,Yes,Telephone,Retired,161332.0,1
C103210,59,Female,3,College,Married,OH,59746,No,No,No,Cellular,Salaried,58000.0,2
C103211,48,Female,1,High School,Married,NC,12031,No,No,Yes,Cellular,Retired,99599.0,1
C103212,31,Male,4,College,Unknown,FL,97096,No,Yes,No,Telephone,Unemployed,109651.0,5
C103213,42,Male,3,College,Unknown,GA,46105,No,Yes,Yes,Email,Student,146637.0,2
C103214,56,Female,5,College,Married,MI,93634,No,No,No,Cellular,Student,143696.0,5
C103215,26,Male,4,Uneducated,Unknown,OH,59420,No,No,No,Telephone,Retired,174881.0,4
C103216,27,Male,4,High School,Married,NY,51346,Yes,No,No,Telephone,Unemployed,172446.0,5
C103217,30,Male,4,High School,Divorced,IL,19690,No,Yes,Yes,Email,Businessman,53496.0,1
C103218,60,Male,1,Uneducated,Married,NC,89790,No,No,No,Telephone,Self-employed,165752.0,4
C103219,24,Male,1,Post-Graduate,Single,NC,58983,No,No,No,Cellular,Salaried,86617.0,3
C103220,29,Male,4,Graduate,Married,TX,78387,No,No,No,Cellular,Retired,69316.0,4
C103221,58,Male,4,High School,Married,TX,79832,Yes,No,Yes,Telephone,Government,126002.0,3
C103222,69,Male,3,Graduate,Single,NY,79922,Yes,Yes,Yes,Telephone,Student,85459.0,3
C103223,39,Male,1,Uneducated,Single,OH,91774,No,Yes,Yes,Email,Salaried,84213.0,4
C103224,66,Female,4,Post-Graduate,Single,PA,83437,No,No,No,Email,Businessman,96103.0,3
C103225,53,Female,0,Post-Graduate,Single,IL,45922,No,Yes,Yes,Telephone,Salaried,70339.0,5
C103226,58,Female,5,Post-Graduate,Married,OH,68706,Yes,No,No,Cellular,Government,128555.0,5
C103227,42,Female,1,Uneducated,Unknown,FL,99868,Yes,Yes,Yes,Email,Government,40394.0,4
C103228,59,Female,1,College,Single,IL,42219,Yes,Yes,Yes,Telephone,Businessman,39078.0,3
C103229,21,Male,5,College,Divorced,NC,12934,No,Yes,Yes,Email,Salaried,134302.0,1
C103230,69,Male,5,Graduate,Married,NC,62819,Yes,No,No,Email,Retired,84132.0,4
C103231,41,Female,5,College,Unknown,FL,22009,No,No,No,Email,Self-employed,158387.0,3
C103232,69,Female,0,College,Divorced,PA,99275,No,Yes,Yes,Email,Self-employed,172238.0,3
C103233,27,Male,5,Post-Graduate,Married,NY,76050,No,No,Yes,Email,Retired,103535.0,3
C103234,66,Female,4,Post-Graduate,Married,TX,72210,No,Yes,No,Email,Student,127370.0,1
C103235,27,Male,2,Graduate,Divorced,NC,46997,No,No,No,Cellular,Retired,65716.0,5
C103236,42,Female,1,High School,Single,PA,45745,Yes,Yes,No,Email,Unemployed,175562.0,2
C103237,33,Male,5,Graduate,Single,GA,99580,Yes,Yes,No,Telephone,Student,134511.0,1
C103238,43,Female,4,Graduate,Divorced,IL,15774,Yes,No,Yes,Telephone,Salaried,115363.0,2
C103239,42,Male,5,Uneducated,Unknown,NY,83320,No,No,Yes,Email,Retired,110454.0,5
C103240,46,Female,0,Uneducated,Single,OH,80763,Yes,Yes,Yes,Email,Unemployed,97503.0,3
C103241,38,Female,0,Graduate,Married,PA,97754,No,No,No,Telephone,Student,120694.0,2
C103242,27,Male,1,Graduate,Married,NY,26553,No,Yes,No,Email,Government,66443.0,2
C103243,22,Male,0,Graduate,Unknown,PA,34207,No,Yes,Yes,Telephone,Businessman,142441.0,1
C103244,39,Female,0,College,Married,GA,53978,Yes,No,Yes,Telephone,Student,77715.0,5
C103245,34,Female,4,Uneducated,Single,CA,33339,Yes,No,Yes,Cellular,Retired,99509.0,4
C103246,45,Male,5,Graduate,Unknown,FL,35393,Yes,No,Yes,Cellular,Self-employed,32540.0,2
C103247,53,Male,0,Post-Graduate,Single,CA,82189,Yes,No,Yes,Telephone,Retired,49725.0,1
C103248,68,Male,2,Post-Graduate,Unknown,NY,61346,No,Yes,No,Email,Government,73366.0,3
C103249,59,Female,4,College,Divorced,CA,25455,No,Yes,Yes,Telephone,Unemployed,165607.0,5
C103250,68,Female,4,College,Married,PA,74504,No,Yes,No,Telephone,Self-employed,112402.0,3
C103251,40,Male,1,High School,Unknown,PA,72433,No,No,No,Email,Student,47173.0,3
C103252,64,Female,4,High School,Divorced,CA,95388,No,No,No,Cellular,Retired,36447.0,4
C103253,25,Female,1,High School,Single,FL,90823,Yes,Yes,Yes,Telephone,Student,22318.0,2
C103254,69,Male,0,College,Divorced,FL,53823,Yes,No,No,Cellular,Unemployed,135408.0,4
C103255,41,Female,3,College,Single,GA,41697,No,No,Yes,Email,Government,172289.0,1
C103256,33,Male,2,College,Unknown,PA,61805,No,No,Yes,Cellular,Self-employed,36803.0,4
C103257,34,Male,5,Post-Graduate,Unknown,NY,96727,No,Yes,No,Email,Businessman,111784.0,1
C103258,36,Female,2,College,Married,IL,72400,No,Yes,Yes,Email,Businessman,78409.0,2
C103259,65,Female,0,Post-Graduate,Married,FL,60748,No,No,No,Cellular,Unemployed,155601.0,2
C103260,61,Male,3,High School,Unknown,MI,77425,Yes,Yes,Yes,Telephone,Government,51338.0,4
C103261,48,Male,4,High School,Single,FL,33770,No,Yes,Yes,Telephone,Retired,164380.0,3
C103262,21,Male,3,High School,Single,GA,87012,Yes,Yes,No,Email,Student,176910.0,4
C103263,22,Female,4,Graduate,Unknown,IL,10939,Yes,Yes,No,Cellular,Retired,86925.0,5
C103264,28,Male,4,Graduate,Single,TX,20661,No,Yes,Yes,Cellular,Government,124579.0,2
C103265,33,Male,4,Uneducated,Unknown,MI,80816,No,No,No,Cellular,Self-employed,99670.0,5
C103266,58,Male,3,Uneducated,Married,FL,13555,Yes,Yes,No,Cellular,Businessman,147661.0,5
C103267,39,Male,0,Uneducated,Single,CA,91461,Yes,No,Yes,Email,Student,149445.0,5
C103268,22,Female,4,Graduate,Married,PA,76814,Yes,No,No,Cellular,Self-employed,171804.0,3
C103269,51,Female,5,Graduate,Divorced,MI,35596,No,Yes,No,Cellular,Businessman,75991.0,2
C103270,30,Male,0,Uneducated,Married,FL,33736,Yes,Yes,Yes,Telephone,Businessman,27101.0,2
C103271,25,Female,4,Uneducated,Divorced,PA,27224,No,Yes,No,Email,Salaried,44966.0,2
C103272,43,Female,0,College,Married,NY,49298,Yes,Yes,Yes,Cellular,Student,166512.0,4
C103273,50,Female,5,Uneducated,nan,IL,28675,No,No,No,Cellular,Government,157511.0,1
C103274,52,Male,5,College,Single,NC,75456,No,No,Yes,Email,Salaried,36186.0,2
C103275,21,Female,0,Post-Graduate,Married,GA,72992,Yes,No,No,Email,Businessman,56752.0,3
C103276,65,Female,0,Graduate,Unknown,TX,77492,No,Yes,Yes,Telephone,Student,148314.0,3
C103277,64,Male,1,Uneducated,Single,CA,46188,No,No,Yes,Email,Unemployed,115253.0,1
C103278,62,Male,5,Graduate,Single,MI,16737,Yes,No,Yes,Cellular,Unemployed,148922.0,4
C103279,23,Female,5,Graduate,Single,TX,58894,No,Yes,No,Telephone,Student,111969.0,3
C103280,67,Female,3,Graduate,Married,GA,82911,Yes,Yes,Yes,Cellular,Salaried,67755.0,1
C103281,50,Male,4,Post-Graduate,Single,TX,87202,Yes,Yes,Yes,Email,Self-employed,138157.0,3
C103282,57,Male,4,High School,Divorced,IL,79375,Yes,No,No,Email,Self-employed,154265.0,1
C103283,48,Male,1,Uneducated,Divorced,NY,59410,No,Yes,Yes,Email,Unemployed,62713.0,3
C103284,41,Male,0,High School,Married,CA,67898,No,No,Yes,Telephone,Government,125778.0,4
C103285,33,Female,0,High School,Single,MI,63855,Yes,Yes,Yes,Cellular,Student,176495.0,4
C103286,60,Male,4,High School,Unknown,IL,70944,No,No,Yes,Cellular,Retired,177267.0,3
C103287,46,Female,2,Graduate,Unknown,IL,65466,Yes,No,No,Telephone,Salaried,70436.0,3
C103288,60,Female,4,College,Divorced,PA,82357,Yes,Yes,No,Email,Businessman,136642.0,5
C103289,50,Female,4,Graduate,Married,NY,90233,Yes,No,No,Cellular,Self-employed,58390.0,2
C103290,44,Male,1,Graduate,Married,NC,22999,No,Yes,Yes,Email,Salaried,35853.0,4
C103291,58,Male,0,High School,Married,NY,72926,No,Yes,No,Email,Government,115697.0,3
C103292,61,Female,3,Graduate,Married,NY,70822,No,Yes,Yes,Cellular,Government,43752.0,2
C103293,66,Female,4,High School,Married,IL,26754,Yes,No,Yes,Email,Retired,140375.0,3
C103294,25,Female,4,College,Single,NC,60015,Yes,No,No,Cellular,Student,126596.0,2
C103295,36,Female,3,Uneducated,Single,FL,30205,No,No,Yes,Cellular,Government,161842.0,2
C103296,66,Female,1,High School,Single,PA,91610,No,Yes,Yes,Telephone,nan,51003.0,4
C103297,62,Male,2,College,Unknown,NY,63422,Yes,No,No,Cellular,Retired,95275.0,5
C103298,69,Male,1,Uneducated,Single,FL,72760,Yes,No,No,Telephone,Retired,113753.0,1
C103299,36,Male,4,Post-Graduate,Married,NC,11334,Yes,Yes,Yes,Email,Self-employed,158877.0,3
C103300,69,Female,1,High School,Married,NY,75956,Yes,Yes,Yes,Telephone,Self-employed,178092.0,2
C103301,68,Female,5,High School,Unknown,CA,42375,No,Yes,Yes,Email,Government,47824.0,5
C103302,30,nan,3,Post-Graduate,Unknown,FL,73206,No,Yes,yes,Telephone,Unemployed,78877.0,2
C103303,38,Male,1,Post-Graduate,Divorced,FL,49778,Yes,Yes,No,Email,Retired,59747.0,3
C103304,58,Female,4,High School,Unknown,CA,76327,Yes,Yes,No,Cellular,Unemployed,135221.0,1
C103305,37,Male,3,Post-Graduate,Divorced,FL,50107,No,Yes,Yes,Telephone,Student,167295.0,4
C103306,45,Male,3,Graduate,Single,TX,29165,Yes,No,No,Cellular,Self-employed,21555.0,1
C103307,60,Male,4,Uneducated,Married,NY,26065,Yes,Yes,Yes,Cellular,Self-employed,38712.0,4
C103308,51,Female,4,Uneducated,Divorced,MI,74533,No,Yes,No,Email,Retired,159383.0,2
C103309,46,Female,4,Uneducated,Divorced,FL,51104,No,Yes,No,Email,Unemployed,70517.0,5
C103310,46,Male,2,Graduate,Divorced,GA,15870,No,Yes,Yes,Email,Government,98617.0,4
C103311,60,Female,4,Post-Graduate,Unknown,OH,76366,Yes,Yes,No,Email,Student,146251.0,2
C103312,32,Male,1,College,Unknown,NC,78211,Yes,No,Yes,Telephone,Unemployed,93754.0,3
C103313,38,Male,5,Post-Graduate,Unknown,GA,79001,No,Yes,No,Cellular,Unemployed,62749.0,3
C103314,54,Female,0,High School,Divorced,CA,61959,No,No,No,Email,Government,63000.0,5
C103315,55,Female,2,Uneducated,Single,NY,62802,Yes,No,Yes,Cellular,Businessman,111721.0,5
C103316,31,Female,2,Post-Graduate,Married,NY,24698,Yes,Yes,No,Telephone,Businessman,143267.0,3
C103317,50,Male,0,College,Unknown,GA,13395,Yes,Yes,No,Email,Unemployed,60039.0,3
C103318,65,Male,1,High School,Single,FL,19487,No,Yes,Yes,Telephone,Retired,120142.0,4
C103319,31,Male,2,Graduate,Unknown,NC,40476,No,No,No,Telephone,Student,76429.0,5
C103320,66,Female,2,Graduate,Unknown,NY,35107,Yes,Yes,No,Cellular,Businessman,166863.0,3
C103321,24,Male,4,College,Divorced,FL,18718,No,No,Yes,Cellular,Retired,21517.0,4
C103322,56,Male,5,High School,Divorced,CA,87067,No,No,Yes,Telephone,Student,121203.0,2
C103323,30,Male,3,Uneducated,Unknown,TX,94031,No,Yes,No,Telephone,Businessman,32099.0,5
C103324,54,Male,2,Post-Graduate,Married,PA,33339,Yes,Yes,No,Email,Salaried,36925.0,5
C103325,51,Female,5,High School,Unknown,NC,78267,Yes,No,Yes,Cellular,Self-employed,67607.0,3
C103326,52,Female,1,Graduate,Married,CA,36241,No,No,Yes,Telephone,Retired,66004.0,3
C103327,48,Female,3,College,Single,IL,55051,Yes,Yes,No,Telephone,Unemployed,58365.0,3
C103328,63,Male,0,College,Unknown,NY,48020,No,Yes,No,Cellular,Government,139128.0,3
C103329,57,Male,2,Post-Graduate,Married,OH,51813,No,No,Yes,Telephone,Student,158851.0,1
C103330,52,Male,1,College,Single,FL,81508,Yes,No,No,Email,Businessman,91090.0,3
C103331,52,Female,5,College,Single,IL,71514,No,Yes,No,Telephone,Unemployed,165408.0,2
C103332,37,Female,0,High School,Divorced,GA,95557,No,No,Yes,Telephone,Salaried,61518.0,3
C103333,54,Female,4,Uneducated,Single,NY,75955,No,Yes,No,Cellular,Businessman,39242.0,3
C103334,55,Female,4,Post-Graduate,nan,TX,10409,No,Yes,No,Cellular,nan,155693.0,2
C103335,59,Female,3,High School,Single,IL,70339,No,Yes,Yes,Email,Government,49446.0,4
C103336,41,Male,0,Uneducated,Single,MI,57282,No,No,No,Telephone,Self-employed,130536.0,2
C103337,52,Female,3,High School,Married,FL,34077,Yes,No,No,Email,Unemployed,115987.0,5
C103338,54,Female,0,High School,Married,IL,16435,No,No,Yes,Telephone,Self-employed,51911.0,2
C103339,54,Female,5,College,Divorced,TX,86727,Yes,Yes,Yes,Telephone,Salaried,166264.0,5
C103340,28,Male,0,Uneducated,Unknown,NC,36770,YES,Yes,Yes,Cellular,Retired,122677.0,1
C103341,36,Female,4,Post-Graduate,Married,GA,69432,Yes,Yes,No,Email,Unemployed,93040.0,2
C103342,55,Female,3,Post-Graduate,Single,PA,87422,Yes,No,No,Telephone,Businessman,162099.0,4
C103343,43,Female,4,Uneducated,Divorced,CA,60520,Yes,Yes,No,Telephone,Self-employed,157301.0,1
C103344,42,Male,0,College,Divorced,FL,62033,No,Yes,No,Cellular,Businessman,86021.0,3
C103345,51,Male,4,Graduate,Divorced,OH,35953,No,Yes,Yes,Cellular,Student,43648.0,4
C103346,49,Female,3,High School,Single,MI,31516,Yes,No,Yes,Cellular,Businessman,129188.0,2
C103347,58,Female,3,College,Married,IL,38040,No,No,Yes,Email,Retired,148801.0,2
C103348,39,Female,1,Uneducated,Unknown,FL,61147,Yes,No,No,Email,Student,113019.0,4
C103349,65,Female,4,High School,Divorced,NC,89950,No,No,Yes,Telephone,Student,147690.0,3
C103350,56,Male,1,Post-Graduate,Single,GA,27682,Yes,No,No,Email,Self-employed,158787.0,3
C103351,69,Female,0,Graduate,Married,TX,66556,Yes,No,No,Cellular,Student,45620.0,1
C103352,29,Male,5,Post-Graduate,Married,PA,11128,Yes,No,No,Cellular,Businessman,130386.0,4
C103353,55,Female,4,Uneducated,Unknown,FL,95569,No,Yes,Yes,Email,Unemployed,140462.0,5
C103354,21,Male,2,High School,Divorced,OH,34277,No,Yes,No,Telephone,Government,98617.0,4
C103355,53,Male,1,Uneducated,Single,CA,69786,Yes,Yes,No,Telephone,Retired,22233.0,3
C103356,37,Female,3,High School,Married,CA,62261,Yes,Yes,Yes,Telephone,Businessman,28405.0,3
C103357,46,Male,1,College,Single,PA,71725,No,No,Yes,Telephone,Salaried,173236.0,1
C103358,33,Female,4,Graduate,Married,MI,69054,No,No,No,Cellular,Unemployed,65837.0,4
C103359,25,Male,1,College,Divorced,OH,34442,Yes,Yes,No,Email,Salaried,47414.0,2
C103360,39,Male,3,College,Divorced,NC,68898,Yes,Yes,No,Cellular,Businessman,169280.0,5
C103361,62,Female,1,Uneducated,Unknown,OH,93872,Yes,No,Yes,Telephone,Salaried,124278.0,4
C103362,29,Female,1,Graduate,Married,NC,93942,No,No,Yes,Telephone,Government,118505.0,5
C103363,26,Male,2,High School,Single,MI,90237,Yes,No,Yes,Cellular,Salaried,151345.0,4
C103364,41,Male,0,High School,Married,NC,77092,No,Yes,Yes,Telephone,Self-employed,48781.0,3
C103365,69,Female,3,Post-Graduate,Single,GA,99591,No,No,Yes,Cellular,Unemployed,179159.0,5
C103366,42,Female,0,High School,Unknown,OH,63411,Yes,No,No,Cellular,Unemployed,50456.0,4
C103367,59,Female,2,Uneducated,Married,TX,61995,No,No,No,Cellular,Unemployed,82277.0,2
C103368,68,Male,5,College,Divorced,TX,94242,Yes,No,No,Cellular,Government,33012.0,3
C103369,25,Female,5,College,Single,IL,65189,Yes,Yes,No,Telephone,Unemployed,66494.0,2
C103370,42,Female,4,College,Divorced,OH,16802,No,No,Yes,Telephone,Self-employed,45808.0,1
C103371,27,Male,4,Graduate,Unknown,MI,88491,Yes,Yes,Yes,Telephone,nan,154111.0,1
C103372,46,Female,2,High School,Unknown,OH,36524,No,No,No,Email,Unemployed,110207.0,1
C103373,45,Female,4,Uneducated,Single,CA,25457,No,No,No,Cellular,Government,34632.0,3
C103374,25,Female,4,nan,Married,GA,65801,Yes,Yes,Yes,Email,Retired,26217.0,2
C103375,52,Female,1,Post-Graduate,Divorced,CA,42173,No,No,No,Cellular,Self-employed,176864.0,4
C103376,28,Male,1,Uneducated,Divorced,FL,46399,No,No,No,Cellular,Salaried,56147.0,3
C103377,29,Female,1,Uneducated,Single,NY,73863,Yes,No,Yes,Telephone,Businessman,61016.0,4
C103378,48,Female,5,Uneducated,Single,IL,56611,No,No,No,Cellular,Government,102467.0,3
C103379,40,Female,2,College,Single,PA,40563,Yes,No,Yes,Email,Unemployed,80729.0,5
C103380,24,Female,5,Uneducated,Unknown,FL,84797,Yes,No,No,Telephone,Businessman,81728.0,1
C103381,23,Female,4,High School,Unknown,FL,23415,No,No,No,Telephone,nan,125844.0,1
C103382,64,Female,0,Uneducated,Divorced,OH,97034,No,No,No,Cellular,Government,142837.0,5
C103383,61,Male,5,College,Married,FL,24588,Yes,No,Yes,Telephone,Self-employed,64896.0,2
C103384,62,Male,3,Uneducated,Single,NY,91465,No,Yes,Yes,Email,Businessman,173175.0,1
C103385,31,Male,4,Post-Graduate,Unknown,FL,24156,Yes,No,Yes,Cellular,Retired,44800.0,1
C103386,68,Female,5,Post-Graduate,Married,OH,87431,No,No,Yes,Email,Unemployed,62501.0,2
C103387,49,Female,2,College,Single,CA,84909,Yes,No,Yes,Telephone,Salaried,123264.0,2
C103388,63,Female,1,High School,Married,FL,46322,Yes,Yes,Yes,Email,Businessman,88021.0,5
C103389,42,Male,3,High School,Single,PA,64288,No,Yes,No,Email,Government,117647.0,1
C103390,28,Female,5,Graduate,Married,GA,76710,No,Yes,No,Telephone,Salaried,73245.0,5
C103391,66,Male,3,College,Divorced,GA,61528,No,Yes,No,Cellular,Self-employed,91268.0,3
C103392,54,Female,3,Uneducated,Single,NC,20896,Yes,Yes,No,Cellular,Salaried,18576.0,2
C103393,51,Female,0,College,Single,IL,66119,Yes,Yes,Yes,Telephone,Salaried,123214.0,2
C103394,24,Male,5,Graduate,Divorced,NY,37439,No,No,No,Cellular,Businessman,179739.0,1
C103395,35,Male,5,College,Single,TX,44300,No,Yes,Yes,Email,Government,90258.0,4
C103396,38,Male,1,College,Single,NY,85772,Yes,No,No,Telephone,Government,54951.0,5
C103397,31,Male,1,Graduate,Unknown,NC,90495,No,No,No,Telephone,Government,106815.0,2
C103398,47,Male,1,High School,Divorced,PA,15219,No,No,Yes,Cellular,Student,105757.0,2
C103399,39,Male,1,Uneducated,Unknown,CA,96411,Yes,Yes,Yes,Cellular,Self-employed,44660.0,1
C103400,29,Female,4,Graduate,Divorced,TX,64483,No,No,No,Telephone,nan,175978.0,1
C103401,45,Male,3,Post-Graduate,Married,OH,73925,Yes,No,Yes,Telephone,Government,177182.0,4
C103402,42,Female,3,High School,Divorced,OH,74121,Yes,Yes,Yes,Telephone,Salaried,141800.0,3
C103403,43,Female,3,Post-Graduate,Divorced,IL,55915,No,Yes,No,Telephone,Student,105109.0,3
C103404,57,Female,2,High School,Unknown,TX,46385,No,No,Yes,Email,Self-employed,85250.0,1
C103405,30,Female,1,Uneducated,Single,OH,12775,No,Yes,Yes,Email,Government,43709.0,4
C103406,37,Female,4,Uneducated,Divorced,IL,29478,Yes,Yes,Yes,Telephone,Student,175862.0,1
C103407,33,Male,4,College,Single,PA,36433,Yes,No,No,Telephone,Unemployed,55550.0,3
C103408,24,Male,5,Post-Graduate,Divorced,TX,35146,Yes,No,Yes,Telephone,Self-employed,64129.0,5
C103409,52,Male,5,High School,Unknown,PA,24196,No,No,Yes,Email,Retired,93550.0,2
C103410,48,Female,2,Uneducated,Divorced,OH,21723,Yes,No,Yes,Cellular,Retired,112408.0,2
C103411,50,Male,2,Graduate,Married,GA,95644,Yes,No,No,Email,Salaried,43851.0,4
C103412,66,Female,5,Uneducated,Divorced,NY,79052,Yes,No,No,Telephone,Unemployed,45329.0,3
C103413,60,Female,5,Graduate,Divorced,NY,49381,No,No,No,Telephone,Student,138756.0,4
C103414,41,Female,3,nan,Single,PA,36061,Yes,No,Yes,Telephone,Businessman,132491.0,4
C103415,35,Female,3,Uneducated,Single,GA,39298,No,Yes,No,Telephone,Unemployed,151166.0,4
C103416,23,Male,3,Uneducated,Married,IL,48082,No,Yes,Yes,Email,Self-employed,165628.0,2
C103417,37,Male,3,High School,Divorced,CA,66713,Yes,Yes,No,Cellular,Student,33488.0,4
C103418,35,Male,5,Uneducated,Single,CA,34237,Yes,Yes,No,Telephone,Student,159505.0,3
C103419,53,Male,3,Graduate,Divorced,MI,53375,Yes,Yes,Yes,Telephone,Self-employed,45254.0,3
C103420,25,Male,5,Uneducated,Unknown,NC,88004,No,No,Yes,Telephone,Student,158763.0,5
C103421,28,Female,1,Post-Graduate,Unknown,FL,53983,No,Yes,Yes,Cellular,Student,161894.0,3
C103422,29,Male,4,College,Married,MI,58377,No,Yes,Yes,Email,Self-employed,149987.0,2
C103423,46,Female,1,Graduate,Unknown,CA,88983,No,No,Yes,Cellular,Unemployed,94192.0,3
C103424,22,Female,4,Post-Graduate,Single,GA,19529,Yes,Yes,Yes,Email,Salaried,34221.0,1
C103425,57,Female,0,High School,Single,NY,63433,Yes,No,Yes,Telephone,Retired,23349.0,4
C103426,56,Male,0,Graduate,Married,NY,10119,No,Yes,No,Cellular,Businessman,63656.0,5
C103427,32,Female,0,College,Divorced,CA,31406,No,Yes,No,Cellular,Self-employed,77439.0,1
C103428,39,Female,4,College,Single,CA,89411,No,No,No,Telephone,Government,79839.0,3
C103429,47,Male,2,High School,Unknown,NC,29759,No,Yes,Yes,Cellular,Student,177333.0,3
C103430,44,Female,1,High School,Single,CA,19072,No,Yes,No,Telephone,Unemployed,98617.0,4
C103431,22,Female,2,Graduate,Married,PA,67428,No,Yes,Yes,Telephone,Businessman,137206.0,4
C103432,36,Female,4,Uneducated,Unknown,OH,19199,No,No,No,Email,Businessman,87766.0,2
C103433,22,Male,3,High School,Unknown,FL,92358,No,No,No,Email,Self-employed,119035.0,5
C103434,41,Female,2,Uneducated,Unknown,IL,92583,Yes,No,Yes,Telephone,Government,113568.0,2
C103435,30,Female,4,Post-Graduate,Married,FL,41418,Yes,No,No,Telephone,Government,116407.0,3
C103436,62,Male,0,College,Married,FL,48200,No,No,No,Cellular,Salaried,136156.0,5
C103437,37,Male,3,Uneducated,Divorced,MI,17711,Yes,Yes,No,Telephone,Government,54266.0,5
C103438,32,Female,0,College,Divorced,CA,86100,Yes,Yes,No,Telephone,Retired,69063.0,2
C103439,27,Male,2,Uneducated,Divorced,PA,64233,Yes,No,No,Cellular,Self-employed,106013.0,3
C103440,29,Male,2,Post-Graduate,Married,MI,63438,No,No,Yes,Telephone,Businessman,109220.0,3
C103441,66,Male,1,High School,Unknown,MI,64899,No,Yes,Yes,Telephone,Businessman,68464.0,2
C103442,30,Male,1,Post-Graduate,Unknown,OH,10979,No,No,No,Email,Government,157586.0,5
C103443,36,Male,4,High School,Single,OH,18764,Yes,Yes,Yes,Telephone,Student,135510.0,5
C103444,21,Male,5,High School,Divorced,GA,51381,No,No,Yes,Telephone,Unemployed,106782.0,1
C103445,29,Male,2,College,Unknown,OH,94770,Yes,No,No,Cellular,Retired,64598.0,2
C103446,33,Female,0,Post-Graduate,Unknown,PA,99345,No,Yes,Yes,Email,Unemployed,58623.0,3
C103447,68,Male,1,Uneducated,Unknown,GA,80953,No,Yes,Yes,Email,Salaried,172329.0,1
C103448,36,Male,0,Post-Graduate,Unknown,TX,44527,Yes,No,Yes,Telephone,Government,153833.0,2
C103449,54,Male,4,College,Married,NC,42360,No,No,No,Email,Retired,140955.0,5
C103450,61,Female,5,High School,Divorced,TX,52412,Yes,Yes,No,Email,Self-employed,170179.0,4
C103451,50,Male,0,College,Unknown,FL,35379,No,Yes,No,Email,Salaried,39175.0,2
C103452,33,Male,0,Graduate,Unknown,MI,56235,No,No,No,Cellular,Retired,72636.0,5
C103453,28,Female,3,Graduate,Unknown,PA,29093,No,Yes,No,Cellular,Government,93841.0,4
C103454,31,Male,4,Uneducated,Unknown,GA,52184,Yes,No,No,Email,Salaried,70327.0,3
C103455,69,Female,5,College,Single,TX,95330,No,No,No,Email,Student,77102.0,4
C103456,51,Female,1,Uneducated,Unknown,MI,20793,Yes,No,Yes,Telephone,Self-employed,142858.0,3
C103457,63,Male,3,Uneducated,Unknown,PA,28909,Yes,No,No,Email,Government,174811.0,4
C103458,31,Female,2,Graduate,Unknown,IL,17602,Yes,No,Yes,Cellular,Businessman,70357.0,5
C103459,68,Male,2,Uneducated,Single,IL,67849,No,No,No,Telephone,Self-employed,77002.0,1
C103460,27,Male,1,Graduate,Married,IL,73690,No,No,No,Cellular,Student,70711.0,3
C103461,21,Female,5,High School,Single,NC,10534,No,Yes,No,Cellular,Retired,99545.0,2
C103462,43,Female,5,College,Unknown,OH,39736,No,Yes,No,Cellular,Student,109544.0,4
C103463,52,Male,4,Uneducated,Married,NC,35730,No,No,Yes,Cellular,Businessman,121901.0,2
C103464,35,Male,2,Graduate,Unknown,NC,48698,Yes,Yes,No,Cellular,Unemployed,78124.0,3
C103465,38,Female,2,Post-Graduate,Married,PA,17582,Yes,No,Yes,Telephone,Self-employed,151039.0,3
C103466,48,Male,2,Uneducated,Unknown,PA,69564,Yes,No,Yes,Cellular,Government,88998.0,4
C103467,34,Male,4,High School,Unknown,FL,83703,Yes,Yes,Yes,Email,Businessman,37430.0,2
C103468,33,Male,2,High School,Married,GA,14327,Yes,Yes,No,Telephone,Unemployed,101383.0,1
C103469,54,Female,1,Post-Graduate,Married,NY,92515,Yes,No,No,Email,Government,35211.0,1
C103470,40,Male,1,Graduate,Unknown,IL,77668,No,Yes,Yes,Telephone,Salaried,164310.0,1
C103471,44,Male,1,Uneducated,Single,CA,56527,Yes,No,No,Email,Government,177856.0,1
C103472,48,Male,3,Graduate,Single,MI,17064,Yes,Yes,No,Cellular,Salaried,150964.0,1
C103473,31,nan,1,High School,Single,NY,11926,Yes,No,No,Email,Government,36561.0,4
C103474,48,Female,0,Graduate,Single,CA,66365,Yes,No,Yes,Cellular,Salaried,134837.0,1
C103475,42,Female,2,High School,Married,PA,65933,No,No,Yes,Telephone,Self-employed,133949.0,3
C103476,50,Male,1,Graduate,Married,NY,64930,Yes,Yes,Yes,Cellular,Unemployed,36709.0,3
C103477,58,Female,5,Post-Graduate,Single,FL,81312,No,No,Yes,Email,Student,164245.0,4
C103478,37,Male,5,College,Divorced,IL,20742,No,No,Yes,Cellular,Self-employed,96636.0,1
C103479,42,Female,5,Post-Graduate,Divorced,OH,20087,Yes,Yes,No,Cellular,Businessman,95809.0,4
C103480,21,Male,5,nan,Divorced,MI,96632,Yes,Yes,Yes,Telephone,Self-employed,129587.0,4
C103481,40,Female,4,College,Unknown,CA,61240,No,No,Yes,Cellular,Self-employed,167252.0,5
C103482,25,Male,5,College,Single,IL,44408,Yes,Yes,Yes,Telephone,Student,148713.0,3
C103483,53,Male,4,Uneducated,Unknown,FL,24159,Yes,No,Yes,Email,Retired,44158.0,2
C103484,65,Female,4,Uneducated,Married,OH,87696,Yes,No,No,Telephone,Self-employed,93606.0,4
C103485,21,Male,3,Post-Graduate,Married,MI,46200,No,No,No,Email,Businessman,123447.0,4
C103486,64,Female,5,Post-Graduate,Divorced,OH,27094,Yes,Yes,Yes,Email,Self-employed,29640.0,4
C103487,29,Female,4,High School,Divorced,GA,82673,No,Yes,No,Cellular,Self-employed,134545.0,1
C103488,52,Male,3,High School,Married,FL,77524,No,Yes,Yes,Telephone,Self-employed,128298.0,2
C103489,46,Male,2,Uneducated,Divorced,FL,22850,No,No,Yes,Email,Unemployed,160020.0,1
C103490,65,Female,0,Uneducated,Divorced,MI,37578,Yes,No,Yes,Cellular,Self-employed,112861.0,1
C103491,62,Female,4,High School,Married,IL,19863,No,No,No,Cellular,Student,156819.0,2
C103492,68,Female,4,High School,Unknown,IL,25585,Yes,Yes,No,Email,Unemployed,69904.0,5
C103493,26,Male,3,Graduate,Divorced,TX,37397,No,Yes,Yes,Cellular,Student,43895.0,3
C103494,50,Female,3,Graduate,Unknown,IL,72632,Yes,No,Yes,Telephone,Businessman,164069.0,3
C103495,60,Male,0,High School,Divorced,IL,63767,Yes,Yes,Yes,Email,Retired,81502.0,3
C103496,43,Male,1,Graduate,Single,GA,31456,No,Yes,No,Email,Businessman,160232.0,1
C103497,59,Female,3,College,Unknown,OH,42293,No,Yes,Yes,Cellular,Businessman,117999.0,1
C103498,45,Female,0,Uneducated,Unknown,GA,64897,No,Yes,Yes,Email,Retired,56110.0,1
C103499,45,Male,2,Uneducated,Divorced,IL,96603,Yes,No,No,Email,Self-employed,26848.0,5
C103500,33,Male,5,High School,Unknown,NY,20427,Yes,No,Yes,Email,Retired,90061.0,1
C103501,45,Male,4,Post-Graduate,Single,GA,21421,Yes,No,No,Telephone,Government,153841.0,2
C103502,37,Male,4,High School,Married,NC,87239,No,Yes,Yes,Telephone,Unemployed,79486.0,1
C103503,64,Female,0,Graduate,Single,NY,62087,Yes,Yes,No,Telephone,Self-employed,22777.0,1
C103504,47,Male,0,Post-Graduate,Married,CA,94569,Yes,Yes,Yes,Telephone,Government,124033.0,4
C103505,31,Female,4,Graduate,Single,PA,17648,Yes,No,Yes,Cellular,Businessman,132796.0,2
C103506,26,Female,3,College,Single,TX,46894,No,Yes,No,Email,Self-employed,21037.0,4
C103507,35,Female,1,Graduate,Unknown,CA,57508,No,No,Yes,Telephone,Retired,130653.0,4
C103508,57,Male,2,College,Single,PA,68334,Yes,No,No,Cellular,Retired,138792.0,1
C103509,52,Male,1,College,Divorced,GA,80723,No,No,Yes,Telephone,Unemployed,149650.0,5
C103510,68,Female,1,Graduate,Divorced,NC,72013,No,Yes,No,Cellular,Retired,24373.0,2
C103511,44,Female,1,Graduate,Divorced,PA,52284,No,No,Yes,Telephone,Retired,72716.0,1
C103512,31,Female,4,College,Divorced,PA,25529,No,No,No,Telephone,Businessman,161510.0,3
C103513,62,Female,1,Post-Graduate,Unknown,CA,88670,No,Yes,No,Email,Student,41062.0,3
C103514,49,Male,3,College,Divorced,IL,56888,No,No,Yes,Telephone,Businessman,87524.0,5
C103515,28,Female,3,Uneducated,Single,TX,54170,No,Yes,Yes,Telephone,Self-employed,115195.0,2
C103516,57,Male,3,College,Divorced,OH,13857,No,No,No,Cellular,Student,159305.0,2
C103517,30,Male,0,Post-Graduate,Unknown,NC,16159,No,Yes,No,Email,Retired,125908.0,4
C103518,30,Male,2,Uneducated,Married,PA,23917,Yes,No,No,Email,Student,152707.0,3
C103519,21,Male,3,High School,Single,IL,44485,Yes,No,Yes,Cellular,Government,27416.0,3
C103520,65,Female,1,High School,Single,OH,56562,No,No,No,Telephone,Salaried,108022.0,3
C103521,43,Male,0,Post-Graduate,Unknown,NC,20185,No,Yes,No,Cellular,Student,42085.0,2
C103522,38,Female,4,College,Married,IL,33603,No,Yes,No,Telephone,Salaried,18210.0,1
C103523,43,Male,3,Graduate,Divorced,IL,62345,No,Yes,Yes,Telephone,Businessman,26772.0,3
C103524,25,Female,1,Post-Graduate,Married,MI,25426,Yes,No,Yes,Email,Businessman,126227.0,3
C103525,68,Female,1,Uneducated,Single,FL,70442,No,Yes,Yes,Telephone,Student,148708.0,5
C103526,58,Female,5,Uneducated,Single,IL,64251,Yes,Yes,No,Email,Government,47316.0,4
C103527,51,Female,4,High School,Single,OH,45709,Yes,Yes,No,Email,Businessman,46902.0,5
C103528,62,Female,0,Uneducated,Married,TX,35886,Yes,Yes,Yes,Cellular,Salaried,72777.0,1
C103529,59,Male,1,Post-Graduate,Divorced,FL,88571,Yes,No,Yes,Telephone,Student,23755.0,5
C103530,40,Female,2,Uneducated,Single,NC,47513,Yes,No,Yes,Cellular,Unemployed,24666.0,5
C103531,49,Male,3,Post-Graduate,Unknown,NY,78604,Yes,No,Yes,Cellular,Student,85395.0,3
C103532,68,Female,0,Graduate,Divorced,GA,66080,No,No,No,Cellular,Government,42456.0,3
C103533,53,Male,3,High School,Single,NC,47078,No,No,Yes,Cellular,Student,113581.0,4
C103534,59,Male,3,Uneducated,Divorced,IL,72228,Yes,No,Yes,Email,Self-employed,28290.0,4
C103535,52,Male,4,Post-Graduate,Unknown,OH,48974,No,Yes,No,Email,Salaried,40073.0,5
C103536,45,Female,2,College,Married,PA,91534,Yes,No,No,Email,Unemployed,106139.0,2
C103537,64,Male,2,High School,Single,CA,58462,No,Yes,Yes,Email,Retired,123141.0,2
C103538,47,Female,4,Graduate,Unknown,GA,37700,Yes,No,Yes,Telephone,Unemployed,105806.0,4
C103539,43,Female,3,Post-Graduate,Single,NC,30779,Yes,Yes,Yes,Email,Self-employed,62940.0,1
C103540,67,Male,2,Graduate,Single,MI,31130,No,No,Yes,Telephone,Self-employed,162106.0,4
C103541,22,Male,3,Graduate,Married,CA,55378,Yes,No,No,Cellular,Salaried,144740.0,5
C103542,24,Female,0,Uneducated,Married,GA,55669,No,No,Yes,Telephone,Student,160234.0,2
C103543,45,Female,4,Uneducated,Divorced,TX,87839,Yes,No,Yes,Email,Student,157076.0,5
C103544,65,Female,4,Post-Graduate,Unknown,PA,57700,No,Yes,Yes,Email,Self-employed,106374.0,1
C103545,43,Female,2,College,Unknown,MI,76866,No,Yes,Yes,Email,Retired,124068.0,3
C103546,61,Female,5,Post-Graduate,Married,GA,17209,No,No,No,Cellular,Salaried,-1000.0,4
C103547,56,Female,5,College,Single,IL,69681,No,No,Yes,Cellular,Businessman,94815.0,3
C103548,61,Male,0,Graduate,Divorced,GA,11702,No,Yes,No,Email,Salaried,73271.0,2
C103549,43,Female,3,High School,Married,OH,24714,Yes,No,Yes,Cellular,Retired,148453.0,1
C103550,53,Female,2,Post-Graduate,Divorced,OH,63440,Yes,No,Yes,Telephone,Self-employed,33702.0,5
C103551,48,Male,3,Post-Graduate,Divorced,OH,90266,No,Yes,Yes,Telephone,Salaried,46819.0,4
C103552,28,Male,0,College,Unknown,NC,31092,Yes,Yes,No,Telephone,Salaried,119808.0,2
C103553,53,Male,1,Graduate,Divorced,PA,34498,Yes,Yes,No,Telephone,Unemployed,119703.0,1
C103554,49,Female,2,Graduate,Unknown,PA,22603,No,Yes,Yes,Email,Businessman,144765.0,5
C103555,68,Male,5,College,Single,NC,41884,No,No,No,Email,Government,39864.0,5
C103556,35,Male,5,Graduate,Single,PA,33098,Yes,No,No,Telephone,Government,118965.0,2
C103557,35,Female,2,Uneducated,Married,OH,88041,No,No,Yes,Telephone,Businessman,169028.0,5
C103558,57,Female,4,High School,Single,OH,39617,No,No,No,Email,Salaried,163629.0,3
C103559,39,Female,1,Post-Graduate,Unknown,NY,28513,No,Yes,No,Cellular,Self-employed,155336.0,3
C103560,63,Female,5,High School,Divorced,GA,82152,Yes,No,No,Telephone,Businessman,171278.0,1
C103561,41,Male,5,Post-Graduate,Divorced,PA,66059,No,No,No,Cellular,Government,30447.0,3
C103562,55,Female,5,Uneducated,Single,FL,57667,Yes,Yes,No,Email,Retired,173090.0,2
C103563,46,Male,5,Graduate,Unknown,OH,26813,No,No,Yes,Telephone,Government,143196.0,1
C103564,48,Female,2,College,Divorced,GA,51330,Yes,Yes,Yes,Telephone,Businessman,139001.0,4
C103565,42,Male,3,Uneducated,Single,CA,59513,No,Yes,Yes,Cellular,Salaried,127321.0,5
C103566,56,Female,0,High School,Unknown,MI,44322,No,Yes,No,Cellular,Student,122622.0,3
C103567,36,Female,1,College,Unknown,FL,99831,No,Yes,Yes,Cellular,Self-employed,33556.0,4
C103568,32,Female,4,Graduate,Divorced,FL,16322,Yes,Yes,No,Cellular,Unemployed,117771.0,5
C103569,48,Male,4,Uneducated,Married,MI,63898,Yes,No,Yes,Telephone,Student,19468.0,2
C103570,27,Male,3,College,Married,NC,76307,Yes,No,No,Email,Self-employed,69769.0,4
C103571,53,Male,0,Uneducated,Unknown,PA,15745,Yes,No,No,Cellular,Student,159561.0,1
C103572,44,Female,4,Uneducated,Unknown,FL,30054,No,Yes,No,Cellular,Student,91240.0,2
C103573,31,Male,4,Graduate,Single,CA,63634,No,Yes,Yes,Email,Self-employed,124054.0,3
C103574,35,Female,0,Post-Graduate,Unknown,GA,37468,Yes,No,No,Telephone,Retired,94155.0,4
C103575,39,Female,1,College,Single,NC,99977,Yes,Yes,Yes,Email,Self-employed,20877.0,2
C103576,35,Female,2,Graduate,Single,IL,75677,Yes,Yes,No,Email,Government,132236.0,2
C103577,29,Male,2,Uneducated,Single,IL,84272,Yes,Yes,yes,Cellular,Salaried,77178.0,4
C103578,33,Female,0,Graduate,Unknown,MI,23209,Yes,No,Yes,Email,Salaried,69739.0,3
C103579,49,Male,0,Post-Graduate,Unknown,GA,16643,Yes,Yes,Yes,Email,Government,67313.0,2
C103580,46,Female,5,College,Single,GA,85174,No,Yes,No,Telephone,Retired,49828.0,4
C103581,43,Female,0,Post-Graduate,Divorced,IL,10914,Yes,Yes,No,Cellular,Student,55658.0,2
C103582,37,Female,3,High School,Unknown,FL,50354,Yes,No,No,Cellular,Retired,152926.0,1
C103583,25,Male,3,College,Married,PA,89776,Yes,Yes,Yes,Cellular,Retired,133204.0,4
C103584,36,Male,0,Post-Graduate,Divorced,MI,31131,No,No,No,Telephone,Self-employed,122720.0,4
C103585,59,Female,3,Uneducated,Married,IL,14694,Yes,Yes,No,Telephone,Businessman,73352.0,2
C103586,50,Male,2,College,Unknown,GA,77742,No,Yes,No,Telephone,Student,102280.0,4
C103587,41,Male,0,College,Divorced,NC,40209,No,No,No,Telephone,Salaried,98215.0,1
C103588,25,Female,2,Graduate,Unknown,CA,48918,Yes,No,Yes,Cellular,Self-employed,178639.0,3
C103589,46,Female,2,Uneducated,Unknown,NC,65886,No,No,Yes,Cellular,Government,81889.0,1
C103590,63,Male,3,High School,Divorced,NC,38344,Yes,Yes,Yes,Email,Retired,24126.0,4
C103591,68,Female,4,Post-Graduate,Unknown,PA,25555,No,No,Yes,Telephone,Student,94073.0,4
C103592,50,Female,4,Graduate,Divorced,MI,51959,Yes,No,No,Email,Unemployed,123412.0,2
C103593,42,Male,1,Post-Graduate,Unknown,IL,48495,Yes,No,No,Telephone,Businessman,140677.0,5
C103594,65,nan,1,High School,Single,OH,97296,No,Yes,Yes,Email,Student,128223.0,5
C103595,22,Female,4,High School,Married,GA,83214,Yes,No,No,Cellular,Government,164320.0,3
C103596,64,Male,0,College,Single,NC,84620,Yes,Yes,No,Cellular,Businessman,53755.0,2
C103597,32,Male,4,High School,Unknown,NC,43725,No,Yes,No,Telephone,Student,177008.0,1
C103598,62,Female,5,Post-Graduate,Unknown,MI,23118,No,Yes,Yes,Cellular,Government,112375.0,2
C103599,47,Female,3,Uneducated,Unknown,TX,68326,Yes,No,Yes,Telephone,Student,85579.0,2
C103600,46,Female,4,Uneducated,Single,GA,83543,No,No,Yes,Email,Unemployed,32500.0,1
C103601,65,Female,0,College,Unknown,CA,78515,Yes,No,No,Telephone,Self-employed,40090.0,2
C103602,64,Male,0,Post-Graduate,Divorced,OH,17339,No,No,No,Email,Student,131770.0,4
C103603,45,Male,1,Post-Graduate,Married,IL,23829,No,Yes,No,Email,Retired,19693.0,3
C103604,39,Female,1,High School,Unknown,NY,88976,No,No,Yes,Telephone,Government,173250.0,5
C103605,69,Female,0,Post-Graduate,Unknown,NY,62270,Yes,No,Yes,Cellular,Salaried,25082.0,1
C103606,47,Female,2,Graduate,Married,GA,96819,Yes,Yes,Yes,Email,Government,33071.0,5
C103607,68,Female,5,High School,Married,IL,36980,Yes,No,Yes,Cellular,Student,160426.0,4
C103608,37,Male,1,Graduate,Married,TX,77196,Yes,Yes,No,Email,Self-employed,156492.0,5
C103609,26,Male,5,College,Single,CA,51687,Yes,Yes,No,Email,Salaried,47447.0,4
C103610,43,Female,3,Uneducated,Single,OH,91828,No,No,Yes,Email,Unemployed,141434.0,5
C103611,38,nan,2,College,Unknown,TX,15892,Yes,Yes,Yes,Email,Unemployed,176108.0,3
C103612,63,Male,3,Uneducated,Married,OH,60621,No,Yes,No,Telephone,Retired,134751.0,4
C103613,64,Male,3,College,Unknown,NY,48146,No,Yes,No,Email,Government,109459.0,1
C103614,69,Male,5,Post-Graduate,Unknown,FL,55157,No,No,Yes,Cellular,Salaried,125499.0,1
C103615,22,Male,0,Graduate,Unknown,NY,71603,Yes,No,Yes,Cellular,Self-employed,31892.0,2
C103616,65,Female,2,Uneducated,Single,FL,82238,No,No,Yes,Telephone,Retired,75157.0,2
C103617,39,Male,1,High School,Married,IL,43796,Yes,Yes,No,Email,Businessman,67693.0,3
C103618,24,Male,0,Graduate,Unknown,GA,15564,Yes,No,No,Telephone,Salaried,19051.0,5
C103619,53,Male,4,High School,Single,NY,81216,Yes,No,No,Cellular,Government,41308.0,5
C103620,54,nan,1,Graduate,Divorced,MI,15496,Yes,Yes,No,Email,Self-employed,77118.0,4
C103621,52,Female,4,Graduate,Divorced,TX,77076,No,No,No,Cellular,Unemployed,160911.0,3
C103622,38,Male,0,College,Unknown,MI,64982,Yes,No,Yes,Telephone,Government,55372.0,4
C103623,64,Male,3,Uneducated,Unknown,IL,13635,No,Yes,Yes,Telephone,Self-employed,119187.0,1
C103624,29,Female,3,Uneducated,Married,NC,64532,No,No,Yes,Cellular,Government,140633.0,1
C103625,57,Female,2,Graduate,Married,MI,69734,Yes,Yes,Yes,Email,Unemployed,60199.0,5
C103626,68,Male,1,Post-Graduate,Unknown,IL,94665,No,No,Yes,Email,Self-employed,106579.0,2
C103627,56,Female,4,Post-Graduate,Single,NC,53655,No,No,No,Cellular,Unemployed,62303.0,2
C103628,23,Male,4,High School,Unknown,FL,58048,No,No,Yes,Cellular,Student,60520.0,1
C103629,38,Female,2,High School,Married,MI,23133,Yes,Yes,Yes,Email,Unemployed,99806.0,4
C103630,60,Male,5,College,Married,IL,77563,No,No,Yes,Cellular,Government,75736.0,5
C103631,45,Male,5,Graduate,Single,NC,81147,Yes,No,No,Telephone,Self-employed,23898.0,4
C103632,22,Female,1,High School,Unknown,FL,29944,Yes,Yes,Yes,Email,Businessman,72324.0,2
C103633,64,Male,3,High School,Married,IL,35421,Yes,No,No,Email,Unemployed,153718.0,3
C103634,21,Female,5,Graduate,Unknown,IL,13268,Yes,Yes,Yes,Telephone,Self-employed,38438.0,2
C103635,44,Female,0,College,Married,FL,93072,No,No,Yes,Cellular,Businessman,146514.0,4
C103636,44,Female,2,High School,Divorced,FL,26824,No,No,No,Email,Retired,33243.0,2
C103637,62,Male,0,College,Divorced,IL,35881,No,No,Yes,Email,Salaried,49766.0,2
C103638,60,Male,0,Uneducated,Divorced,PA,47875,Yes,No,Yes,Email,Self-employed,147957.0,2
C103639,24,Male,2,College,Married,OH,58486,No,No,No,Cellular,Salaried,103881.0,2
C103640,55,Female,4,Post-Graduate,Single,PA,69555,Yes,No,Yes,Email,Salaried,154232.0,5
C103641,55,Male,1,Post-Graduate,Divorced,CA,64878,No,Yes,No,Cellular,Student,48064.0,1
C103642,32,Male,4,College,Married,NY,81703,Yes,No,No,Telephone,Retired,32909.0,2
C103643,69,Male,3,Post-Graduate,Unknown,OH,47259,Yes,Yes,No,Cellular,Self-employed,23596.0,2
C103644,43,Male,1,Uneducated,Divorced,TX,82783,Yes,No,No,Cellular,Student,43938.0,5
C103645,69,Female,2,Graduate,Single,MI,34303,Yes,Yes,No,Telephone,Retired,40909.0,5
C103646,42,Male,2,Post-Graduate,Single,NY,24255,No,Yes,Yes,Cellular,Unemployed,151078.0,3
C103647,46,Female,2,Post-Graduate,Single,PA,74780,Yes,Yes,Yes,Telephone,Student,114592.0,5
C103648,24,Female,0,College,Unknown,FL,49155,No,No,Yes,Email,Unemployed,46680.0,3
C103649,27,Female,2,Uneducated,Unknown,IL,19506,No,No,No,Telephone,Salaried,151118.0,3
C103650,43,Female,3,Graduate,Single,PA,64432,No,Yes,Yes,Telephone,Unemployed,132108.0,2
C103651,51,Male,3,College,Single,TX,52884,Yes,Yes,No,Email,Government,135172.0,4
C103652,27,Male,2,College,Single,CA,33960,Yes,Yes,Yes,Email,Salaried,107959.0,2
C103653,42,Male,1,Uneducated,Unknown,TX,11356,Yes,Yes,No,Cellular,Retired,36151.0,1
C103654,59,Female,3,Graduate,Unknown,TX,62118,No,Yes,No,Cellular,Retired,72725.0,3
C103655,60,Male,1,Uneducated,Married,PA,92851,Yes,Yes,Yes,Cellular,Salaried,167774.0,4
C103656,39,Female,1,Graduate,Divorced,FL,97509,Yes,No,Yes,Email,Retired,145598.0,5
C103657,50,Male,1,Uneducated,Unknown,OH,38785,No,No,Yes,Email,Businessman,89941.0,5
C103658,46,Male,2,College,Single,NY,70305,Yes,Yes,No,Email,Government,96196.0,5
C103659,61,Male,5,College,Divorced,FL,55034,No,No,Yes,Cellular,Salaried,108606.0,4
C103660,42,Female,0,High School,Unknown,GA,25663,No,Yes,No,Email,Government,113121.0,5
C103661,29,Male,2,Post-Graduate,Divorced,PA,22713,No,Yes,Yes,Email,Businessman,33733.0,5
C103662,66,Female,3,Uneducated,Married,MI,44833,Yes,No,No,Telephone,Unemployed,118977.0,3
C103663,49,Female,3,High School,Unknown,TX,74004,Yes,Yes,No,Telephone,Government,101165.0,5
C103664,52,Female,3,Post-Graduate,Single,MI,38152,No,No,Yes,Email,Self-employed,157986.0,4
C103665,38,Male,3,Uneducated,Single,NY,33593,No,Yes,Yes,Cellular,Businessman,176043.0,5
C103666,51,Male,5,Graduate,Married,TX,31126,Yes,Yes,Yes,Telephone,Government,171626.0,2
C103667,52,Female,0,Post-Graduate,Married,CA,11964,Yes,No,No,Email,Student,93257.0,3
C103668,29,Female,5,College,Married,CA,56232,No,No,No,Telephone,Government,18586.0,1
C103669,50,Female,1,High School,Married,NY,23366,No,No,Yes,Telephone,Unemployed,157133.0,2
C103670,57,Female,2,Post-Graduate,Married,TX,25048,No,Yes,Yes,Cellular,Businessman,70238.0,1
C103671,52,Female,3,Post-Graduate,Unknown,NC,19065,Yes,No,Yes,Email,Student,100309.0,4
C103672,28,Male,1,College,Unknown,GA,16491,No,Yes,No,Email,Retired,38510.0,1
C103673,44,Male,2,Uneducated,Divorced,NC,95791,Yes,Yes,No,Cellular,Government,92607.0,1
C103674,24,Male,0,Graduate,Married,OH,30178,No,No,Yes,Cellular,Unemployed,129383.0,5
C103675,66,Female,4,College,Single,OH,51781,Yes,Yes,Yes,Cellular,Government,161117.0,3
C103676,37,Female,0,Graduate,Single,IL,59788,No,No,No,Email,Businessman,92820.0,1
C103677,41,Male,4,Uneducated,Married,OH,95206,Yes,No,No,Telephone,Student,118974.0,4
C103678,68,Male,3,Post-Graduate,Married,FL,22692,Yes,Yes,Yes,Email,Student,111849.0,4
C103679,29,Female,1,Graduate,Married,IL,38420,Yes,Yes,Yes,Email,Government,39499.0,4
C103680,25,Male,5,High School,Married,CA,37878,Yes,No,Yes,Cellular,Retired,171385.0,5
C103681,25,Female,1,High School,Married,FL,91580,Yes,No,No,Cellular,Unemployed,119989.0,2
C103682,50,Male,2,College,Single,TX,82510,Yes,Yes,Yes,Cellular,Self-employed,148671.0,5
C103683,26,Female,4,Uneducated,Divorced,NY,29569,No,No,No,Email,Businessman,29823.0,5
C103684,58,Female,4,College,Married,NY,48036,No,Yes,Yes,Cellular,Businessman,141129.0,1
C103685,28,Female,2,College,Married,GA,87748,No,Yes,Yes,Cellular,Salaried,71042.0,3
C103686,68,nan,1,College,Married,CA,31638,Yes,No,Yes,Telephone,Student,87058.0,4
C103687,66,Female,5,High School,Unknown,GA,18189,Yes,Yes,Yes,Telephone,Student,171203.0,3
C103688,53,Male,1,High School,Single,NC,40302,No,No,Yes,Cellular,Salaried,21473.0,2
C103689,68,Female,2,College,Single,PA,11956,Yes,No,Yes,Telephone,Government,90789.0,3
C103690,35,Female,5,High School,Divorced,CA,73619,Yes,Yes,No,Email,Government,21570.0,3
C103691,57,Male,5,Uneducated,Unknown,MI,43115,No,Yes,No,Telephone,Businessman,173675.0,2
C103692,29,Female,4,nan,Unknown,OH,50059,No,Yes,Yes,Cellular,Government,127597.0,2
C103693,23,Male,5,High School,Unknown,IL,82144,No,No,No,Email,Self-employed,172625.0,4
C103694,51,Female,3,Graduate,Divorced,NC,73528,No,No,No,Email,Self-employed,137240.0,4
C103695,59,Male,2,College,Divorced,OH,55478,No,No,No,Telephone,Self-employed,158736.0,2
C103696,27,Female,1,College,Divorced,IL,81725,No,No,No,Cellular,Salaried,168307.0,2
C103697,36,Male,3,Uneducated,Unknown,NY,14286,No,No,Yes,Cellular,Retired,29768.0,5
C103698,48,Male,3,Post-Graduate,Single,FL,34528,Yes,No,Yes,Telephone,Unemployed,91789.0,4
C103699,55,Female,4,Post-Graduate,Unknown,NY,90489,Yes,Yes,Yes,Telephone,Self-employed,129541.0,4
C103700,35,Male,5,Uneducated,Divorced,NC,78472,Yes,Yes,Yes,Telephone,Salaried,155243.0,5
C103701,27,Female,2,Uneducated,Unknown,NY,86383,Yes,Yes,Yes,Cellular,Businessman,57199.0,5
C103702,55,Male,3,Uneducated,Married,NY,73042,No,No,No,Telephone,Businessman,109321.0,4
C103703,68,Female,0,Post-Graduate,Unknown,NY,54806,Yes,Yes,No,Telephone,Retired,43157.0,5
C103704,51,Female,3,Uneducated,Unknown,CA,46222,Yes,No,Yes,Telephone,Self-employed,144076.0,4
C103705,58,Female,3,High School,Single,NC,25854,Yes,Yes,Yes,Cellular,Salaried,123622.0,1
C103706,28,Female,3,College,Single,GA,68705,Yes,Yes,Yes,Email,Self-employed,28053.0,4
C103707,68,Male,2,College,Single,NY,44799,No,Yes,Yes,Cellular,Retired,85451.0,5
C103708,58,Female,4,Graduate,Married,NY,49412,Yes,Yes,No,Cellular,Retired,143375.0,2
C103709,36,Female,4,Graduate,Single,IL,82165,No,No,No,Email,Government,75813.0,3
C103710,54,Female,0,College,Married,FL,88362,No,No,No,Cellular,Salaried,91374.0,3
C103711,21,Female,5,High School,Divorced,NY,58172,Yes,Yes,No,Email,Salaried,68194.0,3
C103712,39,Female,0,Post-Graduate,Single,GA,15093,No,Yes,Yes,Email,Salaried,98617.0,3
C103713,34,Male,3,Post-Graduate,Unknown,GA,17393,Yes,No,Yes,Email,Salaried,56919.0,2
C103714,39,Female,3,High School,Unknown,FL,59931,No,No,Yes,Email,Government,32590.0,3
C103715,43,Male,3,Post-Graduate,Married,FL,51374,No,Yes,No,Cellular,Unemployed,53135.0,1
C103716,24,Male,0,Uneducated,Single,NC,14443,No,Yes,Yes,Email,Self-employed,163021.0,5
C103717,54,Female,4,College,Unknown,FL,57211,Yes,Yes,Yes,Telephone,Businessman,50635.0,4
C103718,22,Female,0,College,Divorced,MI,87730,Yes,Yes,Yes,Email,Retired,171460.0,2
C103719,32,Male,5,High School,Single,NC,60375,Yes,Yes,No,Email,Student,158466.0,3
C103720,43,Male,4,Post-Graduate,Divorced,TX,74871,Yes,Yes,Yes,Cellular,Student,53324.0,3
C103721,63,Male,0,Graduate,Unknown,NY,79351,No,No,No,Telephone,Salaried,63786.0,3
C103722,38,Female,4,Graduate,Single,GA,37906,Yes,No,No,Email,Salaried,35666.0,5
C103723,52,Male,0,Post-Graduate,Married,TX,64336,No,No,No,Telephone,Businessman,23892.0,2
C103724,37,Male,4,Graduate,Unknown,NY,55662,No,No,Yes,Email,Student,140853.0,1
C103725,51,Female,2,High School,Divorced,GA,34304,No,Yes,Yes,Cellular,Salaried,50699.0,4
C103726,56,Male,2,High School,Single,GA,96174,No,No,Yes,Telephone,Retired,68670.0,1
C103727,46,Female,1,Post-Graduate,Divorced,IL,12149,No,No,No,Telephone,Retired,25240.0,1
C103728,32,Male,5,Graduate,Divorced,NC,13747,No,No,No,Cellular,Unemployed,21141.0,3
C103729,55,Female,4,High School,Married,PA,24970,No,Yes,Yes,Cellular,Government,122363.0,2
C103730,36,Male,4,High School,Married,IL,95222,No,Yes,No,Cellular,Student,27113.0,3
C103731,24,Female,5,Uneducated,Unknown,TX,67573,No,Yes,No,Cellular,Government,70399.0,4
C103732,48,Female,5,Uneducated,Married,OH,31074,No,No,Yes,Telephone,Businessman,46755.0,2
C103733,58,Male,4,High School,Married,NC,50766,No,No,Yes,Cellular,Businessman,18281.0,1
C103734,53,Female,1,Post-Graduate,Unknown,FL,17789,Yes,Yes,No,Telephone,Unemployed,176069.0,3
C103735,57,Male,0,College,Unknown,OH,61766,No,Yes,Yes,Email,Student,69183.0,1
C103736,30,Female,5,College,Unknown,TX,89330,Yes,No,Yes,Email,Retired,127336.0,4
C103737,51,Female,2,High School,Unknown,NY,62337,Yes,Yes,No,Cellular,Self-employed,71006.0,5
C103738,34,Female,1,High School,Divorced,CA,96566,No,Yes,No,Cellular,Student,173402.0,4
C103739,25,Female,2,High School,Divorced,PA,66606,No,No,No,Telephone,Government,76902.0,2
C103740,30,Female,3,Post-Graduate,Unknown,IL,30500,No,No,Yes,Telephone,Self-employed,75948.0,5
C103741,45,Female,1,Uneducated,Unknown,NY,12512,No,No,Yes,Email,Unemployed,112653.0,1
C103742,61,Female,1,High School,Single,TX,83284,Yes,Yes,No,Telephone,Government,102559.0,5
C103743,65,Male,2,High School,Single,NC,75392,Yes,No,No,Cellular,Government,161267.0,3
C103744,37,Male,4,Graduate,Single,TX,71646,No,No,Yes,Email,Government,125776.0,1
C103745,40,Female,3,Post-Graduate,Married,OH,97561,Yes,Yes,No,Email,Salaried,178149.0,5
C103746,53,Female,2,High School,Divorced,CA,50684,No,Yes,Yes,Cellular,Self-employed,38324.0,4
C103747,29,Female,1,Graduate,Divorced,OH,85742,No,Yes,No,Telephone,Salaried,62605.0,5
C103748,51,Male,4,College,Single,NC,85065,No,No,Yes,Cellular,Salaried,65346.0,2
C103749,25,Female,3,High School,Single,GA,26273,Yes,No,Yes,Telephone,Government,110715.0,1
C103750,66,Male,4,High School,Divorced,OH,23581,Yes,Yes,Yes,Email,Businessman,58536.0,5
C103751,49,Female,2,Graduate,Married,MI,53579,Yes,No,Yes,Cellular,Retired,146549.0,1
C103752,67,Female,4,Post-Graduate,Single,GA,50698,No,No,No,Email,Student,28261.0,4
C103753,24,Female,1,High School,Unknown,FL,35980,Yes,No,No,Email,Businessman,116561.0,2
C103754,51,Female,1,College,Single,NY,82224,No,No,Yes,Cellular,Government,145104.0,1
C103755,24,Female,0,High School,Divorced,NC,47816,No,Yes,Yes,Email,nan,59993.0,2
C103756,38,nan,3,College,Divorced,TX,51411,Yes,No,Yes,Telephone,Retired,103591.0,4
C103757,38,Female,2,Uneducated,Single,FL,27803,No,No,No,Cellular,Student,108289.0,1
C103758,60,Male,4,Uneducated,Single,OH,29318,No,No,No,Telephone,Retired,50663.0,4
C103759,54,Male,5,College,Unknown,NY,53450,No,Yes,No,Telephone,Government,67899.0,4
C103760,68,Female,1,Post-Graduate,Unknown,GA,86930,No,No,No,Telephone,Salaried,119037.0,2
C103761,34,Female,0,High School,Married,MI,11259,Yes,No,Yes,Cellular,Student,104731.0,4
C103762,46,Female,2,High School,Married,GA,21716,No,No,No,Telephone,Retired,100107.0,4
C103763,43,Male,1,Uneducated,Unknown,IL,13121,No,Yes,Yes,Cellular,Student,58470.0,5
C103764,53,Male,2,College,Married,NC,82049,No,No,No,Telephone,Student,74086.0,1
C103765,37,Male,1,High School,Married,GA,51365,Yes,Yes,No,Cellular,Student,156824.0,4
C103766,62,Female,2,High School,Single,CA,25469,No,No,yes,Telephone,Self-employed,51597.0,3
C103767,52,Male,1,Post-Graduate,Unknown,NC,66013,No,Yes,No,Email,Salaried,88787.0,3
C103768,68,Male,5,Graduate,Single,IL,68867,Yes,Yes,No,Telephone,Self-employed,167212.0,5
C103769,55,Male,5,Uneducated,Single,NC,62099,No,No,Yes,Email,Self-employed,133866.0,4
C103770,63,Female,5,Uneducated,Married,NC,89402,Yes,No,Yes,Email,Retired,69164.0,5
C103771,50,Male,5,Graduate,Single,MI,15808,No,Yes,Yes,Telephone,Government,171921.0,3
C103772,35,Male,4,High School,Divorced,MI,43908,Yes,Yes,No,Telephone,Salaried,164941.0,1
C103773,27,Female,3,Post-Graduate,Married,TX,63599,No,No,No,Email,Businessman,70536.0,4
C103774,26,Female,1,Post-Graduate,Divorced,GA,77198,Yes,No,Yes,Cellular,Unemployed,132730.0,5
C103775,29,Female,2,Uneducated,Married,OH,44391,Yes,No,No,Telephone,Salaried,33785.0,1
C103776,33,Male,1,Post-Graduate,Single,OH,34133,No,No,No,Email,Businessman,65086.0,5
C103777,60,Male,0,Graduate,Married,MI,65809,No,No,Yes,Cellular,Retired,82225.0,1
C103778,38,Male,5,High School,Divorced,NY,96864,Yes,No,No,Telephone,Retired,156090.0,1
C103779,55,Female,4,Graduate,Married,NY,47067,No,No,No,Cellular,Student,32626.0,5
C103780,21,Male,5,College,Divorced,NY,99701,No,Yes,Yes,Email,Retired,75631.0,3
C103781,44,Female,5,Uneducated,Unknown,NY,71264,Yes,Yes,No,Telephone,Businessman,136995.0,5
C103782,56,Female,0,Post-Graduate,Single,FL,27083,Yes,No,No,Cellular,Unemployed,177108.0,2
C103783,36,Male,2,College,Divorced,OH,69724,No,No,Yes,Telephone,Businessman,133033.0,4
C103784,38,Male,1,Post-Graduate,Unknown,NY,57852,No,No,Yes,Cellular,Retired,48331.0,3
C103785,23,Male,1,High School,Single,IL,97345,No,Yes,No,Cellular,Unemployed,88251.0,3
C103786,66,Female,0,High School,Unknown,OH,40505,No,Yes,Yes,Telephone,Unemployed,80099.0,5
C103787,62,Female,3,High School,Divorced,NC,54774,Yes,No,No,Telephone,Businessman,77434.0,4
C103788,57,Male,4,Post-Graduate,Single,GA,72652,Yes,No,No,Telephone,Student,174844.0,2
C103789,28,Female,1,College,Unknown,NC,60376,Yes,Yes,No,Email,Student,94142.0,5
C103790,38,Male,1,High School,Divorced,OH,23512,Yes,Yes,No,Telephone,Self-employed,175505.0,4
C103791,49,Male,2,College,Unknown,TX,40585,No,Yes,Yes,Cellular,Businessman,21261.0,5
C103792,57,Male,0,Post-Graduate,Single,CA,33317,Yes,No,Yes,Telephone,Salaried,20742.0,4
C103793,47,Female,2,College,Single,MI,59192,Yes,No,Yes,Email,Government,97450.0,3
C103794,64,Female,4,Post-Graduate,Single,OH,25304,No,Yes,Yes,Email,Self-employed,87029.0,5
C103795,49,Male,1,Post-Graduate,Divorced,PA,33389,No,No,No,Telephone,Businessman,114211.0,2
C103796,24,Male,0,Uneducated,Unknown,NY,85342,Yes,No,Yes,Cellular,Self-employed,56877.0,4
C103797,32,Female,5,Post-Graduate,Unknown,CA,85210,No,No,No,Email,Retired,127344.0,2
C103798,33,Male,0,Post-Graduate,Divorced,MI,62392,Yes,Yes,No,Cellular,Retired,155994.0,2
C103799,34,Female,0,Graduate,Single,FL,83627,No,Yes,No,Email,Retired,103927.0,5
C103800,34,Male,4,High School,Married,FL,20088,No,Yes,No,Email,Businessman,36263.0,4
C103801,30,Female,3,Uneducated,Single,PA,23562,Yes,No,No,Cellular,Businessman,71416.0,1
C103802,42,Male,3,Uneducated,Married,IL,43251,No,No,Yes,Cellular,Self-employed,103210.0,2
C103803,29,Female,3,Uneducated,Single,NC,22708,Yes,Yes,No,Email,Businessman,124217.0,4
C103804,44,Male,2,Graduate,Divorced,GA,15621,Yes,No,Yes,Cellular,Unemployed,123411.0,3
C103805,37,Female,2,Post-Graduate,Married,NC,73317,Yes,Yes,No,Telephone,Businessman,33819.0,2
C103806,44,Female,4,High School,Divorced,MI,10293,No,No,No,Telephone,Government,173661.0,2
C103807,25,Female,0,College,Married,OH,68802,Yes,No,No,Email,Salaried,52041.0,2
C103808,54,Female,3,Post-Graduate,Unknown,NC,46761,Yes,No,No,Telephone,Student,100339.0,3
C103809,62,Male,1,Graduate,Married,TX,86764,Yes,No,No,Email,Government,56164.0,3
C103810,21,Female,3,Post-Graduate,Married,NC,36999,Yes,No,Yes,Cellular,Student,42520.0,5
C103811,47,Female,4,Post-Graduate,Married,NY,51464,Yes,Yes,No,Cellular,Student,54192.0,1
C103812,60,Male,3,Graduate,Unknown,NC,20706,Yes,Yes,Yes,Telephone,Salaried,21179.0,5
C103813,28,Female,1,Uneducated,Divorced,PA,83530,No,No,Yes,Cellular,nan,81679.0,1
C103814,26,Male,1,Uneducated,Unknown,FL,15635,Yes,Yes,Yes,Telephone,Government,119302.0,2
C103815,25,Female,1,High School,Married,NY,22997,No,No,Yes,Email,Businessman,25248.0,4
C103816,38,Female,4,High School,Single,MI,69276,No,No,Yes,Telephone,Salaried,31146.0,2
C103817,27,Female,3,Uneducated,Unknown,TX,89822,Yes,No,No,Telephone,Businessman,179216.0,3
C103818,56,Female,4,College,Single,IL,38973,No,Yes,No,Cellular,Businessman,79874.0,1
C103819,53,Female,5,Post-Graduate,Unknown,NC,13753,No,No,No,Cellular,Retired,75540.0,2
C103820,54,Female,1,College,Unknown,OH,78960,Yes,No,No,Cellular,Businessman,179816.0,1
C103821,52,Male,3,Post-Graduate,Married,TX,80110,No,Yes,Yes,Telephone,Businessman,148058.0,5
C103822,23,Male,2,Uneducated,Divorced,FL,56598,Yes,No,No,Cellular,Government,149677.0,3
C103823,21,Female,4,High School,Divorced,NY,63727,No,Yes,No,Email,Student,19327.0,3
C103824,41,Female,2,High School,Married,GA,26258,Yes,Yes,No,Telephone,Student,52778.0,4
C103825,33,Male,5,College,Unknown,PA,94016,No,Yes,Yes,Telephone,Government,170912.0,2
C103826,28,Male,2,High School,Divorced,TX,50672,Yes,Yes,Yes,Telephone,Student,135725.0,3
C103827,64,Female,0,Uneducated,Divorced,IL,69193,Yes,Yes,Yes,Email,Retired,99282.0,4
C103828,50,Female,1,College,Divorced,IL,52053,No,Yes,Yes,Email,Salaried,30192.0,3
C103829,28,Female,5,Post-Graduate,Married,CA,86329,Yes,Yes,Yes,Cellular,Businessman,22936.0,5
C103830,47,Female,2,High School,Single,IL,66848,Yes,No,No,Cellular,Businessman,44112.0,2
C103831,59,Female,4,Graduate,Single,PA,31684,No,No,Yes,Telephone,Unemployed,156465.0,2
C103832,43,Female,1,High School,Single,MI,61980,Yes,No,No,Cellular,Retired,117972.0,1
C103833,28,Male,5,Post-Graduate,Single,MI,86047,Yes,No,No,Email,Businessman,34898.0,4
C103834,35,Female,1,College,Single,NY,18405,No,No,No,Cellular,Self-employed,75945.0,5
C103835,27,Female,5,Post-Graduate,Divorced,TX,92277,No,No,Yes,Cellular,Salaried,98617.0,1
C103836,32,Male,4,Graduate,Divorced,MI,34085,No,No,No,Telephone,Self-employed,52245.0,5
C103837,56,Male,3,Uneducated,Unknown,IL,31201,No,No,No,Email,Government,54618.0,1
C103838,58,Male,4,High School,Divorced,TX,65028,No,Yes,Yes,Email,Self-employed,52634.0,1
C103839,63,Male,3,College,Married,IL,60332,No,No,No,Email,Student,75194.0,2
C103840,50,Female,1,Uneducated,Unknown,IL,47673,Yes,No,Yes,Cellular,Student,152207.0,5
C103841,30,Male,4,Post-Graduate,Divorced,GA,11921,No,Yes,Yes,Email,Salaried,119075.0,4
C103842,39,Male,2,College,Unknown,MI,52047,No,Yes,Yes,Cellular,Self-employed,126770.0,4
C103843,38,Female,4,Uneducated,Unknown,NC,69883,No,Yes,No,Telephone,Self-employed,28495.0,1
C103844,64,Male,2,College,Single,GA,17207,Yes,No,No,Email,Businessman,30524.0,1
C103845,69,Male,2,Graduate,Unknown,TX,94447,Yes,Yes,No,Telephone,Salaried,88121.0,5
C103846,40,Female,1,Graduate,Divorced,CA,28455,Yes,Yes,Yes,Cellular,Businessman,86248.0,2
C103847,22,Female,3,High School,Single,TX,76444,No,Yes,No,Email,Salaried,23405.0,2
C103848,50,Female,3,High School,Divorced,CA,29718,Yes,Yes,No,Cellular,Unemployed,77047.0,5
C103849,64,Female,2,Graduate,Single,NC,57832,Yes,No,Yes,Email,Salaried,43112.0,5
C103850,63,Female,3,College,Divorced,TX,23410,Yes,Yes,No,Cellular,Self-employed,108476.0,2
C103851,67,Female,4,Graduate,Single,GA,56899,Yes,No,No,Cellular,Retired,66067.0,1
C103852,63,Female,2,High School,Single,PA,12318,No,Yes,Yes,Cellular,Businessman,54859.0,2
C103853,31,Male,2,Graduate,Married,TX,48628,No,Yes,Yes,Telephone,Government,171149.0,3
C103854,42,Male,0,Graduate,Divorced,NC,38398,No,Yes,No,Email,Businessman,74015.0,3
C103855,62,Female,4,College,Unknown,GA,91559,No,No,No,Cellular,nan,100274.0,5
C103856,39,Male,3,Uneducated,Single,TX,13346,No,Yes,Yes,Email,Student,124664.0,3
C103857,23,Female,3,High School,Divorced,OH,59373,No,No,Yes,Cellular,Salaried,79733.0,4
C103858,24,Male,0,College,Single,IL,37929,Yes,Yes,Yes,Email,Unemployed,88559.0,3
C103859,55,Female,4,Graduate,Married,NY,24881,No,No,No,Cellular,Businessman,55891.0,2
C103860,67,Male,1,Graduate,Married,GA,12611,No,No,Yes,Cellular,Salaried,127138.0,3
C103861,58,Female,1,Uneducated,Married,CA,73448,No,Yes,No,Telephone,Retired,100991.0,1
C103862,29,Male,4,High School,Married,FL,80450,No,Yes,Yes,Email,Businessman,25036.0,5
C103863,28,Female,3,High School,Unknown,FL,13733,No,Yes,No,Telephone,Student,126807.0,1
C103864,54,Male,5,Post-Graduate,Unknown,MI,41719,Yes,No,Yes,Cellular,Businessman,63767.0,3
C103865,67,Male,1,High School,Single,IL,76111,Yes,Yes,Yes,Telephone,Student,24320.0,1
C103866,51,Female,5,Uneducated,Divorced,FL,40842,Yes,No,No,Telephone,Salaried,97557.0,4
C103867,60,Male,5,Post-Graduate,Married,CA,99456,Yes,No,Yes,Telephone,Unemployed,94386.0,1
C103868,39,Male,1,Post-Graduate,Married,OH,78123,Yes,No,Yes,Telephone,Self-employed,178052.0,4
C103869,57,Male,3,Graduate,Unknown,MI,41953,No,No,No,Email,Retired,94670.0,2
C103870,52,Male,4,Graduate,Unknown,NY,27683,Yes,No,No,Telephone,Unemployed,120845.0,1
C103871,64,Male,0,High School,Married,MI,21489,Yes,No,Yes,Cellular,Government,21468.0,3
C103872,64,Female,4,Post-Graduate,Divorced,TX,18250,No,No,Yes,Cellular,Salaried,161192.0,2
C103873,48,Female,0,Graduate,Single,IL,64011,Yes,Yes,No,Telephone,Retired,71660.0,5
C103874,61,Male,5,Uneducated,Single,GA,94208,Yes,Yes,No,Telephone,Retired,154482.0,5
C103875,38,Female,5,Graduate,Single,MI,27908,No,No,No,Telephone,Self-employed,92841.0,3
C103876,45,Male,4,Graduate,nan,GA,64535,No,Yes,No,Cellular,Salaried,31907.0,4
C103877,30,Female,1,Post-Graduate,Divorced,NY,82671,No,Yes,Yes,Telephone,Salaried,158518.0,1
C103878,25,Male,5,Post-Graduate,Divorced,NC,28831,Yes,No,Yes,Email,Businessman,139582.0,5
C103879,35,Male,2,College,Divorced,PA,46845,Yes,Yes,Yes,Telephone,Student,128891.0,1
C103880,45,Male,2,Uneducated,Unknown,NC,24818,Yes,No,No,Email,Unemployed,160469.0,2
C103881,40,Male,3,Post-Graduate,Married,FL,78015,No,No,No,Telephone,Student,75022.0,1
C103882,30,Female,4,High School,Divorced,TX,77630,Yes,Yes,Yes,Cellular,Businessman,150983.0,5
C103883,69,Female,4,Uneducated,Single,IL,18025,Yes,No,No,Cellular,Businessman,134337.0,4
C103884,58,Female,3,Uneducated,Divorced,IL,52992,Yes,No,No,Telephone,Salaried,29560.0,5
C103885,61,Male,3,Post-Graduate,Married,FL,19931,Yes,Yes,Yes,Email,Student,154682.0,3
C103886,48,Female,0,Uneducated,Unknown,OH,50492,No,Yes,Yes,Cellular,Unemployed,99362.0,5
C103887,69,Female,0,Post-Graduate,Single,GA,60247,No,No,No,Cellular,Salaried,121401.0,1
C103888,66,Male,2,Graduate,Unknown,IL,96584,No,Yes,Yes,Cellular,Unemployed,24634.0,1
C103889,26,Male,1,College,Divorced,NC,36756,No,No,Yes,Telephone,Unemployed,75381.0,4
C103890,31,Male,4,Graduate,Single,OH,84586,Yes,Yes,No,Telephone,Self-employed,98040.0,5
C103891,39,Female,2,Post-Graduate,Single,OH,31365,No,Yes,No,Telephone,Self-employed,125550.0,2
C103892,36,Female,2,Post-Graduate,Divorced,GA,31551,Yes,Yes,No,Email,Unemployed,128991.0,2
C103893,52,Male,1,Graduate,Divorced,FL,73518,No,No,No,Telephone,Businessman,99905.0,2
C103894,22,Female,2,High School,Married,MI,42374,No,Yes,Yes,Email,Student,174303.0,3
C103895,59,Male,2,High School,Divorced,PA,66366,Yes,No,No,Telephone,Self-employed,72851.0,2
C103896,46,Female,1,High School,Divorced,IL,45664,Yes,No,No,Email,Unemployed,93844.0,3
C103897,41,Male,2,Post-Graduate,Divorced,CA,11569,No,No,Yes,Email,Student,92971.0,2
C103898,58,Female,4,Uneducated,Single,NC,95775,Yes,Yes,Yes,Telephone,Unemployed,172200.0,4
C103899,35,Female,3,Post-Graduate,Married,NY,38108,No,Yes,Yes,Email,Student,18594.0,5
C103900,33,Female,1,Uneducated,Single,PA,53903,Yes,No,No,Cellular,Government,46930.0,3
C103901,27,Male,5,Graduate,Divorced,GA,46952,No,No,No,Cellular,Self-employed,128343.0,1
C103902,23,Male,3,College,Married,TX,72504,No,Yes,Yes,Telephone,Self-employed,172329.0,3
C103903,35,Male,4,Uneducated,Divorced,IL,41264,No,Yes,No,Cellular,Salaried,125216.0,5
C103904,40,Female,5,High School,Single,OH,16633,No,Yes,Yes,Telephone,Unemployed,63376.0,3
C103905,23,Male,2,Post-Graduate,Single,FL,71537,Yes,Yes,No,Email,Salaried,18820.0,3
C103906,47,Female,2,Graduate,Divorced,IL,41344,Yes,No,Yes,Cellular,Unemployed,175452.0,5
C103907,35,Male,5,High School,Married,CA,96766,No,No,Yes,Email,Retired,176904.0,2
C103908,23,Male,5,Graduate,Single,FL,59676,No,Yes,Yes,Telephone,Student,116315.0,5
C103909,48,Female,2,College,Divorced,OH,20511,No,No,Yes,Telephone,Unemployed,144687.0,4
C103910,67,Female,3,Post-Graduate,Unknown,MI,97227,Yes,Yes,Yes,Email,nan,73383.0,2
C103911,21,Male,5,Post-Graduate,Divorced,OH,91668,No,Yes,Yes,Telephone,Salaried,171697.0,3
C103912,40,Male,0,College,Divorced,MI,22315,Yes,Yes,No,Cellular,Salaried,18407.0,5
C103913,31,Female,3,Post-Graduate,Married,MI,86901,Yes,Yes,No,Telephone,Retired,171263.0,4
C103914,45,Female,0,Uneducated,Divorced,FL,17610,No,No,Yes,Cellular,Retired,104083.0,4
C103915,24,Male,3,Graduate,Unknown,PA,84421,Yes,No,No,Telephone,Student,152808.0,1
C103916,39,Female,4,High School,Divorced,IL,26935,No,No,No,Cellular,Retired,128435.0,4
C103917,48,Male,3,College,Unknown,CA,91295,No,Yes,No,Telephone,Self-employed,37222.0,1
C103918,30,Male,3,Uneducated,Single,GA,94243,Yes,No,No,Telephone,Salaried,64438.0,4
C103919,41,Male,1,High School,Divorced,OH,59166,Yes,Yes,Yes,Email,Businessman,144030.0,5
C103920,56,Female,5,High School,Married,IL,29783,No,No,No,Email,Student,75688.0,3
C103921,36,Male,2,College,Divorced,MI,11954,Yes,Yes,No,Cellular,Self-employed,153868.0,2
C103922,53,Male,2,Uneducated,Unknown,MI,60813,Yes,No,No,Email,Government,40647.0,4
C103923,65,Female,5,High School,Unknown,OH,31273,Yes,Yes,Yes,Email,Businessman,102842.0,4
C103924,66,Female,2,High School,Married,MI,76985,No,No,Yes,Cellular,Retired,62041.0,1
C103925,33,Female,0,Uneducated,Unknown,TX,79426,No,No,No,Email,Unemployed,71829.0,3
C103926,49,Male,4,Post-Graduate,Divorced,GA,46975,Yes,No,No,Cellular,Self-employed,94019.0,5
C103927,24,Female,0,High School,Unknown,IL,97722,No,No,No,Cellular,Student,21387.0,5
C103928,62,Female,1,Graduate,Divorced,NY,74962,No,No,No,Cellular,Unemployed,144419.0,3
C103929,47,Male,1,Uneducated,Divorced,NY,58662,Yes,No,No,Cellular,Government,87440.0,5
C103930,28,Male,5,High School,Unknown,FL,40364,Yes,No,Yes,Telephone,Retired,101413.0,2
C103931,61,Male,3,College,Married,OH,27255,Yes,Yes,Yes,Telephone,Retired,30088.0,5
C103932,66,Male,1,Graduate,Single,MI,18409,No,Yes,No,Cellular,Businessman,25790.0,2
C103933,28,Female,1,High School,Married,FL,43281,No,Yes,No,Email,Salaried,41331.0,4
C103934,45,Male,4,Graduate,Single,NC,24743,Yes,No,No,Cellular,Salaried,58190.0,5
C103935,46,Female,1,Graduate,Married,NY,36224,No,No,Yes,Cellular,Businessman,147341.0,5
C103936,21,Male,3,Post-Graduate,Divorced,PA,51571,No,Yes,Yes,Email,Salaried,166299.0,2
C103937,63,Male,2,Graduate,Divorced,FL,39771,No,No,No,Cellular,Student,157207.0,4
C103938,68,Female,0,Post-Graduate,Unknown,PA,85407,Yes,Yes,Yes,Telephone,Businessman,55709.0,4
C103939,53,Female,0,Uneducated,Single,MI,80374,No,No,No,Cellular,Businessman,79057.0,1
C103940,39,Female,0,Post-Graduate,Single,NC,37564,No,Yes,Yes,Telephone,Unemployed,112582.0,4
C103941,40,Male,3,College,Unknown,MI,69978,Yes,No,Yes,Email,Retired,95259.0,3
C103942,38,Male,4,High School,Married,NC,37593,No,No,Yes,Email,Salaried,166030.0,1
C103943,46,Female,3,Uneducated,Unknown,NC,49969,No,No,Yes,Email,Retired,173927.0,4
C103944,59,Female,0,Uneducated,Married,NC,52172,Yes,No,Yes,Telephone,Businessman,133455.0,2
C103945,29,Male,3,College,Unknown,TX,18134,No,No,Yes,Cellular,Government,169041.0,3
C103946,47,Female,3,Post-Graduate,Single,NC,38206,Yes,No,No,Email,Businessman,57811.0,1
C103947,26,Female,3,High School,Single,TX,76331,No,Yes,No,Email,Salaried,43179.0,5
C103948,40,Male,2,Post-Graduate,Married,MI,12076,No,Yes,No,Email,Salaried,135464.0,2
C103949,58,Female,3,Graduate,Single,TX,98494,Yes,Yes,No,Cellular,Salaried,122871.0,3
C103950,21,Male,4,Post-Graduate,Single,IL,92027,Yes,No,No,Cellular,Salaried,117820.0,2
C103951,58,Male,2,Uneducated,Single,PA,40109,Yes,Yes,No,Telephone,Unemployed,77895.0,1
C103952,36,Male,5,High School,Single,NC,31088,No,No,No,Telephone,Student,64539.0,3
C103953,24,Female,5,Post-Graduate,Divorced,CA,43404,No,Yes,No,Cellular,Unemployed,74892.0,1
C103954,23,Female,3,High School,Unknown,GA,59915,Yes,Yes,No,Cellular,Salaried,30715.0,1
C103955,42,Female,1,High School,Unknown,FL,98975,Yes,Yes,Yes,Email,Government,175174.0,4
C103956,29,Female,0,Graduate,Divorced,MI,47403,Yes,No,No,Email,Businessman,138940.0,2
C103957,28,Male,2,Graduate,Single,OH,18906,No,No,No,Telephone,Self-employed,125986.0,4
C103958,27,Male,1,Uneducated,Unknown,PA,75659,No,Yes,Yes,Email,Self-employed,89107.0,4
C103959,32,Female,0,College,Unknown,PA,27739,Yes,No,No,Cellular,Student,163537.0,2
C103960,21,Female,4,High School,Unknown,OH,51032,No,Yes,No,Cellular,Self-employed,73767.0,3
C103961,32,Female,1,College,Married,FL,52901,No,No,Yes,Telephone,Salaried,140924.0,2
C103962,36,Female,4,Uneducated,Divorced,PA,84021,No,Yes,Yes,Cellular,Self-employed,70618.0,5
C103963,34,Male,4,High School,Married,TX,92542,Yes,No,Yes,Telephone,Unemployed,56359.0,3
C103964,50,Female,1,High School,Married,IL,65856,No,Yes,No,Email,Government,88906.0,4
C103965,63,Male,1,College,Divorced,NY,25349,Yes,No,No,Telephone,Retired,75254.0,1
C103966,39,Female,2,Post-Graduate,Unknown,TX,61469,Yes,No,No,Cellular,Salaried,110360.0,1
C103967,39,Female,4,Graduate,Married,NC,91127,Yes,Yes,No,Email,Self-employed,168650.0,4
C103968,33,Female,1,Post-Graduate,Unknown,PA,41247,Yes,No,No,Cellular,Salaried,93270.0,3
C103969,64,Male,4,College,Married,TX,52520,Yes,No,No,Cellular,Student,109799.0,5
C103970,30,Female,3,Graduate,Unknown,NY,10843,Yes,No,No,Email,Government,122704.0,3
C103971,67,Male,3,Post-Graduate,Single,IL,64200,No,No,No,Cellular,Businessman,151491.0,2
C103972,49,Male,3,Graduate,Single,MI,99041,Yes,No,No,Cellular,Retired,93181.0,5
C103973,48,Female,4,High School,Single,IL,57880,No,No,No,Email,Salaried,31193.0,2
C103974,33,nan,4,Post-Graduate,Divorced,CA,60648,No,No,Yes,Cellular,Government,53406.0,3
C103975,65,Male,1,Graduate,Single,TX,73095,No,No,No,Telephone,Student,166455.0,4
C103976,35,Male,1,Graduate,Married,OH,97910,No,No,Yes,Cellular,Student,83407.0,4
C103977,37,Female,2,Graduate,Unknown,NC,21434,Yes,Yes,No,Cellular,Government,172044.0,2
C103978,43,Male,2,Post-Graduate,Unknown,IL,39811,No,No,Yes,Email,Self-employed,171567.0,5
C103979,63,Male,2,Uneducated,Unknown,FL,67991,Yes,No,No,Telephone,Government,40565.0,2
C103980,30,Female,5,Post-Graduate,Unknown,TX,31499,Yes,Yes,No,Cellular,Unemployed,77027.0,5
C103981,56,Female,0,College,Married,MI,50959,No,No,Yes,Email,Self-employed,69655.0,1
C103982,69,Male,3,Post-Graduate,Unknown,NC,77736,Yes,No,Yes,Cellular,Self-employed,61762.0,3
C103983,34,Male,4,Graduate,Married,OH,42027,No,No,Yes,Cellular,Government,173190.0,4
C103984,52,Male,5,High School,Married,OH,86415,Yes,No,Yes,Cellular,Student,123059.0,4
C103985,54,Male,3,Post-Graduate,Unknown,GA,34941,Yes,Yes,Yes,Telephone,Businessman,124991.0,5
C103986,51,Female,4,Post-Graduate,Unknown,MI,65811,Yes,No,Yes,Email,Businessman,116803.0,1
C103987,59,Female,5,Graduate,Unknown,CA,57062,No,No,No,Telephone,Government,131249.0,4
C103988,52,Male,0,High School,Married,FL,91638,No,Yes,No,Cellular,Salaried,96413.0,2
C103989,36,Female,4,High School,Divorced,IL,85670,Yes,Yes,Yes,Telephone,Government,163161.0,2
C103990,46,Male,2,College,Married,IL,87085,Yes,Yes,No,Cellular,Businessman,159590.0,4
C103991,37,Female,5,Post-Graduate,Divorced,CA,61217,No,No,No,Telephone,Retired,113275.0,5
C103992,42,Female,3,High School,Unknown,TX,60922,Yes,Yes,Yes,Email,Government,37702.0,3
C103993,56,Male,3,High School,Married,NY,47383,No,No,No,Telephone,Retired,97720.0,1
C103994,55,Male,3,Uneducated,Unknown,OH,73659,No,Yes,No,Email,Retired,69639.0,3
C103995,43,Male,0,Uneducated,Divorced,IL,85043,No,Yes,Yes,Cellular,Unemployed,143722.0,1
C103996,45,Male,5,High School,Divorced,TX,97720,No,No,Yes,Email,Retired,146175.0,4
C103997,25,Female,3,College,Married,GA,17875,Yes,Yes,No,Cellular,Student,164468.0,5
C103998,26,nan,1,High School,Married,CA,43997,No,No,No,Telephone,Businessman,84558.0,2
C103999,46,Male,2,Graduate,Married,CA,48353,No,Yes,Yes,Telephone,Businessman,39055.0,2
C104000,58,Female,2,Post-Graduate,Married,PA,24887,No,Yes,Yes,Email,Businessman,104510.0,2
C104001,26,Female,4,College,Single,CA,58742,No,No,No,Telephone,Student,48529.0,5
C104002,39,Male,0,Graduate,Single,FL,65841,Yes,No,No,Telephone,Businessman,51324.0,3
C104003,63,Male,4,College,Unknown,PA,95354,No,Yes,Yes,Cellular,Salaried,38537.0,4
C104004,39,Female,4,Graduate,Divorced,CA,57255,Yes,No,Yes,Telephone,Businessman,145850.0,5
C104005,66,Male,2,Post-Graduate,Divorced,NC,81540,No,Yes,No,Cellular,Government,113296.0,4
C104006,67,Male,5,Post-Graduate,Unknown,FL,89905,No,No,Yes,Email,Salaried,45624.0,4
C104007,51,Female,5,Uneducated,Unknown,NC,58217,Yes,Yes,Yes,Telephone,Self-employed,114579.0,3
C104008,57,Female,1,Graduate,Unknown,NC,19699,No,No,No,Email,Businessman,125119.0,2
C104009,43,Male,0,Uneducated,Single,PA,53550,Yes,Yes,Yes,Telephone,Unemployed,23378.0,1
C104010,32,Female,0,Graduate,Unknown,OH,96793,No,Yes,Yes,Email,Self-employed,87209.0,5
C104011,33,Male,0,Uneducated,Divorced,CA,30318,Yes,Yes,Yes,Email,Self-employed,70465.0,5
C104012,42,Male,1,Post-Graduate,Unknown,IL,98126,Yes,Yes,Yes,Cellular,Student,50597.0,5
C104013,23,Female,0,College,Married,TX,36312,Yes,No,Yes,Telephone,Government,124761.0,4
C104014,32,Female,3,Uneducated,Divorced,MI,13399,Yes,No,Yes,Email,Retired,139097.0,3
C104015,57,Male,1,Graduate,Divorced,MI,53754,Yes,No,No,Cellular,Government,127350.0,5
C104016,51,Male,4,Graduate,Divorced,PA,80363,No,Yes,Yes,Email,Self-employed,91072.0,4
C104017,33,Male,3,Post-Graduate,Single,FL,84905,Yes,Yes,Yes,Email,Student,167817.0,3
C104018,43,Female,5,Graduate,Single,NC,15295,Yes,Yes,No,Email,Salaried,156483.0,1
C104019,33,Male,4,High School,Divorced,OH,15427,No,No,No,Telephone,Unemployed,98617.0,3
C104020,26,Female,0,College,Married,FL,42540,Yes,No,No,Telephone,Businessman,83402.0,2
C104021,68,Male,1,Uneducated,Divorced,PA,85124,No,No,Yes,Email,Retired,59865.0,1
C104022,23,Female,5,College,Single,NY,80858,No,No,No,Email,Salaried,70301.0,1
C104023,27,Male,3,Post-Graduate,Married,TX,39604,Yes,Yes,No,Email,Businessman,114549.0,1
C104024,30,Female,1,Uneducated,Divorced,OH,60127,Yes,Yes,No,Telephone,Self-employed,24651.0,4
C104025,51,Male,1,Uneducated,Single,FL,40054,Yes,Yes,Yes,Email,Student,70540.0,1
C104026,24,Male,5,High School,Married,MI,91731,Yes,Yes,No,Email,Unemployed,77841.0,4
C104027,64,Male,1,Post-Graduate,Unknown,OH,64988,Yes,No,Yes,Email,Student,41113.0,2
C104028,26,Male,4,Graduate,Unknown,NC,83633,Yes,Yes,Yes,Email,Retired,164399.0,1
C104029,38,Female,1,High School,Divorced,IL,78250,No,No,No,Telephone,Retired,64400.0,5
C104030,27,Female,0,High School,Unknown,CA,97785,No,No,Yes,Cellular,Government,125883.0,4
C104031,54,Female,3,College,Single,IL,62443,No,Yes,Yes,Cellular,Retired,98125.0,4
C104032,43,Female,2,College,Married,PA,66297,No,No,Yes,Email,Government,158013.0,3
C104033,28,Female,1,College,Divorced,NY,50718,Yes,No,Yes,Cellular,Salaried,31975.0,1
C104034,44,Male,3,High School,Married,GA,98882,Yes,Yes,Yes,Cellular,Retired,118907.0,1
C104035,48,Female,4,Graduate,Married,NY,48987,No,No,No,Telephone,Government,65803.0,3
C104036,65,Female,4,Uneducated,Married,NC,48644,Yes,Yes,Yes,Email,Businessman,84713.0,4
C104037,23,Female,1,College,Single,NY,60833,Yes,No,Yes,Telephone,Student,146397.0,4
C104038,33,Female,5,Graduate,Divorced,TX,51655,No,No,Yes,Cellular,Student,62171.0,3
C104039,59,Male,5,Post-Graduate,Unknown,GA,47038,No,No,Yes,Cellular,Self-employed,61027.0,2
C104040,53,Male,1,College,Married,PA,80591,No,No,No,Email,Self-employed,103473.0,4
C104041,36,Male,5,Uneducated,Married,CA,67776,No,No,No,Email,Retired,138823.0,1
C104042,31,Male,0,Post-Graduate,Married,FL,21326,Yes,Yes,Yes,Telephone,Retired,124786.0,2
C104043,49,Female,2,Post-Graduate,Single,IL,48644,No,No,Yes,Email,Salaried,111548.0,5
C104044,45,Female,5,Uneducated,Unknown,TX,35744,Yes,No,No,Cellular,Unemployed,34597.0,3
C104045,37,Male,1,College,Married,CA,53388,No,No,Yes,Telephone,Self-employed,163982.0,4
C104046,57,Male,1,High School,Single,TX,10235,No,No,Yes,Telephone,Businessman,140341.0,4
C104047,26,Female,0,Uneducated,Single,NC,27200,No,Yes,No,Email,Unemployed,108768.0,3
C104048,66,Female,4,Uneducated,Married,NY,74054,Yes,No,No,Email,Government,136171.0,4
C104049,34,Male,5,Uneducated,Married,CA,57550,Yes,No,Yes,Cellular,Government,150943.0,4
C104050,39,Male,2,Post-Graduate,Single,OH,20191,Yes,No,No,Telephone,Salaried,131238.0,1
C104051,57,Male,4,Graduate,Single,OH,75697,Yes,Yes,Yes,Telephone,Government,77875.0,1
C104052,63,Male,1,High School,Married,IL,28631,No,No,Yes,Telephone,Student,72550.0,4
C104053,32,Female,2,College,nan,NY,78936,No,No,Yes,Telephone,Government,133422.0,4
C104054,39,Female,1,College,Single,CA,92858,No,No,Yes,Cellular,Self-employed,65246.0,4
C104055,41,Female,0,Graduate,Married,IL,50059,No,Yes,No,Cellular,Student,93660.0,4
C104056,49,Male,0,Uneducated,Married,MI,55575,Yes,No,No,Cellular,Self-employed,71133.0,2
C104057,48,Female,4,High School,Divorced,FL,21176,No,No,No,Email,Unemployed,61912.0,1
C104058,37,Female,3,College,Unknown,NC,70909,No,No,Yes,Cellular,Self-employed,67613.0,4
C104059,69,Male,4,College,Married,IL,85918,No,Yes,No,Cellular,Salaried,120516.0,4
C104060,22,Male,2,Uneducated,Married,MI,65863,Yes,No,Yes,Cellular,Unemployed,101526.0,1
C104061,26,Male,0,nan,Married,NY,95420,Yes,No,No,Cellular,Salaried,127923.0,5
C104062,45,Male,4,High School,Unknown,FL,59978,Yes,No,Yes,Email,Student,176742.0,4
C104063,39,Male,0,Graduate,Divorced,NC,46352,No,No,Yes,Telephone,Unemployed,119160.0,3
C104064,26,Male,3,Graduate,Single,GA,72046,Yes,Yes,No,Telephone,Government,129606.0,2
C104065,21,Female,4,High School,Unknown,TX,11465,Yes,Yes,Yes,Email,Retired,86438.0,5
C104066,66,Female,0,High School,Married,GA,47533,No,Yes,Yes,Cellular,Retired,152602.0,5
C104067,54,Female,1,College,Married,NY,43113,Yes,No,No,Telephone,Businessman,66927.0,1
C104068,41,Female,5,College,Divorced,TX,20308,No,Yes,No,Telephone,Government,113092.0,2
C104069,41,Female,3,High School,Divorced,IL,40526,No,No,Yes,Telephone,Student,105744.0,3
C104070,64,Female,5,Post-Graduate,Divorced,MI,61451,YES,No,Yes,Telephone,Businessman,146538.0,2
C104071,69,Male,1,College,Single,MI,13701,No,No,Yes,Cellular,Self-employed,56891.0,5
C104072,47,Male,5,Post-Graduate,Unknown,GA,17993,No,Yes,Yes,Telephone,Self-employed,85558.0,5
C104073,43,Male,2,High School,Unknown,CA,84050,No,Yes,No,Email,Businessman,133706.0,2
C104074,56,Female,3,College,Divorced,FL,16993,No,No,No,Email,Self-employed,161944.0,1
C104075,56,Female,0,Graduate,Single,CA,37625,Yes,No,Yes,Telephone,Government,125997.0,1
C104076,52,Male,1,High School,Unknown,CA,46660,No,Yes,Yes,Cellular,Salaried,98194.0,5
C104077,59,Male,2,Uneducated,Married,IL,97403,Yes,Yes,Yes,Telephone,Retired,95674.0,3
C104078,65,Male,1,Post-Graduate,Married,PA,97601,No,No,Yes,Telephone,Unemployed,125998.0,5
C104079,37,Male,3,High School,Married,CA,96551,No,Yes,No,Telephone,Government,40196.0,2
C104080,34,Male,5,High School,Unknown,PA,16869,YES,No,No,Email,Self-employed,169049.0,4
C104081,42,Female,1,College,Divorced,IL,88848,No,Yes,No,Email,Salaried,98617.0,4
C104082,37,Female,1,College,Married,FL,63397,No,Yes,No,Cellular,Government,52441.0,3
C104083,49,Female,4,College,Divorced,MI,13337,No,Yes,Yes,Telephone,Retired,134567.0,3
C104084,68,Male,0,Uneducated,Single,IL,83927,No,No,Yes,Telephone,Self-employed,142139.0,3
C104085,68,Female,1,College,Married,GA,21346,Yes,No,Yes,Telephone,Government,124834.0,1
C104086,58,Male,4,High School,Single,NC,90601,Yes,No,No,Telephone,Self-employed,94989.0,5
C104087,46,Female,5,College,Divorced,NY,59328,Yes,No,No,Email,Student,94916.0,2
C104088,51,Male,0,Graduate,Unknown,PA,86112,No,Yes,No,Cellular,Businessman,178565.0,5
C104089,54,Male,3,College,Divorced,TX,51684,Yes,No,No,Email,Self-employed,39471.0,2
C104090,47,Female,3,Uneducated,Married,NY,20733,No,Yes,Yes,Telephone,Retired,42274.0,4
C104091,37,Female,4,Graduate,Married,CA,81650,Yes,No,Yes,Email,Government,126454.0,5
C104092,43,Female,4,High School,Divorced,FL,28547,Yes,No,No,Cellular,Unemployed,23916.0,2
C104093,54,Female,3,High School,Married,GA,23317,No,No,No,Telephone,Retired,107359.0,2
C104094,38,Female,2,Post-Graduate,Married,TX,41649,No,Yes,Yes,Telephone,Self-employed,151035.0,4
C104095,41,Male,5,Graduate,Single,IL,12497,No,Yes,Yes,Email,Self-employed,21522.0,5
C104096,40,Female,0,Post-Graduate,Unknown,MI,65303,No,Yes,Yes,Email,Retired,144405.0,5
C104097,52,Female,0,Graduate,Divorced,IL,19514,No,No,Yes,Email,Government,105824.0,1
C104098,32,Male,4,Graduate,Single,IL,78924,Yes,No,Yes,Cellular,Government,66848.0,5
C104099,24,Female,5,Uneducated,Married,NC,74900,No,Yes,No,Cellular,Salaried,50739.0,4
C104100,29,Male,0,Post-Graduate,Single,GA,12381,No,Yes,Yes,Cellular,Unemployed,115782.0,2
C104101,31,Female,2,Uneducated,Unknown,GA,87819,No,Yes,Yes,Telephone,Retired,61303.0,4
C104102,69,Female,0,Graduate,Divorced,CA,25971,Yes,Yes,No,Telephone,nan,55861.0,4
C104103,50,Male,4,High School,Unknown,CA,70267,No,No,Yes,Email,Self-employed,107006.0,4
C104104,65,Female,1,Graduate,Unknown,NY,81570,Yes,No,Yes,Telephone,Student,144614.0,5
C104105,46,Female,1,Uneducated,Single,GA,47501,Yes,No,No,Cellular,Businessman,179851.0,3
C104106,52,Female,4,Post-Graduate,Single,MI,22267,Yes,No,No,Telephone,Retired,122459.0,4
C104107,48,Female,1,Post-Graduate,Unknown,CA,92866,Yes,No,No,Email,Self-employed,88229.0,2
C104108,60,Male,5,Uneducated,Married,FL,38270,No,Yes,No,Email,Government,143917.0,1
C104109,57,Male,0,Post-Graduate,Divorced,NC,77341,No,Yes,No,Email,Salaried,167108.0,5
C104110,62,Female,4,College,Married,NY,36603,No,No,No,Email,Self-employed,45705.0,3
C104111,67,Female,4,High School,Married,TX,94255,No,Yes,Yes,Telephone,Student,61797.0,3
C104112,61,nan,4,High School,Divorced,PA,26871,Yes,No,Yes,Email,Government,99291.0,4
C104113,36,Male,1,High School,Single,MI,86074,Yes,No,Yes,Telephone,Student,104491.0,2
C104114,68,Female,3,Post-Graduate,Married,TX,44374,No,Yes,Yes,Email,Student,94567.0,1
C104115,28,Male,1,Post-Graduate,Single,FL,94850,No,Yes,No,Email,Retired,173611.0,3
C104116,23,Male,4,Graduate,Divorced,NC,32667,No,No,No,Telephone,Businessman,79126.0,5
C104117,23,Male,0,Graduate,Married,NC,31653,Yes,No,No,Cellular,Businessman,166834.0,2
C104118,30,Male,5,High School,Single,MI,29098,Yes,Yes,Yes,Cellular,Retired,45682.0,5
C104119,32,Female,3,College,Single,IL,36639,Yes,Yes,No,Cellular,Self-employed,36532.0,4
C104120,35,Male,4,Graduate,Married,OH,54440,No,No,Yes,Cellular,Businessman,174133.0,1
C104121,67,Female,5,Graduate,Divorced,NC,98508,Yes,Yes,No,Email,Self-employed,131817.0,5
C104122,47,Female,1,Post-Graduate,Unknown,GA,38104,Yes,No,Yes,Telephone,Self-employed,168568.0,1
C104123,66,Male,2,College,Single,OH,79737,Yes,No,No,Cellular,Retired,27841.0,5
C104124,31,Female,4,High School,Divorced,GA,36531,No,Yes,No,Email,Unemployed,79830.0,3
C104125,26,Female,0,Graduate,Married,IL,12844,Yes,Yes,Yes,Telephone,Government,69241.0,3
C104126,32,Male,2,College,Single,IL,45485,No,No,No,Email,Unemployed,38478.0,4
C104127,38,Male,2,College,Single,IL,82500,No,Yes,No,Cellular,Government,162493.0,2
C104128,45,Male,1,High School,Single,CA,22478,No,Yes,Yes,Telephone,Salaried,101562.0,1
C104129,54,Female,1,College,Divorced,PA,64840,Yes,Yes,Yes,Telephone,Unemployed,61079.0,2
C104130,46,Female,5,College,Single,IL,36882,No,Yes,No,Email,Businessman,52528.0,2
C104131,44,Female,3,College,Single,GA,60258,Yes,Yes,No,Email,Retired,94421.0,2
C104132,36,Female,4,Graduate,Married,GA,51153,Yes,No,No,Telephone,Salaried,50813.0,2
C104133,56,Male,5,High School,Single,NY,16142,No,Yes,No,Cellular,Retired,134100.0,2
C104134,56,Female,3,College,Divorced,PA,33100,No,Yes,No,Cellular,Student,126111.0,5
C104135,41,Male,3,College,Married,MI,65234,No,Yes,No,Telephone,Self-employed,79356.0,2
C104136,50,Male,2,Graduate,Unknown,MI,78973,Yes,No,Yes,Telephone,Unemployed,124529.0,1
C104137,69,Male,1,High School,Married,PA,18590,No,No,No,Cellular,Self-employed,37383.0,3
C104138,40,Male,2,Post-Graduate,Single,TX,89916,Yes,No,Yes,Cellular,Government,48265.0,2
C104139,62,Female,4,Graduate,Unknown,CA,86665,No,Yes,Yes,Email,Student,28209.0,4
C104140,39,Male,3,High School,Married,OH,83109,Yes,No,No,Email,Self-employed,171816.0,1
C104141,31,Female,3,College,Single,MI,53476,No,Yes,Yes,Cellular,Self-employed,52686.0,5
C104142,34,Male,4,High School,Married,IL,63538,No,Yes,No,Telephone,Student,51036.0,3
C104143,56,Male,5,High School,Divorced,MI,66758,Yes,No,Yes,Telephone,Student,73529.0,3
C104144,36,Male,3,High School,Single,IL,94673,No,No,No,Email,Self-employed,107684.0,3
C104145,23,Female,1,Post-Graduate,Divorced,GA,63421,No,No,Yes,Telephone,Student,148546.0,4
C104146,42,Male,1,High School,Single,IL,14936,No,No,No,Telephone,Businessman,123063.0,2
C104147,63,Male,3,Post-Graduate,Divorced,IL,65613,No,Yes,Yes,Telephone,Student,145198.0,5
C104148,25,Male,4,College,Unknown,CA,38988,Yes,No,Yes,Telephone,nan,117372.0,5
C104149,22,Male,2,Post-Graduate,Divorced,NY,86176,Yes,Yes,Yes,Email,Salaried,35861.0,5
C104150,32,Female,3,College,Married,IL,91459,Yes,No,Yes,Telephone,Self-employed,81144.0,2
C104151,65,Female,0,College,Single,OH,55168,Yes,No,Yes,Cellular,Self-employed,113110.0,5
C104152,22,Male,1,Post-Graduate,Married,TX,55613,Yes,No,Yes,Email,Government,137947.0,5
C104153,57,Male,0,Graduate,Divorced,CA,11823,No,Yes,No,Telephone,Student,72322.0,3
C104154,39,Female,0,Uneducated,Single,NY,27031,Yes,No,No,Telephone,Unemployed,113598.0,2
C104155,44,Female,0,High School,Divorced,TX,71431,No,Yes,Yes,Telephone,Salaried,124259.0,1
C104156,25,Female,3,Uneducated,Unknown,NC,85141,Yes,Yes,Yes,Email,Government,95196.0,1
C104157,46,Male,3,High School,Unknown,GA,48082,No,Yes,Yes,Telephone,Self-employed,86526.0,1
C104158,48,Female,0,High School,Unknown,FL,51769,Yes,Yes,No,Email,Unemployed,61988.0,4
C104159,55,Male,3,College,Divorced,GA,83200,No,Yes,Yes,Cellular,Retired,40756.0,3
C104160,39,Female,0,High School,Divorced,NC,56709,Yes,Yes,Yes,Telephone,Retired,125744.0,5
C104161,51,Female,0,High School,Unknown,TX,44372,No,Yes,Yes,Email,Businessman,62346.0,3
C104162,39,Male,5,Post-Graduate,Divorced,PA,45594,No,Yes,No,Cellular,Student,129818.0,2
C104163,63,Female,2,Uneducated,Married,GA,32115,No,Yes,Yes,Email,Government,131550.0,2
C104164,64,Male,5,Post-Graduate,Divorced,MI,86609,No,No,No,Telephone,Businessman,56190.0,3
C104165,39,Female,2,High School,Married,OH,60151,No,No,Yes,Email,Unemployed,165025.0,2
C104166,40,Male,2,College,Unknown,NC,91155,Yes,No,Yes,Telephone,Unemployed,80494.0,3
C104167,62,Female,4,Post-Graduate,Divorced,OH,93371,No,Yes,No,Email,Unemployed,63934.0,3
C104168,37,Female,1,Post-Graduate,Unknown,CA,62141,No,Yes,Yes,Cellular,Retired,171953.0,3
C104169,32,Male,3,Graduate,Single,NC,11105,No,No,Yes,Telephone,Self-employed,117740.0,1
C104170,55,Male,2,High School,Divorced,IL,24842,Yes,No,Yes,Cellular,Salaried,88696.0,5
C104171,46,Male,1,College,Divorced,PA,66904,No,Yes,No,Telephone,Government,30496.0,2
C104172,28,Male,1,Post-Graduate,Unknown,NY,81710,No,No,No,Email,Government,132961.0,5
C104173,60,Female,5,Post-Graduate,Unknown,NY,10840,Yes,Yes,Yes,Cellular,Self-employed,63065.0,5
C104174,45,Female,3,College,Unknown,FL,48138,Yes,No,Yes,Telephone,Self-employed,124419.0,3
C104175,45,Female,5,nan,Single,FL,57058,No,Yes,No,Cellular,Salaried,48067.0,5
C104176,65,Female,4,Graduate,Single,IL,65625,No,Yes,No,Cellular,Salaried,168776.0,3
C104177,42,Female,0,Post-Graduate,Unknown,OH,37988,Yes,Yes,Yes,Telephone,Salaried,130212.0,2
C104178,33,Female,2,Graduate,Divorced,CA,34436,No,Yes,Yes,Email,Businessman,82531.0,4
C104179,62,Male,4,Uneducated,Divorced,MI,66748,No,No,Yes,Cellular,Businessman,151571.0,5
C104180,35,Female,3,High School,Unknown,FL,75421,No,Yes,No,Telephone,Self-employed,105657.0,5
C104181,43,Female,4,Uneducated,Married,NC,62499,Yes,Yes,No,Cellular,Unemployed,83897.0,5
C104182,48,Male,5,Uneducated,Single,GA,18453,No,No,No,Cellular,Unemployed,114384.0,3
C104183,68,Female,1,Uneducated,Single,TX,38580,No,No,No,Email,Government,41954.0,1
C104184,33,Female,4,High School,Married,PA,78312,Yes,No,Yes,Telephone,Businessman,141289.0,3
C104185,52,Female,2,High School,Unknown,NC,22789,Yes,Yes,No,Telephone,Self-employed,39818.0,3
C104186,31,Male,4,College,Divorced,GA,16071,Yes,Yes,No,Cellular,Retired,151339.0,3
C104187,64,Male,4,Graduate,Divorced,OH,51524,No,No,No,Email,Retired,72247.0,2
C104188,34,Female,1,Graduate,Single,OH,90802,No,No,Yes,Email,Businessman,73483.0,2
C104189,55,Male,5,College,Married,CA,68735,Yes,No,Yes,Email,Salaried,127218.0,4
C104190,67,Female,4,College,Divorced,IL,68504,No,Yes,Yes,Telephone,Retired,93115.0,5
C104191,63,Female,1,Uneducated,Single,OH,13310,Yes,No,Yes,Telephone,Self-employed,81911.0,4
C104192,55,Female,2,College,Divorced,NY,47892,No,No,No,Cellular,Retired,177636.0,1
C104193,60,Male,2,Post-Graduate,Divorced,PA,49270,No,Yes,No,Email,Salaried,178615.0,2
C104194,43,Female,0,Graduate,Divorced,NY,53720,No,Yes,Yes,Email,Student,162140.0,3
C104195,60,Female,5,College,Single,TX,31545,No,Yes,Yes,Telephone,Retired,53125.0,2
C104196,33,Female,0,Post-Graduate,Married,CA,37120,No,No,Yes,Cellular,Government,159214.0,2
C104197,26,Female,1,Post-Graduate,Unknown,TX,82105,No,Yes,No,Telephone,Salaried,39078.0,1
C104198,49,Female,0,Post-Graduate,Married,OH,81415,Yes,Yes,No,Telephone,Government,156400.0,1
C104199,62,Male,0,Post-Graduate,Divorced,IL,46959,No,No,No,Cellular,Self-employed,85769.0,5
C104200,35,Female,3,Uneducated,Married,FL,30540,Yes,Yes,No,Email,Unemployed,32828.0,2
C104201,25,Male,0,Post-Graduate,Divorced,GA,76995,No,No,Yes,Email,Unemployed,59711.0,1
C104202,53,Female,5,Uneducated,Single,GA,13880,Yes,No,Yes,Cellular,Student,82299.0,4
C104203,60,Male,4,Uneducated,Single,CA,36055,Yes,Yes,No,Email,Government,31301.0,2
C104204,22,Female,2,Post-Graduate,Single,NC,86485,No,No,No,Cellular,Unemployed,147859.0,3
C104205,53,Female,0,Graduate,Divorced,NC,86605,No,No,Yes,Cellular,Retired,126063.0,5
C104206,45,nan,1,Post-Graduate,Married,NY,53847,No,No,Yes,Telephone,Businessman,112082.0,2
C104207,47,Male,3,Post-Graduate,Unknown,NY,62800,Yes,Yes,Yes,Email,Retired,61745.0,5
C104208,68,Female,3,Post-Graduate,Unknown,GA,64710,No,No,No,Email,Retired,81081.0,5
C104209,45,Male,2,Graduate,Single,PA,88186,No,No,Yes,Cellular,Self-employed,166363.0,1
C104210,25,Male,2,High School,Unknown,TX,62559,No,Yes,No,Telephone,Student,37043.0,1
C104211,63,Female,1,High School,Divorced,NY,64449,No,Yes,Yes,Telephone,Businessman,160509.0,2
C104212,60,Female,1,Uneducated,Married,IL,55869,Yes,No,No,Email,Unemployed,65007.0,5
C104213,24,Female,5,Uneducated,Unknown,GA,24014,No,No,Yes,Cellular,Businessman,140782.0,4
C104214,34,Female,5,Graduate,Unknown,PA,64241,Yes,Yes,Yes,Email,Retired,88284.0,1
C104215,37,Female,1,College,Married,TX,76612,Yes,No,Yes,Email,Student,177024.0,1
C104216,61,Male,3,High School,Unknown,NC,62255,No,Yes,Yes,Telephone,Salaried,67109.0,1
C104217,47,Female,3,Uneducated,Married,GA,51084,No,Yes,Yes,Telephone,Student,108458.0,1
C104218,56,Male,1,High School,Divorced,MI,38486,Yes,Yes,Yes,Telephone,Student,74054.0,5
C104219,54,Female,0,Graduate,Divorced,PA,52678,No,No,No,Telephone,Unemployed,23188.0,4
C104220,30,Female,5,Graduate,Divorced,CA,97652,Yes,Yes,Yes,Cellular,Unemployed,124985.0,1
C104221,42,Male,0,College,Single,NY,42668,Yes,Yes,No,Email,Student,19513.0,4
C104222,61,Female,1,College,Divorced,FL,51790,No,Yes,Yes,Telephone,Government,75919.0,5
C104223,42,Male,1,Graduate,Unknown,NY,80666,No,No,Yes,Email,Salaried,173346.0,3
C104224,48,Male,3,Uneducated,Single,TX,23475,No,No,Yes,Cellular,Unemployed,116805.0,3
C104225,68,Male,0,High School,Single,GA,62782,Yes,Yes,Yes,Telephone,Unemployed,153403.0,3
C104226,40,Female,5,Post-Graduate,Single,NC,59762,Yes,Yes,No,Cellular,Self-employed,31531.0,2
C104227,69,Female,2,College,Divorced,PA,78211,No,No,Yes,Telephone,Businessman,24337.0,4
C104228,22,Female,2,Post-Graduate,Single,FL,56409,No,No,Yes,Email,Retired,85842.0,5
C104229,43,Female,4,Uneducated,Divorced,NY,62187,Yes,No,Yes,Cellular,Government,47166.0,2
C104230,54,Female,5,College,Divorced,OH,43487,Yes,Yes,No,Telephone,Salaried,164380.0,3
C104231,68,Female,2,Post-Graduate,Single,MI,51051,No,No,No,Email,Student,170724.0,3
C104232,36,Male,0,Uneducated,Single,OH,57451,Yes,Yes,Yes,Email,Retired,51197.0,3
C104233,48,Female,3,High School,Unknown,MI,45455,No,Yes,Yes,Email,Unemployed,48060.0,5
C104234,34,Female,0,Uneducated,Single,NC,75773,Yes,No,Yes,Telephone,Retired,84726.0,3
C104235,21,Female,0,College,Divorced,IL,65322,No,Yes,Yes,Email,Government,18845.0,4
C104236,61,Female,2,Graduate,Unknown,MI,54689,No,Yes,No,Email,Government,79989.0,3
C104237,35,Male,1,High School,Unknown,FL,97952,Yes,No,No,Telephone,Unemployed,159764.0,2
C104238,35,Male,4,Post-Graduate,Divorced,MI,84211,Yes,Yes,No,Cellular,Unemployed,105653.0,3
C104239,45,Male,2,College,Single,PA,19882,No,Yes,No,Email,Businessman,172108.0,2
C104240,63,Male,2,Graduate,Single,NY,48200,No,No,No,Telephone,Self-employed,102752.0,1
C104241,25,Male,2,Uneducated,Married,NY,77806,No,Yes,No,Cellular,Salaried,75511.0,5
C104242,28,Female,4,Graduate,Single,NC,85242,No,No,Yes,Email,Retired,124726.0,4
C104243,42,Male,3,College,Married,OH,58722,Yes,No,Yes,Telephone,Retired,24765.0,3
C104244,59,Male,5,College,Unknown,OH,78828,No,Yes,Yes,Telephone,Salaried,76402.0,3
C104245,58,Female,2,Graduate,Unknown,IL,72096,Yes,Yes,No,Email,Salaried,153380.0,3
C104246,59,Female,3,Uneducated,Unknown,OH,39652,Yes,No,Yes,Cellular,Unemployed,57422.0,3
C104247,66,Male,3,Graduate,Married,NC,41646,No,No,No,Cellular,Student,126814.0,2
C104248,63,Female,0,College,Divorced,MI,45145,Yes,Yes,Yes,Cellular,Student,23998.0,5
C104249,34,Female,1,College,Divorced,IL,62415,Yes,Yes,No,Email,Government,163144.0,2
C104250,39,Male,4,Post-Graduate,Unknown,NC,56963,No,Yes,Yes,Email,Retired,145634.0,3
C104251,46,Female,1,Post-Graduate,Married,CA,33617,No,No,Yes,Cellular,Self-employed,52994.0,2
C104252,58,Male,3,High School,Married,TX,73734,No,Yes,No,Cellular,Businessman,96988.0,3
C104253,53,Male,3,College,Unknown,OH,78745,No,Yes,Yes,Cellular,Retired,115375.0,1
C104254,66,Female,4,Post-Graduate,Single,FL,53988,No,Yes,No,Cellular,Unemployed,63406.0,2
C104255,32,Male,1,Graduate,Unknown,NY,63083,Yes,Yes,Yes,Telephone,Businessman,60701.0,5
C104256,49,Male,0,Uneducated,Married,TX,96183,No,No,Yes,Email,Self-employed,100968.0,1
C104257,32,Female,1,Graduate,nan,OH,22451,No,No,Yes,Cellular,Salaried,100687.0,4
C104258,49,Female,2,Uneducated,Divorced,GA,33201,Yes,Yes,Yes,Telephone,Self-employed,151270.0,2
C104259,61,Female,1,Post-Graduate,Single,NC,21661,No,Yes,Yes,Cellular,Businessman,80162.0,2
C104260,61,Female,3,High School,Divorced,PA,19038,No,No,No,Cellular,Student,76448.0,4
C104261,66,Male,4,Graduate,Married,MI,92945,No,Yes,No,Telephone,Self-employed,98617.0,5
C104262,40,Female,2,Graduate,Unknown,NC,26199,Yes,No,No,Cellular,Government,165295.0,1
C104263,54,Female,3,Graduate,Unknown,FL,78598,No,No,Yes,Cellular,Student,175150.0,4
C104264,66,Male,1,Uneducated,Unknown,IL,92791,No,No,No,Telephone,Government,131012.0,5
C104265,50,Male,4,Post-Graduate,Unknown,CA,45060,No,No,No,Telephone,Government,53193.0,1
C104266,49,Male,2,Graduate,Unknown,NC,10692,No,Yes,Yes,Telephone,Unemployed,70208.0,5
C104267,59,Male,1,Graduate,Married,NC,58245,No,No,Yes,Telephone,Self-employed,137741.0,5
C104268,67,Female,2,High School,Married,NC,19564,Yes,Yes,Yes,Telephone,Government,142716.0,3
C104269,60,Female,0,High School,Unknown,TX,64446,No,Yes,No,Cellular,Retired,157201.0,2
C104270,22,Male,0,Post-Graduate,Single,MI,52100,No,No,No,Email,Salaried,56975.0,1
C104271,46,Male,4,Post-Graduate,Unknown,MI,65551,No,No,Yes,Telephone,Self-employed,65787.0,3
C104272,21,Male,0,College,Divorced,MI,47336,No,No,No,Email,Businessman,97511.0,1
C104273,48,Male,3,High School,Divorced,GA,27999,No,Yes,No,Cellular,Salaried,135489.0,3
C104274,28,Female,1,College,Divorced,TX,86379,Yes,No,No,Telephone,Student,170215.0,1
C104275,51,Male,2,Uneducated,Divorced,PA,14300,Yes,No,No,Email,Self-employed,176511.0,2
C104276,59,Female,2,College,Unknown,IL,15289,No,No,Yes,Email,Businessman,46179.0,5
C104277,39,Male,5,Graduate,Divorced,GA,40877,No,Yes,Yes,Email,Businessman,138481.0,2
C104278,33,Female,0,College,Single,TX,24024,Yes,No,Yes,Email,Self-employed,169516.0,1
C104279,36,Female,2,Post-Graduate,Unknown,CA,70177,Yes,No,No,Email,Salaried,24398.0,2
C104280,43,Female,2,Uneducated,Divorced,NC,76441,Yes,No,Yes,Telephone,Retired,56949.0,1
C104281,31,Female,1,Graduate,Unknown,MI,92410,No,Yes,Yes,Telephone,Businessman,42333.0,4
C104282,44,Male,4,College,Unknown,NC,13855,Yes,No,No,Telephone,Self-employed,78567.0,4
C104283,30,Female,5,Uneducated,Unknown,TX,14100,No,Yes,Yes,Email,Self-employed,55748.0,1
C104284,25,Male,2,Uneducated,Married,NY,90533,No,Yes,No,Email,Retired,78370.0,4
C104285,32,Female,0,Graduate,Divorced,FL,42688,Yes,Yes,Yes,Cellular,Government,20247.0,5
C104286,56,Female,0,College,Married,GA,10904,No,Yes,No,Email,Self-employed,165719.0,1
C104287,46,Male,5,Uneducated,Single,PA,96574,No,Yes,Yes,Cellular,Unemployed,66261.0,3
C104288,48,Male,4,Uneducated,Single,MI,94692,Yes,No,Yes,Cellular,Businessman,18745.0,4
C104289,36,Female,2,High School,Married,CA,56727,No,No,Yes,Telephone,Government,79296.0,5
C104290,22,Female,2,Uneducated,Divorced,GA,88958,Yes,Yes,No,Email,Businessman,24314.0,1
C104291,46,Male,2,High School,Unknown,IL,48086,Yes,Yes,No,Email,Salaried,58758.0,3
C104292,24,Female,4,College,Single,PA,88217,Yes,Yes,Yes,Cellular,Salaried,38315.0,5
C104293,49,Male,0,College,Single,IL,53982,No,Yes,No,Cellular,Businessman,22674.0,4
C104294,36,Male,2,College,Single,MI,41152,Yes,No,No,Email,Unemployed,127573.0,1
C104295,42,Male,5,Post-Graduate,Divorced,IL,61300,Yes,No,No,Cellular,Unemployed,166623.0,4
C104296,63,Female,2,College,Married,TX,77636,No,Yes,Yes,Email,Student,57352.0,3
C104297,26,Female,5,Uneducated,Married,FL,60179,Yes,Yes,Yes,Email,Student,167565.0,1
C104298,48,Male,5,Graduate,Divorced,IL,70013,No,Yes,Yes,Cellular,Student,48682.0,5
C104299,31,Male,3,High School,Single,NY,13135,No,No,No,Telephone,Businessman,171320.0,4
C104300,62,Male,1,Post-Graduate,Divorced,PA,29608,Yes,Yes,Yes,Email,Self-employed,26916.0,2
C104301,67,Male,4,College,Divorced,NY,89024,Yes,No,Yes,Cellular,Government,48144.0,5
C104302,41,Female,1,College,Married,FL,71540,No,No,Yes,Cellular,Self-employed,84705.0,4
C104303,46,Male,4,Graduate,Divorced,CA,54835,Yes,Yes,Yes,Cellular,Retired,111296.0,2
C104304,59,Female,1,Graduate,Divorced,FL,44329,No,No,Yes,Email,Businessman,94367.0,3
C104305,67,Male,3,Post-Graduate,Single,OH,58375,Yes,Yes,Yes,Email,Retired,55521.0,1
C104306,42,Female,1,High School,Unknown,GA,67058,No,No,No,Email,Unemployed,147689.0,3
C104307,50,Female,2,College,Single,NY,65241,Yes,Yes,Yes,Cellular,Retired,89237.0,3
C104308,50,Female,1,Post-Graduate,Married,TX,48019,Yes,Yes,Yes,Telephone,Self-employed,63834.0,1
C104309,53,Female,1,Uneducated,Unknown,CA,11034,No,Yes,Yes,Telephone,Unemployed,102993.0,5
C104310,60,Female,0,Uneducated,Single,OH,76255,Yes,Yes,No,Email,Retired,79720.0,4
C104311,50,Male,4,Post-Graduate,Divorced,FL,97888,Yes,Yes,Yes,Email,Salaried,38217.0,3
C104312,57,Male,1,College,Divorced,MI,60220,No,Yes,No,Email,Government,35657.0,5
C104313,50,Female,5,Post-Graduate,Unknown,GA,79356,No,No,No,Telephone,Businessman,117772.0,2
C104314,46,Male,2,College,Unknown,IL,15807,No,No,No,Telephone,Government,85239.0,3
C104315,26,Male,2,Graduate,Divorced,NC,90951,Yes,Yes,Yes,Email,Unemployed,91629.0,5
C104316,24,Male,4,Post-Graduate,Married,PA,10968,Yes,No,No,Cellular,Student,166488.0,5
C104317,35,Male,3,College,Single,MI,49472,No,Yes,Yes,Telephone,Student,64484.0,4
C104318,56,Male,4,Post-Graduate,Divorced,NY,93235,No,No,Yes,Email,Unemployed,117157.0,3
C104319,23,Male,2,Post-Graduate,Single,CA,52940,Yes,No,No,Telephone,Salaried,74620.0,1
C104320,36,Male,3,College,Single,CA,53854,No,Yes,No,Cellular,Businessman,39033.0,4
C104321,36,Female,3,College,Single,NC,83321,No,Yes,Yes,Cellular,Student,107757.0,1
C104322,60,Male,0,High School,Single,CA,40043,No,No,Yes,Telephone,Government,117629.0,1
C104323,47,Male,5,Post-Graduate,Married,TX,94396,Yes,No,No,Email,Unemployed,24094.0,5
C104324,26,Male,1,Uneducated,Married,NY,86720,Yes,No,Yes,Telephone,Government,158347.0,1
C104325,41,Female,5,Post-Graduate,Married,FL,40081,No,No,Yes,Email,Salaried,168837.0,1
C104326,33,Female,5,Post-Graduate,Divorced,CA,67319,Yes,No,No,Telephone,Retired,74221.0,4
C104327,29,Male,0,College,Divorced,CA,77435,Yes,No,Yes,Cellular,Student,102222.0,3
C104328,61,Female,1,Post-Graduate,Divorced,FL,96366,No,Yes,Yes,Telephone,Self-employed,82570.0,4
C104329,63,Female,0,Post-Graduate,Married,FL,69683,Yes,No,Yes,Email,Student,32883.0,5
C104330,28,Male,3,Uneducated,Single,OH,30991,No,Yes,Yes,Email,Salaried,22153.0,3
C104331,48,Female,1,College,Married,GA,28783,Yes,No,No,Cellular,Student,71852.0,4
C104332,65,Male,2,Post-Graduate,Divorced,GA,27932,No,Yes,Yes,Email,Unemployed,82902.0,3
C104333,39,Female,3,Graduate,Unknown,GA,90419,No,Yes,No,Email,Businessman,155741.0,2
C104334,49,Male,4,High School,Divorced,NC,96242,No,Yes,No,Cellular,Salaried,114969.0,4
C104335,51,Female,3,Uneducated,Single,CA,46192,Yes,Yes,Yes,Email,Unemployed,35317.0,3
C104336,53,Male,2,Post-Graduate,Married,NC,94684,No,No,Yes,Email,Unemployed,76625.0,1
C104337,69,Male,0,Graduate,Unknown,MI,94397,Yes,Yes,Yes,Telephone,Unemployed,99606.0,2
C104338,26,Female,1,Post-Graduate,Unknown,GA,68140,No,Yes,Yes,Telephone,Self-employed,111303.0,1
C104339,64,Male,0,Post-Graduate,Single,CA,59875,Yes,No,No,Telephone,Government,44996.0,2
C104340,24,Male,5,College,Married,OH,58020,No,No,Yes,Telephone,Unemployed,87922.0,5
C104341,36,Female,0,College,Unknown,NC,84198,No,No,No,Telephone,Student,133419.0,3
C104342,23,Male,1,College,Divorced,FL,26907,Yes,Yes,Yes,Telephone,Unemployed,95489.0,2
C104343,45,Male,0,Graduate,Single,NC,46124,No,No,Yes,Telephone,Retired,118505.0,3
C104344,37,Female,5,Post-Graduate,Unknown,CA,10744,No,Yes,No,Cellular,Government,126895.0,5
C104345,42,Male,2,High School,Single,NC,42788,Yes,Yes,No,Telephone,Unemployed,171962.0,2
C104346,38,Female,5,Uneducated,Married,PA,18133,Yes,Yes,No,Email,Salaried,67109.0,3
C104347,52,Male,4,College,Married,FL,83663,No,No,No,Cellular,Government,78376.0,4
C104348,38,Female,1,College,Married,IL,25732,No,Yes,No,Telephone,Retired,120132.0,3
C104349,46,Female,0,Post-Graduate,Divorced,OH,17482,Yes,Yes,Yes,Telephone,Retired,54347.0,3
C104350,45,Male,1,Post-Graduate,Unknown,MI,55864,No,Yes,No,Email,Retired,32576.0,3
C104351,48,Female,5,Graduate,Married,FL,73239,No,No,No,Cellular,Retired,71657.0,1
C104352,60,Male,0,Graduate,Divorced,GA,25190,Yes,No,Yes,Email,Businessman,50192.0,2
C104353,43,Male,2,College,Married,TX,56848,No,Yes,Yes,Email,Retired,45585.0,3
C104354,28,Female,3,Post-Graduate,Married,NY,21241,No,Yes,No,Cellular,Salaried,84335.0,5
C104355,33,Male,4,High School,Unknown,CA,20316,Yes,Yes,Yes,Email,Salaried,113972.0,3
C104356,64,Male,4,Uneducated,Divorced,PA,31853,No,Yes,Yes,Cellular,Student,21422.0,3
C104357,67,Female,1,Post-Graduate,Married,NY,28070,No,No,Yes,Email,Unemployed,24761.0,4
C104358,30,Male,4,Post-Graduate,Divorced,GA,62498,No,Yes,Yes,Cellular,Salaried,91675.0,4
C104359,61,Male,0,Graduate,Divorced,MI,15561,No,No,Yes,Telephone,Businessman,32906.0,4
C104360,23,Female,5,Uneducated,Married,FL,80742,No,Yes,Yes,Cellular,Student,100306.0,1
C104361,30,Male,2,College,Married,NC,65842,Yes,Yes,No,Email,Businessman,87519.0,5
C104362,69,Male,5,Post-Graduate,Single,FL,77017,No,No,No,Email,Self-employed,37209.0,2
C104363,35,Female,2,College,Unknown,FL,50550,No,Yes,Yes,Telephone,Student,111940.0,5
C104364,44,Male,5,Post-Graduate,Married,GA,40217,Yes,Yes,No,Telephone,Salaried,117940.0,4
C104365,30,Male,1,College,Single,GA,51182,No,No,No,Telephone,Salaried,171712.0,5
C104366,41,Female,0,Uneducated,Unknown,IL,91106,No,Yes,Yes,Cellular,Salaried,150590.0,1
C104367,66,Male,4,Graduate,Married,TX,68804,No,No,Yes,Cellular,Self-employed,125895.0,3
C104368,68,nan,0,Uneducated,Divorced,NY,68368,Yes,No,Yes,Cellular,Businessman,132415.0,4
C104369,58,Female,4,High School,Unknown,NC,90410,No,Yes,Yes,Cellular,Salaried,78063.0,2
C104370,59,Female,0,Graduate,Divorced,NC,14164,Yes,No,No,Cellular,Retired,82090.0,1
C104371,62,Male,4,Uneducated,Single,IL,30506,Yes,No,Yes,Email,Government,95266.0,5
C104372,48,Male,4,High School,Married,GA,59475,No,Yes,No,Email,Retired,49634.0,2
C104373,61,Female,2,Post-Graduate,Single,OH,67333,Yes,Yes,Yes,Email,Unemployed,74813.0,2
C104374,22,Male,3,Post-Graduate,Married,TX,94597,Yes,Yes,No,Cellular,Salaried,19458.0,4
C104375,61,Male,3,College,Married,IL,91674,Yes,No,Yes,Telephone,Student,35513.0,3
C104376,24,Male,5,Graduate,Divorced,NC,80125,Yes,Yes,Yes,Email,Student,32832.0,1
C104377,63,Female,1,Post-Graduate,Single,FL,63242,No,No,Yes,Email,Government,137670.0,5
C104378,69,Male,5,Graduate,Divorced,TX,46548,No,Yes,Yes,Cellular,Unemployed,92951.0,5
C104379,23,Male,3,Post-Graduate,Divorced,OH,33190,No,Yes,No,Cellular,Unemployed,134749.0,1
C104380,52,Female,1,College,Divorced,GA,53998,No,Yes,Yes,Cellular,Self-employed,120126.0,1
C104381,67,Female,2,Uneducated,Single,IL,99558,Yes,No,No,Email,Student,175423.0,2
C104382,54,Female,1,College,Married,GA,99909,No,No,No,Telephone,Self-employed,153993.0,3
C104383,36,Male,3,High School,Married,IL,20269,No,No,Yes,Cellular,Self-employed,151877.0,3
C104384,24,Male,4,Post-Graduate,Single,NC,85659,Yes,Yes,Yes,Cellular,Government,128654.0,4
C104385,38,Female,1,High School,Married,OH,43919,No,Yes,No,Telephone,Student,111415.0,5
C104386,48,Male,3,High School,Single,IL,56032,Yes,Yes,Yes,Telephone,Retired,87602.0,5
C104387,62,Male,3,Graduate,Single,NC,91597,No,Yes,No,Telephone,Unemployed,89303.0,1
C104388,26,Male,4,Post-Graduate,Married,IL,30280,No,Yes,Yes,Cellular,Salaried,58470.0,4
C104389,63,Male,0,High School,Unknown,GA,91017,No,Yes,Yes,Cellular,Retired,141295.0,3
C104390,62,Female,3,Uneducated,Divorced,FL,11260,Yes,Yes,Yes,Email,Retired,87413.0,3
C104391,21,Female,2,High School,Single,NC,36502,No,No,No,Email,Retired,139066.0,3
C104392,36,Male,5,Uneducated,Single,PA,41781,No,Yes,Yes,Email,Unemployed,163941.0,4
C104393,57,Female,4,Graduate,Unknown,PA,46109,Yes,Yes,No,Email,Self-employed,103914.0,4
C104394,29,Male,0,High School,Single,TX,35825,No,No,Yes,Email,Self-employed,91395.0,1
C104395,37,Male,4,College,Single,TX,56579,No,Yes,No,Email,Student,154348.0,2
C104396,56,Female,5,Graduate,Married,FL,11480,Yes,Yes,Yes,Cellular,Student,69572.0,4
C104397,54,Female,1,Uneducated,Married,CA,73969,Yes,No,No,Email,Retired,155444.0,3
C104398,51,Male,3,Graduate,Unknown,PA,25040,No,Yes,Yes,Cellular,Government,157684.0,4
C104399,54,Male,3,High School,Single,CA,99004,Yes,No,No,Cellular,Businessman,82169.0,2
C104400,57,Male,4,Post-Graduate,Divorced,FL,46328,Yes,Yes,No,Telephone,Retired,95865.0,4
C104401,54,Male,1,Post-Graduate,Married,OH,39166,Yes,No,No,Cellular,Retired,27319.0,3
C104402,65,Female,5,Uneducated,Divorced,PA,54903,No,Yes,No,Cellular,Unemployed,153073.0,1
C104403,57,Female,4,Uneducated,Divorced,GA,13730,No,No,No,Cellular,Unemployed,72433.0,4
C104404,21,Male,2,Post-Graduate,Unknown,FL,27526,Yes,Yes,No,Telephone,Businessman,36805.0,3
C104405,35,Male,3,Uneducated,Unknown,NC,34480,Yes,No,yes,Cellular,Unemployed,179010.0,4
C104406,51,Female,3,Graduate,Single,MI,62461,No,Yes,Yes,Telephone,Businessman,61081.0,1
C104407,34,Male,2,College,Unknown,GA,68454,Yes,Yes,Yes,Email,Self-employed,65054.0,5
C104408,64,Female,0,College,Married,IL,24258,Yes,Yes,No,Cellular,Government,168170.0,3
C104409,54,Male,5,Graduate,Single,PA,43339,No,No,Yes,Email,Unemployed,116383.0,3
C104410,21,Female,3,College,Single,IL,65039,No,No,No,Cellular,Businessman,147385.0,4
C104411,55,Male,5,High School,Divorced,PA,57363,No,Yes,No,Telephone,Retired,77049.0,5
C104412,31,Male,4,Graduate,Divorced,CA,56176,Yes,Yes,Yes,Email,Student,100713.0,3
C104413,37,Male,0,Uneducated,Divorced,FL,74729,Yes,No,Yes,Cellular,Unemployed,132371.0,3
C104414,25,Female,0,Graduate,Single,NC,87509,Yes,No,Yes,Cellular,Retired,179896.0,5
C104415,37,Female,4,Post-Graduate,Unknown,FL,54731,No,No,No,Telephone,Unemployed,137242.0,4
C104416,38,Male,5,Uneducated,Unknown,NY,45989,Yes,No,Yes,Cellular,Self-employed,151784.0,3
C104417,45,Male,2,Post-Graduate,Unknown,PA,39096,No,No,No,Email,Self-employed,107752.0,3
C104418,55,Male,0,Uneducated,Single,NY,32579,No,No,No,Telephone,Retired,165301.0,1
C104419,67,Male,3,College,Single,TX,99173,Yes,Yes,No,Email,Unemployed,22800.0,2
C104420,36,Female,1,Graduate,Single,OH,56281,No,Yes,Yes,Email,Student,32591.0,3
C104421,67,Female,0,High School,Single,FL,96953,Yes,Yes,Yes,Cellular,Government,147913.0,3
C104422,69,Female,2,Uneducated,Single,CA,55548,Yes,No,Yes,Cellular,Government,120353.0,3
C104423,43,Male,4,Uneducated,Unknown,NC,48859,No,No,Yes,Telephone,Businessman,174964.0,1
C104424,60,Male,3,Post-Graduate,Single,PA,83940,Yes,Yes,No,Telephone,Student,113609.0,5
C104425,41,Female,1,College,Unknown,NC,81154,No,Yes,No,Telephone,Salaried,107356.0,2
C104426,49,Male,0,Post-Graduate,Single,TX,18576,No,No,No,Email,Government,154785.0,1
C104427,66,Female,2,Post-Graduate,Unknown,IL,95415,No,Yes,No,Email,Businessman,32990.0,2
C104428,56,Female,1,College,Married,NC,63601,Yes,Yes,Yes,Email,Self-employed,147157.0,4
C104429,30,Female,1,High School,Married,PA,99345,Yes,No,Yes,Email,Government,82806.0,3
C104430,40,Female,3,Post-Graduate,Unknown,NY,47805,Yes,Yes,No,Cellular,Salaried,159964.0,5
C104431,27,Male,3,Post-Graduate,Married,CA,25765,No,Yes,Yes,Telephone,Self-employed,27803.0,2
C104432,50,Female,0,Uneducated,Married,NC,53857,No,No,No,Cellular,Self-employed,101017.0,3
C104433,49,Male,0,College,Unknown,CA,91470,Yes,No,No,Cellular,Unemployed,163561.0,5
C104434,21,Female,1,Graduate,Single,IL,32061,No,No,Yes,Email,Student,112816.0,3
C104435,41,Female,2,High School,nan,CA,15503,Yes,No,No,Telephone,Student,126138.0,3
C104436,27,Female,1,High School,Unknown,IL,95361,Yes,Yes,Yes,Email,Retired,46751.0,5
C104437,64,Female,5,College,Divorced,IL,80479,Yes,Yes,Yes,Email,Government,98617.0,3
C104438,24,Male,2,Uneducated,Divorced,OH,49810,Yes,No,No,Telephone,Salaried,73933.0,4
C104439,59,Male,3,Uneducated,Married,OH,89092,No,No,Yes,Telephone,Student,161080.0,1
C104440,35,Male,2,College,Divorced,MI,24237,Yes,No,Yes,Cellular,Businessman,37285.0,2
C104441,54,Male,2,Uneducated,Married,CA,89624,No,Yes,No,Email,Self-employed,21105.0,5
C104442,22,Female,3,High School,Single,NC,69811,No,Yes,Yes,Email,Businessman,150674.0,1
C104443,57,Male,4,High School,Unknown,CA,71208,Yes,Yes,Yes,Email,Self-employed,122670.0,2
C104444,23,Male,5,Graduate,Single,IL,89388,Yes,No,Yes,Telephone,Businessman,72073.0,5
C104445,68,Female,1,College,Unknown,OH,51942,No,No,Yes,Email,Self-employed,37210.0,5
C104446,24,Male,0,Post-Graduate,Divorced,GA,85866,Yes,Yes,Yes,Email,Student,168125.0,4
C104447,67,Male,2,Post-Graduate,Single,NY,60897,No,Yes,Yes,Email,Businessman,25012.0,5
C104448,69,Male,0,Graduate,Single,CA,32246,No,No,No,Email,Government,46871.0,4
C104449,63,Male,5,Graduate,Married,FL,65814,No,No,Yes,Cellular,Government,54709.0,2
C104450,56,Female,0,Uneducated,Unknown,FL,30346,No,No,No,Telephone,Salaried,76830.0,3
C104451,47,Female,1,Graduate,Divorced,MI,24712,Yes,No,No,Cellular,Salaried,33807.0,4
C104452,24,Male,4,Graduate,Single,PA,31771,YES,No,No,Telephone,Unemployed,132333.0,3
C104453,56,Female,4,Post-Graduate,Unknown,CA,31542,Yes,No,No,Email,Retired,49907.0,3
C104454,39,Male,5,Uneducated,Divorced,CA,30930,No,No,No,Telephone,Salaried,30215.0,5
C104455,54,Male,5,Graduate,Single,TX,85199,Yes,No,No,Cellular,Businessman,38476.0,1
C104456,36,Male,4,Graduate,Unknown,IL,17200,No,Yes,Yes,Email,Self-employed,120340.0,3
C104457,65,Female,4,Uneducated,Married,PA,93738,No,Yes,Yes,Cellular,Retired,100322.0,1
C104458,60,Female,3,College,Single,IL,21487,No,Yes,No,Cellular,Salaried,63644.0,4
C104459,42,Female,0,Uneducated,Unknown,IL,90672,Yes,No,No,Cellular,Student,89929.0,3
C104460,52,Female,0,Post-Graduate,Divorced,NC,91059,Yes,Yes,No,Telephone,Government,83418.0,3
C104461,22,Female,5,College,Divorced,NY,14103,No,Yes,Yes,Cellular,Government,71318.0,3
C104462,37,Female,5,High School,Married,CA,17381,Yes,Yes,Yes,Telephone,Student,68425.0,1
C104463,43,Male,5,Uneducated,Single,PA,15040,No,No,No,Cellular,Government,35698.0,4
C104464,64,Female,3,Post-Graduate,Married,NC,16224,Yes,No,No,Cellular,Businessman,143866.0,1
C104465,66,Male,1,College,Unknown,OH,26721,Yes,No,No,Telephone,Unemployed,66608.0,2
C104466,32,Male,2,Uneducated,Divorced,GA,65250,Yes,Yes,No,Telephone,Student,145410.0,2
C104467,33,Female,4,Graduate,Married,IL,51319,No,Yes,No,Cellular,Unemployed,159501.0,5
C104468,30,Male,4,Uneducated,Single,MI,72935,Yes,No,No,Cellular,Businessman,34784.0,3
C104469,24,Male,3,High School,Unknown,FL,25683,Yes,Yes,Yes,Email,Retired,153090.0,2
C104470,27,Male,4,Uneducated,Single,PA,27571,No,Yes,Yes,Cellular,Unemployed,127211.0,2
C104471,22,Female,3,College,Married,TX,93667,Yes,No,Yes,Cellular,Government,115023.0,1
C104472,35,Female,2,College,Divorced,CA,49672,No,No,yes,Email,Student,125314.0,4
C104473,56,Male,0,Uneducated,Divorced,FL,88414,Yes,No,Yes,Cellular,Student,163401.0,3
C104474,29,Female,4,College,Married,NC,93203,No,No,Yes,Cellular,Retired,113250.0,3
C104475,44,Male,1,Graduate,Single,FL,57524,No,No,No,Telephone,Retired,170928.0,5
C104476,26,Female,3,Uneducated,Single,CA,38804,Yes,No,No,Telephone,Retired,72456.0,4
C104477,69,Male,5,Graduate,Single,FL,77082,No,No,No,Telephone,Student,90326.0,3
C104478,27,Male,2,Graduate,Single,OH,39408,No,No,No,Cellular,Government,24535.0,1
C104479,36,Female,1,Post-Graduate,Divorced,TX,73487,Yes,No,No,Telephone,Government,111853.0,3
C104480,37,Female,0,Uneducated,Single,MI,83199,Yes,No,Yes,Cellular,Government,131926.0,2
C104481,50,Female,1,College,Married,PA,75393,Yes,No,Yes,Email,Salaried,34953.0,3
C104482,28,Female,3,Graduate,Married,CA,24324,Yes,No,No,Telephone,Salaried,91455.0,2
C104483,23,Female,4,Post-Graduate,Married,FL,61249,No,Yes,No,Email,Unemployed,168101.0,4
C104484,45,Male,0,Uneducated,Married,TX,94907,No,No,Yes,Cellular,Self-employed,145527.0,2
C104485,49,Male,3,Uneducated,Single,CA,77578,Yes,Yes,Yes,Cellular,Unemployed,107321.0,4
C104486,41,Male,2,High School,Divorced,TX,72830,Yes,Yes,Yes,Email,Student,98617.0,5
C104487,26,Female,1,High School,Unknown,FL,31879,Yes,Yes,No,Email,Unemployed,22220.0,2
C104488,43,Female,1,Graduate,Single,IL,71099,Yes,No,No,Email,Government,115370.0,4
C104489,31,Male,0,High School,Unknown,PA,70150,No,No,No,Email,Student,152725.0,1
C104490,26,Male,0,Graduate,Divorced,NY,79990,No,No,No,Telephone,Retired,39015.0,4
C104491,47,Male,2,College,Single,NY,98240,No,No,Yes,Email,Businessman,137549.0,5
C104492,47,Male,2,Graduate,Unknown,PA,91114,No,Yes,Yes,Telephone,Businessman,72423.0,2
C104493,33,Female,0,High School,Divorced,IL,74158,No,Yes,No,Email,Government,161517.0,1
C104494,29,Male,3,College,Unknown,CA,10811,Yes,No,Yes,Email,Salaried,74998.0,4
C104495,28,Female,3,High School,Married,TX,49583,Yes,No,No,Telephone,Unemployed,111940.0,2
C104496,65,Male,0,Graduate,Married,IL,21558,No,No,Yes,Cellular,Self-employed,158529.0,5
C104497,47,Female,1,Post-Graduate,Divorced,NY,98723,No,No,No,Cellular,Unemployed,150258.0,3
C104498,52,Female,5,Uneducated,Divorced,CA,61863,Yes,Yes,No,Cellular,Salaried,69347.0,5
C104499,49,Female,4,High School,Unknown,NC,62398,No,No,Yes,Cellular,Student,93043.0,5
C104500,66,Female,2,Graduate,Divorced,IL,69177,No,Yes,Yes,Telephone,Salaried,87578.0,2
C104501,53,Male,3,College,Married,NY,21466,No,No,Yes,Cellular,Government,172279.0,2
C104502,25,Male,4,High School,Married,MI,66721,No,No,Yes,Telephone,Retired,63164.0,4
C104503,58,Male,1,High School,Single,FL,52420,Yes,No,Yes,Telephone,Retired,68545.0,1
C104504,29,Female,2,Uneducated,Unknown,TX,75432,No,No,No,Telephone,Salaried,27408.0,5
C104505,33,Male,3,Graduate,Divorced,OH,95479,No,No,No,Telephone,Businessman,74312.0,2
C104506,53,Male,3,Post-Graduate,Divorced,CA,28334,No,No,No,Telephone,Government,134478.0,2
C104507,45,Male,1,College,Divorced,MI,38538,No,Yes,Yes,Email,Unemployed,39218.0,5
C104508,45,Female,1,Graduate,Unknown,FL,89735,No,Yes,No,Telephone,Government,119670.0,4
C104509,26,Female,3,College,Married,OH,57631,Yes,No,Yes,Cellular,Unemployed,178382.0,2
C104510,59,Female,3,High School,Divorced,MI,56596,Yes,No,Yes,Telephone,Government,119550.0,3
C104511,30,Male,4,Uneducated,Divorced,IL,13832,Yes,No,Yes,Cellular,Salaried,95227.0,3
C104512,56,Male,1,Uneducated,Married,FL,86012,No,Yes,No,Telephone,Businessman,30508.0,1
C104513,68,Male,5,Post-Graduate,Divorced,FL,25924,No,No,No,Cellular,Salaried,73914.0,4
C104514,39,Female,1,Uneducated,Single,NY,19418,Yes,Yes,Yes,Telephone,Student,62457.0,5
C104515,31,Male,4,High School,Married,GA,21822,Yes,No,No,Email,Retired,32921.0,5
C104516,37,Female,1,Post-Graduate,Married,FL,36171,No,Yes,No,Cellular,Self-employed,39992.0,5
C104517,22,Female,0,Graduate,Married,NY,43966,No,Yes,Yes,Cellular,Self-employed,174053.0,3
C104518,27,Female,2,Uneducated,Single,NC,31024,Yes,No,Yes,Telephone,Retired,178958.0,5
C104519,61,Female,0,Post-Graduate,Married,MI,41893,No,No,No,Cellular,Self-employed,91144.0,1
C104520,51,Male,5,High School,Unknown,OH,35885,No,No,No,Telephone,Retired,41377.0,3
C104521,51,Male,1,College,Unknown,TX,71049,Yes,No,Yes,Email,Student,58353.0,2
C104522,66,Female,4,College,Unknown,OH,91671,No,No,No,Email,Student,113259.0,4
C104523,37,Male,3,High School,Married,CA,22253,No,Yes,No,Telephone,Student,48888.0,2
C104524,35,Female,1,High School,Married,CA,35343,No,No,No,Telephone,Businessman,53849.0,2
C104525,27,Male,3,College,Married,FL,77062,Yes,No,Yes,Email,Government,128698.0,4
C104526,50,Male,2,Post-Graduate,Single,FL,63938,No,Yes,Yes,Cellular,Retired,153479.0,4
C104527,59,Female,0,College,Unknown,FL,76471,No,Yes,Yes,Cellular,Unemployed,98626.0,5
C104528,34,Female,2,High School,Divorced,NC,43489,Yes,Yes,No,Cellular,Student,29712.0,5
C104529,51,Female,3,Uneducated,Divorced,PA,66004,No,No,Yes,Email,Self-employed,90732.0,1
C104530,29,Female,2,Graduate,Married,TX,16057,No,No,Yes,Telephone,Retired,105851.0,4
C104531,29,Male,3,Uneducated,Single,PA,74584,No,No,No,Email,nan,23148.0,4
C104532,69,Female,0,Uneducated,Married,NY,53097,Yes,Yes,No,Cellular,Unemployed,88128.0,2
C104533,22,Male,3,High School,Divorced,NY,81140,Yes,No,No,Telephone,Self-employed,170254.0,5
C104534,64,Female,0,College,Unknown,OH,57051,No,Yes,No,Telephone,Retired,-1000.0,1
C104535,42,Male,1,Post-Graduate,Divorced,TX,94012,Yes,No,Yes,Cellular,Retired,101672.0,5
C104536,36,Female,3,Uneducated,Unknown,OH,63608,Yes,Yes,Yes,Telephone,Salaried,52091.0,4
C104537,22,nan,2,College,Unknown,TX,11088,Yes,Yes,No,Cellular,Unemployed,22879.0,1
C104538,35,Male,4,Post-Graduate,Single,NY,71404,Yes,No,Yes,Email,Government,145409.0,5
C104539,26,Male,2,Uneducated,Divorced,FL,58039,Yes,Yes,Yes,Telephone,Student,126658.0,2
C104540,43,Female,5,Post-Graduate,Married,FL,32200,Yes,Yes,No,Cellular,Government,152524.0,5
C104541,48,Female,4,College,Single,TX,36198,Yes,No,No,Cellular,Student,41180.0,5
C104542,63,Female,2,Graduate,Unknown,NC,60061,Yes,No,No,Email,Self-employed,162064.0,1
C104543,37,Female,3,College,Divorced,PA,22164,Yes,Yes,Yes,Telephone,Government,85968.0,1
C104544,56,Male,1,High School,Married,IL,28716,No,No,Yes,Telephone,Government,41059.0,3
C104545,39,Male,5,Post-Graduate,Single,PA,74259,Yes,No,Yes,Telephone,Student,141544.0,4
C104546,25,Male,3,Graduate,Married,GA,50637,Yes,No,Yes,Telephone,Student,79122.0,2
C104547,43,Female,0,Post-Graduate,Divorced,IL,66966,No,Yes,Yes,Email,Unemployed,96324.0,5
C104548,64,Male,1,Post-Graduate,Married,FL,64576,No,Yes,Yes,Email,Government,50732.0,1
C104549,39,Male,5,Uneducated,Single,OH,89583,No,Yes,No,Telephone,Retired,114508.0,5
C104550,21,Female,3,High School,Married,IL,95560,No,Yes,No,Cellular,Student,134084.0,5
C104551,47,Female,1,Post-Graduate,Divorced,FL,23853,Yes,Yes,No,Telephone,Government,45089.0,5
C104552,63,Male,0,College,Single,IL,81368,Yes,Yes,No,Telephone,Salaried,65685.0,5
C104553,45,Female,5,College,Unknown,FL,27227,Yes,Yes,Yes,Cellular,Government,105131.0,2
C104554,26,Female,4,Uneducated,Single,GA,95449,No,No,No,Telephone,Businessman,41101.0,2
C104555,56,Female,5,High School,nan,GA,46127,Yes,No,No,Cellular,Government,173187.0,2
C104556,37,Female,1,High School,Married,CA,92753,Yes,Yes,No,Email,Unemployed,103753.0,2
C104557,32,Male,1,College,Unknown,TX,34647,No,Yes,No,Cellular,Unemployed,57178.0,3
C104558,45,Male,0,Graduate,Unknown,FL,24154,No,No,yes,Email,Retired,79598.0,1
C104559,30,Male,5,Uneducated,Married,NY,81817,No,Yes,Yes,Telephone,Salaried,38250.0,4
C104560,66,Male,3,Uneducated,Divorced,IL,93007,No,Yes,Yes,Cellular,Salaried,98617.0,4
C104561,59,Male,4,College,Single,GA,18781,No,Yes,No,Cellular,Retired,168065.0,1
C104562,44,Female,1,College,Divorced,NY,29227,Yes,No,No,Telephone,Unemployed,25405.0,4
C104563,31,Male,1,Graduate,Unknown,NC,14626,No,No,Yes,Email,Unemployed,126953.0,3
C104564,44,Male,1,Graduate,Single,OH,37536,No,No,No,Cellular,Self-employed,113279.0,1
C104565,23,Female,1,High School,Single,PA,20116,Yes,Yes,No,Cellular,Retired,91139.0,4
C104566,60,Female,5,Uneducated,Married,GA,53998,Yes,No,Yes,Telephone,Self-employed,138702.0,5
C104567,40,Female,0,Uneducated,Divorced,NY,52662,Yes,No,No,Email,Unemployed,135892.0,3
C104568,43,Male,1,College,Single,IL,31652,No,Yes,No,Telephone,Businessman,34779.0,4
C104569,25,Female,4,High School,Married,FL,78521,No,Yes,No,Cellular,Student,99135.0,3
C104570,56,Female,0,Uneducated,Divorced,GA,38188,Yes,Yes,No,Telephone,Student,111618.0,1
C104571,33,Female,5,High School,Unknown,CA,31313,Yes,Yes,No,Telephone,Salaried,130565.0,1
C104572,56,Male,1,High School,Unknown,TX,23674,No,No,No,Email,Salaried,149907.0,1
C104573,26,Female,5,College,Divorced,MI,76293,Yes,No,No,Email,Self-employed,32732.0,4
C104574,22,Female,4,High School,Single,GA,77521,Yes,Yes,No,Telephone,Unemployed,115867.0,2
C104575,49,Male,2,Graduate,Single,IL,54650,Yes,Yes,No,Telephone,Salaried,113890.0,3
C104576,25,Female,2,Graduate,Unknown,FL,84761,Yes,Yes,No,Telephone,Government,109728.0,4
C104577,35,Male,4,Post-Graduate,Unknown,PA,79334,No,Yes,Yes,Cellular,Government,55062.0,3
C104578,28,Male,1,nan,Single,IL,69337,No,Yes,Yes,Email,Businessman,132662.0,5
C104579,54,Female,1,Post-Graduate,Divorced,TX,24722,No,No,Yes,Cellular,Unemployed,19677.0,1
C104580,57,Male,0,Graduate,Unknown,IL,53214,Yes,Yes,Yes,Email,Government,48047.0,1
C104581,46,Female,1,Post-Graduate,Single,FL,44508,No,No,No,Email,Businessman,89176.0,2
C104582,29,Female,0,College,Divorced,CA,31533,No,Yes,Yes,Cellular,Self-employed,64346.0,1
C104583,28,Female,1,College,Married,CA,84960,Yes,No,Yes,Cellular,Government,113150.0,5
C104584,34,Female,5,High School,Divorced,OH,80960,Yes,Yes,Yes,Telephone,Businessman,149059.0,3
C104585,68,Male,3,Uneducated,Single,FL,35161,No,Yes,Yes,Email,Unemployed,157866.0,4
C104586,45,Female,3,High School,Divorced,CA,22083,Yes,No,Yes,Email,Student,94700.0,1
C104587,54,Female,4,College,Single,PA,22064,Yes,No,No,Email,Businessman,157436.0,4
C104588,23,Female,5,Graduate,Unknown,CA,52357,No,No,Yes,Telephone,Retired,133045.0,2
C104589,52,Male,3,Graduate,Married,GA,45220,No,No,No,Email,Unemployed,94533.0,1
C104590,56,Male,2,High School,Unknown,NC,71948,No,No,No,Email,Government,40522.0,2
C104591,67,Female,2,College,Unknown,TX,95621,Yes,No,No,Cellular,Businessman,80095.0,3
C104592,25,Male,0,Graduate,Single,OH,69635,Yes,No,No,Cellular,Retired,151720.0,3
C104593,35,Male,2,College,Single,IL,57338,Yes,No,Yes,Telephone,Self-employed,39463.0,5
C104594,48,Female,1,Graduate,Single,TX,83131,Yes,Yes,No,Email,Salaried,149752.0,1
C104595,38,Female,0,College,Single,IL,49380,Yes,Yes,No,Telephone,Student,173580.0,4
C104596,65,Female,5,Post-Graduate,Unknown,MI,78304,Yes,Yes,No,Cellular,Self-employed,132354.0,1
C104597,31,Female,3,College,Single,OH,66913,No,No,Yes,Email,Student,66182.0,3
C104598,30,Female,3,College,Single,OH,33650,No,No,No,Email,Student,102658.0,2
C104599,24,Male,2,High School,Unknown,NC,57515,Yes,Yes,Yes,Telephone,Retired,137316.0,5
C104600,40,Female,2,Post-Graduate,Married,GA,55436,No,No,Yes,Email,Businessman,121530.0,4
C104601,25,Female,1,Uneducated,Married,FL,99770,No,Yes,No,Email,Unemployed,106505.0,2
C104602,21,Female,3,High School,Divorced,IL,86905,No,No,No,Cellular,Salaried,56991.0,4
C104603,33,Female,2,Uneducated,Unknown,IL,89427,Yes,No,No,Telephone,Businessman,174392.0,5
C104604,66,Female,3,Graduate,Single,MI,89849,No,No,No,Cellular,Businessman,76286.0,5
C104605,42,Male,3,Uneducated,Divorced,NY,17645,No,No,Yes,Telephone,Government,130266.0,4
C104606,68,Female,2,College,Married,OH,90636,Yes,Yes,No,Cellular,Businessman,98828.0,3
C104607,33,Male,3,Uneducated,Married,OH,92003,Yes,Yes,Yes,Telephone,Salaried,158933.0,2
C104608,35,Female,2,High School,Unknown,NC,92453,Yes,Yes,Yes,Email,Self-employed,174900.0,2
C104609,29,Female,4,High School,Single,NC,15836,No,No,Yes,Email,Retired,129818.0,1
C104610,23,Female,2,Uneducated,Single,FL,59132,No,Yes,Yes,Telephone,Businessman,107755.0,2
C104611,22,Male,3,High School,Divorced,IL,35047,No,Yes,No,Telephone,Salaried,40185.0,3
C104612,32,Female,4,High School,Married,OH,16847,Yes,Yes,Yes,Telephone,Businessman,41987.0,3
C104613,44,Female,3,Uneducated,Divorced,MI,86736,Yes,Yes,Yes,Telephone,Retired,130394.0,4
C104614,38,Female,3,Post-Graduate,Divorced,OH,90695,Yes,Yes,No,Email,Student,155925.0,1
C104615,56,Female,4,Post-Graduate,Divorced,MI,87324,No,Yes,No,Telephone,Retired,124407.0,2
C104616,45,Female,5,Graduate,Single,GA,38546,No,No,No,Email,Businessman,116124.0,2
C104617,35,Female,1,High School,Married,GA,49867,No,No,No,Email,Government,39247.0,5
C104618,21,Female,4,Uneducated,Divorced,NY,61998,Yes,No,Yes,Telephone,Student,94848.0,4
C104619,28,Male,5,High School,Married,NC,97308,Yes,No,Yes,Email,Salaried,72410.0,1
C104620,69,Female,5,College,Married,FL,38538,No,Yes,Yes,Telephone,Retired,148368.0,3
C104621,57,Female,3,High School,Divorced,CA,16393,No,Yes,Yes,Email,Businessman,161864.0,2
C104622,27,Female,3,High School,Divorced,CA,86158,No,No,Yes,Telephone,Unemployed,133373.0,2
C104623,55,Male,1,Post-Graduate,Unknown,IL,12694,Yes,Yes,Yes,Telephone,Student,100587.0,5
C104624,58,Male,4,Uneducated,Single,OH,89624,No,Yes,No,Cellular,Student,116975.0,5
C104625,65,Female,2,High School,Married,IL,37791,Yes,Yes,No,Cellular,Self-employed,57156.0,2
C104626,36,Male,3,Post-Graduate,Divorced,TX,82199,No,No,Yes,Telephone,Student,108363.0,2
C104627,37,Female,4,Graduate,Divorced,OH,89069,No,Yes,Yes,Cellular,Retired,51142.0,5
C104628,58,Female,0,Post-Graduate,Married,CA,24394,No,No,Yes,Email,Salaried,112193.0,3
C104629,50,Male,3,Post-Graduate,Divorced,CA,99533,No,No,Yes,Telephone,Unemployed,60069.0,2
C104630,57,Female,2,Post-Graduate,Unknown,NY,53660,No,Yes,Yes,Telephone,Businessman,68831.0,4
C104631,38,Male,3,High School,Married,CA,60288,No,No,No,Telephone,Retired,68942.0,2
C104632,56,Male,5,High School,Divorced,NC,29993,No,No,No,Cellular,Student,39171.0,4
C104633,32,Male,4,Graduate,Married,FL,48547,No,No,No,Cellular,Unemployed,120499.0,5
C104634,48,Female,1,College,Divorced,OH,51770,No,No,Yes,Email,Salaried,91416.0,3
C104635,68,Female,0,College,Divorced,IL,94215,No,No,Yes,Cellular,Self-employed,60219.0,1
C104636,31,Female,2,College,Single,OH,26908,Yes,Yes,No,Cellular,Businessman,86445.0,1
C104637,63,Female,3,Graduate,Married,OH,33329,Yes,Yes,Yes,Email,Government,102157.0,1
C104638,26,Female,2,College,Single,CA,26804,No,No,Yes,Telephone,Student,27884.0,5
C104639,46,Female,1,College,Divorced,CA,75668,No,No,Yes,Telephone,Student,139598.0,5
C104640,36,Female,0,Post-Graduate,Married,TX,71923,Yes,No,Yes,Email,Self-employed,148258.0,2
C104641,58,Male,2,High School,Married,MI,99522,Yes,No,No,Cellular,Salaried,94277.0,3
C104642,29,Female,4,High School,Unknown,NY,16262,Yes,No,Yes,Email,Self-employed,18377.0,3
C104643,38,Female,4,Post-Graduate,Unknown,OH,55426,No,No,No,Email,Salaried,61995.0,2
C104644,53,Female,2,Post-Graduate,Divorced,TX,31000,No,No,Yes,Telephone,Businessman,112056.0,3
C104645,39,Male,0,Post-Graduate,Divorced,OH,80279,No,Yes,No,Cellular,Student,59496.0,3
C104646,29,Male,3,High School,Divorced,NC,79480,No,No,No,Telephone,Government,88102.0,2
C104647,66,Male,4,College,Divorced,CA,89257,Yes,Yes,Yes,Telephone,Self-employed,98617.0,5
C104648,64,Female,3,Post-Graduate,Unknown,TX,81314,Yes,Yes,No,Email,Retired,113876.0,1
C104649,62,Male,3,Graduate,Married,PA,47131,Yes,No,No,Telephone,Government,151748.0,2
C104650,29,Male,2,Post-Graduate,Single,NC,15342,Yes,Yes,No,Telephone,Government,165936.0,2
C104651,45,Female,4,Uneducated,Married,IL,97453,No,No,No,Telephone,Student,94918.0,1
C104652,25,Female,2,Post-Graduate,Married,TX,12647,Yes,Yes,No,Cellular,Student,173259.0,1
C104653,43,Female,1,High School,Unknown,GA,40975,Yes,Yes,Yes,Cellular,Unemployed,77012.0,4
C104654,62,Male,3,Post-Graduate,Married,IL,63858,No,No,No,Telephone,Unemployed,71315.0,4
C104655,54,Female,0,Uneducated,Married,PA,80099,No,Yes,Yes,Email,Retired,174068.0,4
C104656,58,Female,5,Graduate,Divorced,NY,12566,No,Yes,No,Email,Government,102696.0,5
C104657,42,Female,3,College,Single,FL,47097,Yes,Yes,No,Telephone,Businessman,162415.0,2
C104658,25,Female,0,Post-Graduate,Married,CA,97055,Yes,Yes,Yes,Cellular,Retired,170333.0,4
C104659,21,Female,2,Uneducated,Married,FL,69721,No,No,No,Email,Government,55338.0,5
C104660,46,Female,4,Uneducated,Single,CA,95533,No,Yes,No,Email,Salaried,152334.0,1
C104661,38,Male,3,Graduate,Divorced,FL,52176,No,No,No,Cellular,Retired,110445.0,4
C104662,46,Female,1,High School,Unknown,NY,61946,No,No,Yes,Cellular,Unemployed,65308.0,2
C104663,35,Male,3,Post-Graduate,Unknown,PA,32743,Yes,No,Yes,Email,Salaried,67631.0,3
C104664,22,Male,0,Uneducated,Married,PA,58760,No,No,yes,Telephone,Salaried,42820.0,5
C104665,35,Female,0,nan,Divorced,GA,12189,Yes,Yes,Yes,Email,Salaried,104698.0,5
C104666,31,Male,0,College,Unknown,NC,15588,No,Yes,No,Cellular,Self-employed,66412.0,1
C104667,65,Male,4,Uneducated,Unknown,GA,14921,No,Yes,Yes,Cellular,Unemployed,98251.0,1
C104668,40,Male,1,Graduate,Unknown,CA,84752,Yes,Yes,Yes,Cellular,Businessman,91293.0,1
C104669,67,Female,1,nan,Unknown,TX,69345,No,No,Yes,Cellular,Self-employed,76569.0,4
C104670,62,Male,0,High School,Unknown,PA,53733,No,No,No,Telephone,Self-employed,79382.0,1
C104671,37,Male,1,Uneducated,Married,CA,56620,No,Yes,Yes,Email,Salaried,168514.0,3
C104672,25,Male,1,Uneducated,Unknown,GA,71278,Yes,No,No,Cellular,Businessman,124999.0,5
C104673,53,Male,2,Post-Graduate,Married,PA,28557,Yes,No,Yes,Cellular,Unemployed,64714.0,5
C104674,64,Female,5,Graduate,Single,CA,35457,No,No,No,Cellular,Businessman,174761.0,1
C104675,45,Female,1,Uneducated,Single,MI,17425,No,No,No,Email,Government,149710.0,2
C104676,27,Male,5,Post-Graduate,Divorced,NY,99041,Yes,No,Yes,Cellular,Retired,51208.0,5
C104677,54,Female,0,Post-Graduate,Married,PA,69736,Yes,No,Yes,Email,Self-employed,36075.0,4
C104678,35,Female,4,Uneducated,Divorced,MI,76723,Yes,No,No,Telephone,Retired,161469.0,2
C104679,33,Male,5,High School,Single,GA,23604,No,No,No,Cellular,Retired,104518.0,2
C104680,52,Female,2,Graduate,Single,IL,13598,No,No,Yes,Telephone,Businessman,77818.0,3
C104681,59,Female,1,Graduate,Single,CA,18376,No,Yes,Yes,Email,Unemployed,80006.0,1
C104682,34,Male,2,High School,Single,MI,10908,No,Yes,No,Telephone,Student,35402.0,4
C104683,40,Male,3,Uneducated,Unknown,NY,15735,Yes,No,No,Cellular,Retired,48656.0,2
C104684,36,Female,2,Graduate,Single,FL,14238,Yes,Yes,No,Telephone,Self-employed,55786.0,2
C104685,50,Female,5,Uneducated,Unknown,FL,64462,Yes,No,No,Telephone,Retired,29904.0,1
C104686,61,Female,2,Uneducated,Unknown,OH,67974,No,No,Yes,Telephone,Businessman,22617.0,4
C104687,39,Female,2,Post-Graduate,Divorced,NY,71145,Yes,Yes,Yes,Telephone,Student,137677.0,1
C104688,42,Male,1,High School,Unknown,OH,31014,No,Yes,Yes,Telephone,Retired,152698.0,4
C104689,57,Male,2,Uneducated,Divorced,OH,92545,Yes,No,Yes,Email,Student,90072.0,1
C104690,30,Male,5,College,Unknown,OH,66933,No,No,Yes,Email,Student,122258.0,1
C104691,28,Male,4,High School,Unknown,TX,58715,No,Yes,Yes,Cellular,Salaried,82796.0,1
C104692,49,Male,1,Graduate,Single,PA,16494,Yes,No,No,Email,Unemployed,114593.0,3
C104693,34,Female,0,Post-Graduate,Married,PA,94822,Yes,Yes,Yes,Email,Unemployed,70278.0,1
C104694,31,Female,3,Graduate,Unknown,FL,31007,Yes,No,No,Cellular,Unemployed,145516.0,2
C104695,50,Male,0,Graduate,Married,CA,66981,Yes,No,Yes,Email,Government,175047.0,3
C104696,53,Male,1,High School,Married,NC,92031,Yes,Yes,Yes,Cellular,Retired,98621.0,1
C104697,62,Male,0,Graduate,Married,NY,15721,Yes,No,No,Cellular,Retired,101905.0,4
C104698,54,Female,3,Uneducated,Unknown,NC,57351,No,Yes,Yes,Email,Government,43126.0,5
C104699,59,Female,5,Graduate,Married,GA,87645,Yes,No,No,Telephone,Businessman,98617.0,3
C104700,69,Female,5,Post-Graduate,Unknown,CA,18305,No,Yes,No,Cellular,Unemployed,94027.0,4
C104701,57,Male,2,Post-Graduate,Single,OH,20706,No,No,No,Telephone,Businessman,155713.0,3
C104702,62,Male,0,College,Unknown,MI,43597,No,Yes,Yes,Cellular,Retired,146783.0,4
C104703,57,Male,5,Post-Graduate,Divorced,TX,49155,Yes,Yes,No,Email,Unemployed,174572.0,2
C104704,25,Male,1,Graduate,Single,MI,18648,Yes,Yes,No,Telephone,Retired,69955.0,4
C104705,61,Male,4,Post-Graduate,Married,MI,78516,Yes,Yes,No,Cellular,Government,174811.0,2
C104706,63,Female,3,High School,Married,NC,28615,Yes,Yes,No,Email,Student,163420.0,4
C104707,67,Male,0,Post-Graduate,Divorced,IL,15445,Yes,Yes,No,Telephone,Businessman,31191.0,3
C104708,25,Female,4,Uneducated,Single,TX,68952,Yes,No,Yes,Email,Retired,99517.0,5
C104709,37,Female,3,High School,Divorced,GA,91570,No,Yes,Yes,Email,nan,68980.0,3
C104710,39,Female,0,College,Married,TX,86539,No,No,Yes,Telephone,Unemployed,157939.0,2
C104711,66,Female,1,Uneducated,Unknown,OH,94606,No,No,No,Cellular,Salaried,88670.0,4
C104712,46,Female,4,Graduate,Married,OH,60417,No,Yes,Yes,Cellular,Government,142653.0,4
C104713,22,Male,5,Graduate,Divorced,OH,35209,No,No,Yes,Email,Businessman,126292.0,4
C104714,34,Male,4,Graduate,Unknown,CA,90977,Yes,No,No,Cellular,Businessman,163934.0,5
C104715,48,Male,0,Uneducated,Unknown,IL,52831,YES,Yes,No,Telephone,Retired,41651.0,3
C104716,24,Female,0,Uneducated,Married,CA,73647,No,Yes,Yes,Telephone,Retired,142629.0,3
C104717,23,Female,1,Uneducated,Unknown,OH,31910,No,Yes,Yes,Email,Unemployed,118996.0,4
C104718,35,Female,1,High School,Single,GA,50135,No,Yes,Yes,Email,Student,81317.0,4
C104719,42,Female,2,High School,Married,OH,31506,Yes,No,No,Telephone,Businessman,132772.0,4
C104720,68,Female,0,Graduate,Married,CA,85087,Yes,Yes,Yes,Telephone,Government,119997.0,3
C104721,62,Female,1,Post-Graduate,Single,TX,41766,Yes,Yes,Yes,Email,Businessman,133903.0,5
C104722,39,Male,0,Graduate,Married,MI,78078,Yes,Yes,Yes,Email,Retired,134379.0,4
C104723,54,Female,1,College,Divorced,TX,22454,Yes,No,Yes,Telephone,Businessman,31531.0,4
C104724,30,Female,3,High School,Divorced,OH,18309,Yes,No,No,Email,Salaried,111776.0,5
C104725,54,Male,1,Uneducated,Married,FL,59001,Yes,Yes,Yes,Cellular,Government,22434.0,5
C104726,36,Female,1,High School,Single,TX,12391,No,Yes,No,Telephone,Self-employed,86385.0,4
C104727,57,Male,3,Uneducated,Unknown,PA,75825,No,Yes,Yes,Telephone,Government,124222.0,2
C104728,56,Male,3,College,Single,MI,34914,Yes,No,No,Email,Government,132208.0,5
C104729,69,Male,5,College,Divorced,PA,68220,No,No,Yes,Email,Retired,96958.0,5
C104730,65,Female,2,High School,Married,MI,17303,Yes,No,Yes,Telephone,Self-employed,156127.0,3
C104731,42,Male,1,Uneducated,Single,IL,17896,No,No,No,Email,Unemployed,95244.0,1
C104732,52,Male,3,College,Unknown,PA,44059,Yes,Yes,Yes,Cellular,Retired,73389.0,4
C104733,64,Female,2,Graduate,Unknown,TX,66978,Yes,No,Yes,Email,Self-employed,33674.0,1
C104734,37,Male,2,Graduate,Unknown,MI,99473,No,Yes,No,Telephone,Salaried,114383.0,1
C104735,29,Female,0,Uneducated,Unknown,IL,59085,Yes,Yes,No,Email,Student,22213.0,4
C104736,53,Female,3,High School,Single,NC,31625,No,Yes,No,Telephone,Government,28494.0,3
C104737,53,Male,4,College,Unknown,FL,77573,Yes,Yes,Yes,Cellular,Government,75748.0,5
C104738,22,Female,3,High School,Divorced,NY,47121,No,No,Yes,Telephone,Government,153213.0,3
C104739,34,Female,3,Graduate,Unknown,IL,35371,Yes,Yes,No,Cellular,Government,36932.0,3
C104740,57,Male,2,College,Divorced,TX,83975,No,No,No,Cellular,Salaried,147278.0,4
C104741,53,Male,5,High School,Single,TX,66284,Yes,No,No,Cellular,Government,79936.0,2
C104742,21,Male,3,Post-Graduate,Divorced,FL,99932,No,No,Yes,Cellular,Self-employed,44487.0,5
C104743,67,Male,3,Uneducated,Single,FL,50256,No,Yes,Yes,Cellular,Self-employed,145097.0,5
C104744,42,Female,5,Uneducated,Unknown,IL,56641,No,Yes,No,Email,Businessman,125393.0,4
C104745,50,Male,2,Post-Graduate,Married,OH,98945,No,Yes,No,Cellular,Salaried,73765.0,2
C104746,47,Male,2,Graduate,Divorced,FL,15063,Yes,Yes,No,Email,Businessman,162070.0,2
C104747,53,Male,0,College,Divorced,OH,99850,No,Yes,No,Email,Government,74243.0,1
C104748,36,Female,0,Uneducated,Married,NC,58291,Yes,No,Yes,Email,Unemployed,114872.0,1
C104749,30,Female,3,Post-Graduate,Single,TX,28361,Yes,Yes,No,Telephone,Salaried,121100.0,3
C104750,47,nan,3,Post-Graduate,Single,IL,63417,Yes,No,No,Telephone,Unemployed,111523.0,5
C104751,57,Female,5,Graduate,Unknown,FL,13664,Yes,No,Yes,Cellular,Salaried,56297.0,5
C104752,22,Female,1,Graduate,Divorced,NC,28888,Yes,No,No,Email,Student,98974.0,5
C104753,50,Male,4,High School,Single,IL,20992,Yes,No,No,Telephone,Student,101944.0,3
C104754,66,Female,1,Uneducated,Unknown,MI,40052,Yes,Yes,Yes,Email,Unemployed,179885.0,2
C104755,63,Female,1,High School,Single,NY,82815,Yes,Yes,No,Telephone,Businessman,165211.0,2
C104756,39,Female,3,Post-Graduate,Married,MI,49516,No,Yes,No,Email,Businessman,93902.0,5
C104757,39,Male,2,College,Married,CA,24627,No,No,No,Telephone,Self-employed,144081.0,2
C104758,55,Male,2,College,Married,OH,51647,Yes,No,Yes,Cellular,Unemployed,151833.0,5
C104759,31,Female,4,Graduate,Unknown,CA,49198,No,No,No,Cellular,Self-employed,111274.0,2
C104760,52,Male,2,College,Divorced,GA,76292,No,No,Yes,Cellular,Retired,158663.0,4
C104761,36,Female,3,College,Married,NC,12057,YES,No,Yes,Email,Unemployed,67172.0,1
C104762,37,Male,5,College,Married,OH,90961,No,No,Yes,Cellular,Retired,168582.0,4
C104763,49,Male,2,Post-Graduate,Single,NC,24673,No,Yes,No,Cellular,Unemployed,68063.0,1
C104764,40,Female,5,College,Married,MI,70078,No,No,Yes,Telephone,Retired,109172.0,2
C104765,56,Male,0,College,Divorced,PA,42384,Yes,Yes,Yes,Telephone,Self-employed,113317.0,4
C104766,67,Female,4,College,Unknown,OH,23590,Yes,Yes,No,Telephone,Salaried,26872.0,5
C104767,44,nan,2,High School,Married,TX,95338,No,Yes,Yes,Cellular,Government,24421.0,4
C104768,63,Female,2,Post-Graduate,Unknown,NC,89246,Yes,No,Yes,Telephone,Businessman,80000.0,2
C104769,68,Male,0,Graduate,Unknown,TX,95209,Yes,Yes,Yes,Telephone,Self-employed,63008.0,2
C104770,24,Male,1,High School,Divorced,PA,79103,No,Yes,No,Cellular,Unemployed,59616.0,1
C104771,25,Female,3,Uneducated,Single,FL,97443,No,No,Yes,Telephone,Salaried,169961.0,4
C104772,39,Female,2,Post-Graduate,Single,NC,31811,No,Yes,Yes,Email,Student,86708.0,2
C104773,68,Male,5,Post-Graduate,Unknown,CA,58156,No,Yes,No,Telephone,Government,150517.0,4
C104774,44,Female,0,Uneducated,Married,NC,32811,Yes,No,No,Email,Student,71032.0,3
C104775,68,Male,0,Uneducated,Unknown,FL,20748,Yes,No,Yes,Telephone,Retired,80076.0,2
C104776,21,Male,1,Uneducated,Single,MI,70151,Yes,No,No,Telephone,Unemployed,68281.0,1
C104777,55,Male,5,Graduate,Married,IL,12198,Yes,Yes,Yes,Email,Student,69010.0,1
C104778,22,Female,5,College,Single,CA,58281,Yes,Yes,No,Cellular,Unemployed,171203.0,5
C104779,30,Female,2,Post-Graduate,Divorced,CA,45806,Yes,No,Yes,Email,Government,134296.0,2
C104780,26,Male,1,College,Single,PA,99875,Yes,Yes,No,Cellular,Salaried,134114.0,5
C104781,60,Female,4,College,Married,MI,64183,Yes,No,Yes,Telephone,Unemployed,91741.0,1
C104782,58,Female,0,Uneducated,Married,CA,46103,Yes,No,Yes,Cellular,Student,71735.0,2
C104783,40,Male,3,Graduate,Unknown,NY,32406,No,No,No,Cellular,Salaried,54977.0,3
C104784,39,Male,0,High School,Married,TX,99737,Yes,Yes,No,Email,Student,29493.0,4
C104785,68,Female,1,Graduate,Divorced,OH,58758,Yes,Yes,No,Cellular,Self-employed,80529.0,2
C104786,56,Male,3,College,Single,NY,94882,Yes,Yes,No,Cellular,Unemployed,161013.0,5
C104787,68,Female,3,Graduate,Unknown,IL,56495,No,No,No,Email,Retired,61562.0,2
C104788,49,Male,0,Uneducated,Unknown,NC,73294,No,No,Yes,Cellular,Government,140075.0,1
C104789,61,Male,3,High School,Married,MI,49229,Yes,Yes,Yes,Cellular,Businessman,112844.0,1
C104790,44,Female,2,Uneducated,Divorced,GA,36798,Yes,Yes,No,Email,Government,119909.0,1
C104791,29,Female,0,High School,Unknown,GA,43013,No,Yes,Yes,Email,Student,130191.0,4
C104792,52,Female,1,College,Divorced,NY,47343,Yes,No,Yes,Email,Student,86089.0,2
C104793,60,Female,4,High School,Divorced,CA,61222,No,No,No,Cellular,Retired,19580.0,1
C104794,25,Female,1,High School,Single,NC,73285,Yes,Yes,Yes,Telephone,Unemployed,88117.0,1
C104795,41,Male,2,High School,Single,MI,59429,No,Yes,No,Email,Self-employed,128865.0,3
C104796,37,Male,4,Graduate,Single,FL,15021,No,Yes,Yes,Email,Self-employed,36942.0,1
C104797,44,Female,4,Graduate,Divorced,NC,29541,Yes,Yes,Yes,Cellular,Government,76350.0,5
C104798,47,Male,5,College,Single,OH,22341,No,No,No,Telephone,Businessman,34394.0,1
C104799,68,Female,1,High School,Unknown,PA,55911,No,Yes,Yes,Telephone,Retired,98617.0,5
C104800,38,Male,0,Post-Graduate,Unknown,MI,96440,No,Yes,No,Cellular,Government,55307.0,4
C104801,42,Male,0,College,Married,NC,98044,Yes,No,Yes,Email,Businessman,22024.0,4
C104802,26,Female,4,High School,Divorced,MI,69351,Yes,No,Yes,Cellular,Salaried,31934.0,2
C104803,48,Female,1,High School,Single,FL,23394,No,Yes,Yes,Telephone,Student,23531.0,3
C104804,62,Female,1,Graduate,Unknown,CA,47435,No,No,No,Email,Salaried,126038.0,2
C104805,40,Male,0,College,Divorced,IL,68199,Yes,Yes,No,Telephone,Government,22191.0,1
C104806,36,Female,5,High School,Divorced,PA,76305,Yes,Yes,Yes,Telephone,Businessman,73237.0,4
C104807,39,Female,2,High School,Single,PA,19715,Yes,Yes,No,Telephone,Businessman,33762.0,5
C104808,28,Female,0,College,Divorced,CA,29628,No,No,No,Telephone,Salaried,24670.0,2
C104809,38,Female,0,Post-Graduate,Single,OH,81738,Yes,Yes,No,Email,Self-employed,136061.0,4
C104810,57,Female,2,College,Single,GA,53190,Yes,Yes,Yes,Email,Self-employed,152255.0,5
C104811,65,Female,0,College,Single,IL,34457,Yes,No,No,Email,Retired,138795.0,5
C104812,67,Male,4,Post-Graduate,Divorced,NY,15913,Yes,No,No,Cellular,Salaried,104551.0,1
C104813,51,Male,4,College,Divorced,NY,88758,No,No,No,Email,Self-employed,67205.0,2
C104814,58,Male,4,High School,Single,IL,80118,No,Yes,No,Telephone,Businessman,119044.0,5
C104815,22,Male,5,College,Divorced,OH,79639,Yes,Yes,No,Telephone,Government,158521.0,4
C104816,52,Female,4,Post-Graduate,Single,OH,35006,No,Yes,No,Email,Self-employed,54599.0,2
C104817,35,Female,5,Uneducated,Married,FL,19552,Yes,Yes,No,Email,Retired,141077.0,1
C104818,31,Male,4,College,Divorced,TX,12678,No,Yes,No,Cellular,Businessman,98617.0,1
C104819,25,Male,1,Graduate,Divorced,NC,54579,Yes,No,No,Email,Retired,161619.0,4
C104820,62,Male,1,High School,Married,OH,72459,Yes,No,No,Cellular,Unemployed,171761.0,5
C104821,49,Female,2,High School,Married,NY,95949,No,Yes,Yes,Email,Government,55042.0,1
C104822,40,Female,5,Graduate,Married,CA,86801,Yes,Yes,Yes,Cellular,Businessman,94006.0,1
C104823,40,Female,3,Graduate,Single,NY,21668,Yes,Yes,Yes,Email,Unemployed,93546.0,5
C104824,38,Male,4,College,Single,TX,17921,No,Yes,Yes,Email,Unemployed,102718.0,5
C104825,32,Male,3,Graduate,Unknown,IL,64714,Yes,Yes,Yes,Email,Unemployed,64991.0,5
C104826,69,Male,3,Uneducated,Married,TX,21995,No,Yes,No,Cellular,Student,165039.0,3
C104827,37,Male,4,Post-Graduate,Unknown,MI,67281,Yes,Yes,No,Telephone,Unemployed,29560.0,3
C104828,24,Male,0,Graduate,Single,NC,40501,Yes,Yes,No,Cellular,Government,108978.0,5
C104829,39,Female,2,Graduate,Divorced,MI,97448,No,No,No,Email,Student,177812.0,5
C104830,43,Female,5,Uneducated,Married,FL,28033,No,No,Yes,Telephone,Unemployed,103398.0,4
C104831,47,Female,3,High School,Divorced,OH,50581,Yes,Yes,Yes,Cellular,Self-employed,174845.0,1
C104832,62,Female,0,High School,Single,FL,70957,Yes,Yes,No,Cellular,Retired,54734.0,2
C104833,66,Female,0,College,Married,TX,41383,No,Yes,No,Telephone,Self-employed,158851.0,3
C104834,65,Male,4,Uneducated,Unknown,MI,82670,No,No,Yes,Email,Businessman,21104.0,3
C104835,34,Female,2,Post-Graduate,Unknown,CA,75247,Yes,No,No,Telephone,Salaried,67130.0,5
C104836,24,Male,4,Post-Graduate,Single,NC,61096,Yes,Yes,No,Email,Businessman,62194.0,5
C104837,24,Female,2,Uneducated,Divorced,CA,58206,Yes,Yes,Yes,Telephone,Unemployed,175417.0,5
C104838,44,Male,4,Post-Graduate,Single,CA,16269,No,Yes,No,Cellular,Retired,161592.0,2
C104839,43,Male,2,High School,Divorced,CA,45659,Yes,Yes,No,Cellular,Retired,159797.0,3
C104840,56,Male,1,Post-Graduate,Single,IL,50769,No,Yes,No,Cellular,Retired,132489.0,2
C104841,31,Male,0,Post-Graduate,Unknown,OH,99772,Yes,No,Yes,Email,Student,51493.0,1
C104842,53,Male,5,Uneducated,Divorced,OH,25258,No,Yes,Yes,Email,Retired,147653.0,2
C104843,58,Male,0,Uneducated,Single,MI,84936,Yes,Yes,Yes,Telephone,Government,148145.0,4
C104844,25,Female,0,Post-Graduate,Married,CA,13604,No,No,Yes,Email,Salaried,136531.0,3
C104845,47,Male,2,Graduate,Unknown,PA,97073,No,Yes,Yes,Email,Businessman,24024.0,2
C104846,57,Male,0,Uneducated,Unknown,NC,42175,Yes,No,Yes,Telephone,Student,109485.0,3
C104847,47,Female,1,College,Married,PA,19718,No,No,Yes,Email,Student,67021.0,5
C104848,51,Male,1,College,Single,FL,18877,No,No,No,Telephone,Self-employed,99595.0,2
C104849,32,Female,3,High School,Divorced,MI,35297,No,Yes,Yes,Email,Businessman,91138.0,3
C104850,67,Female,0,Post-Graduate,Unknown,NC,77340,Yes,No,No,Email,Businessman,64408.0,2
C104851,26,Male,4,Graduate,Single,TX,20552,Yes,No,Yes,Cellular,Retired,103150.0,2
C104852,32,Male,4,nan,Married,MI,22611,Yes,No,No,Email,Unemployed,42992.0,2
C104853,34,Female,4,Post-Graduate,Divorced,FL,49830,Yes,Yes,No,Telephone,Retired,119360.0,4
C104854,42,Male,5,Uneducated,Single,FL,97974,No,No,Yes,Telephone,Student,123146.0,4
C104855,31,Female,1,College,Single,FL,65125,No,No,No,Cellular,Businessman,40238.0,2
C104856,60,Male,3,Graduate,Unknown,PA,36339,Yes,Yes,Yes,Telephone,Retired,171426.0,2
C104857,59,Female,5,College,Unknown,OH,37500,No,Yes,No,Cellular,Unemployed,34773.0,3
C104858,58,Male,3,Uneducated,Divorced,NC,64155,No,No,No,Email,Self-employed,40957.0,5
C104859,33,Male,1,Post-Graduate,Single,TX,98593,Yes,No,No,Cellular,Salaried,172366.0,1
C104860,26,Female,3,Uneducated,Married,GA,32123,Yes,No,Yes,Email,Student,103162.0,5
C104861,40,Female,4,Uneducated,Married,GA,25757,No,Yes,No,Telephone,Self-employed,174525.0,3
C104862,22,Female,4,College,Divorced,CA,46061,Yes,Yes,No,Cellular,Self-employed,86553.0,4
C104863,31,Female,1,Graduate,Single,IL,41572,No,Yes,Yes,Telephone,Government,29760.0,3
C104864,28,Male,4,Uneducated,Unknown,MI,74806,No,Yes,Yes,Telephone,Salaried,97193.0,3
C104865,50,Female,2,College,Single,IL,76865,Yes,Yes,No,Telephone,Self-employed,20819.0,1
C104866,47,Female,4,Graduate,Unknown,GA,72563,Yes,No,Yes,Telephone,Government,150210.0,5
C104867,24,Male,0,Post-Graduate,Married,GA,25591,No,No,Yes,Telephone,Government,45450.0,4
C104868,27,Male,1,Post-Graduate,Divorced,NY,18001,Yes,Yes,Yes,Cellular,Businessman,173696.0,3
C104869,67,Female,1,High School,Divorced,TX,69186,No,No,Yes,Telephone,Retired,89812.0,1
C104870,44,Male,3,College,Divorced,NY,10525,No,Yes,No,Cellular,Self-employed,27415.0,3
C104871,52,Female,3,Graduate,Unknown,CA,66155,Yes,No,Yes,Cellular,Student,85776.0,3
C104872,39,Male,3,Uneducated,Married,NY,79844,Yes,No,No,Cellular,Businessman,147729.0,5
C104873,62,Female,0,Post-Graduate,Married,MI,25388,Yes,Yes,Yes,Telephone,Salaried,133277.0,5
C104874,55,Male,4,Graduate,Divorced,PA,61014,Yes,No,Yes,Telephone,Retired,149020.0,1
C104875,62,Female,1,College,Divorced,CA,57022,No,No,Yes,Cellular,Student,123387.0,3
C104876,23,Female,4,High School,Unknown,PA,43070,Yes,No,No,Telephone,Student,60609.0,3
C104877,38,Male,3,Post-Graduate,Unknown,CA,12697,Yes,No,No,Cellular,Government,53513.0,3
C104878,57,Male,1,Graduate,Single,NY,98510,Yes,No,No,Telephone,Self-employed,158614.0,2
C104879,42,Female,3,Graduate,Unknown,GA,52657,No,Yes,No,Telephone,Government,23897.0,2
C104880,53,Female,5,Graduate,Single,PA,82196,Yes,No,Yes,Cellular,Government,179240.0,3
C104881,58,Male,0,College,Divorced,NC,15517,Yes,Yes,No,Telephone,Self-employed,113833.0,5
C104882,59,Male,1,College,Married,CA,90948,Yes,No,Yes,Cellular,Self-employed,94227.0,1
C104883,54,Male,3,College,Unknown,IL,54334,Yes,Yes,No,Cellular,Unemployed,97815.0,5
C104884,69,Male,3,Uneducated,Married,OH,61673,Yes,Yes,Yes,Telephone,Self-employed,147575.0,1
C104885,43,Male,5,Graduate,Unknown,NC,28305,No,Yes,No,Telephone,Government,32172.0,4
C104886,55,Male,3,Post-Graduate,Unknown,NC,96378,No,No,Yes,Cellular,Retired,93354.0,3
C104887,49,Male,0,College,Single,FL,86977,No,No,Yes,Cellular,Unemployed,159948.0,3
C104888,22,Male,4,College,Unknown,FL,92451,Yes,Yes,No,Cellular,Self-employed,119819.0,2
C104889,34,Male,4,Graduate,Divorced,FL,50529,Yes,No,No,Email,Self-employed,150810.0,4
C104890,68,Female,4,College,Married,TX,92430,No,Yes,Yes,Telephone,Student,176806.0,2
C104891,64,Male,0,Uneducated,Unknown,GA,41924,Yes,Yes,Yes,Email,Government,141785.0,5
C104892,28,Male,5,Uneducated,Married,IL,17591,No,Yes,No,Cellular,Self-employed,30230.0,2
C104893,21,Female,4,College,Married,OH,86990,Yes,Yes,Yes,Email,Government,98616.0,1
C104894,48,Female,4,Graduate,Married,MI,55609,No,Yes,No,Cellular,Salaried,28736.0,3
C104895,23,Female,0,Graduate,Unknown,PA,72284,No,No,Yes,Email,Businessman,76039.0,5
C104896,27,Female,1,Graduate,Single,NC,58276,Yes,Yes,No,Email,Student,76541.0,4
C104897,54,Female,3,High School,Married,TX,34301,Yes,No,No,Telephone,Unemployed,153752.0,3
C104898,68,Female,3,College,Married,PA,77671,Yes,No,No,Telephone,Student,97988.0,5
C104899,52,Male,0,Graduate,Unknown,TX,96636,Yes,No,Yes,Email,Unemployed,33990.0,4
C104900,29,Female,4,Uneducated,Unknown,NY,46860,Yes,Yes,No,Cellular,Government,108428.0,1
C104901,55,Female,5,Post-Graduate,Divorced,TX,10312,No,No,No,Telephone,Self-employed,163902.0,1
C104902,39,Female,2,Post-Graduate,Divorced,NY,53283,Yes,No,No,Email,Unemployed,27651.0,4
C104903,66,Male,4,Graduate,Single,NY,70529,No,No,No,Cellular,Government,114520.0,3
C104904,35,Female,2,Post-Graduate,Single,MI,98386,Yes,No,No,Telephone,Retired,151351.0,1
C104905,51,Male,3,Post-Graduate,Single,OH,84022,No,Yes,Yes,Email,Businessman,74592.0,5
C104906,36,Female,5,High School,Single,MI,51511,No,No,Yes,Cellular,Student,37984.0,3
C104907,67,Female,0,Uneducated,Married,TX,75253,No,No,Yes,Cellular,Student,18439.0,4
C104908,66,Male,5,Uneducated,Unknown,GA,61723,Yes,Yes,No,Email,Businessman,114497.0,1
C104909,57,Male,4,High School,Divorced,NY,67066,No,No,Yes,Cellular,Government,69235.0,1
C104910,27,Female,0,High School,Married,OH,43649,Yes,No,No,Email,Student,174989.0,2
C104911,55,Male,4,Post-Graduate,Unknown,TX,13048,No,No,Yes,Cellular,Self-employed,103009.0,2
C104912,49,Male,4,College,Unknown,NC,22842,Yes,No,Yes,Email,Government,115780.0,3
C104913,22,Female,5,Post-Graduate,Married,OH,55096,No,No,Yes,Telephone,Self-employed,110027.0,3
C104914,68,Female,4,High School,Married,NC,17270,Yes,Yes,Yes,Cellular,Unemployed,28806.0,4
C104915,54,Female,2,Uneducated,Divorced,NY,84047,Yes,No,No,Email,Retired,164043.0,4
C104916,55,Male,0,Post-Graduate,Single,PA,55729,No,No,Yes,Email,Retired,136185.0,4
C104917,51,Female,3,College,Single,IL,12925,No,Yes,Yes,Cellular,Retired,124495.0,2
C104918,32,Female,1,Post-Graduate,Divorced,NY,25278,Yes,No,No,Telephone,Salaried,63888.0,1
C104919,21,Male,2,Graduate,Divorced,FL,68122,No,No,Yes,Email,Businessman,136541.0,1
C104920,67,Male,3,Post-Graduate,Single,FL,96505,Yes,No,Yes,Telephone,Retired,38745.0,4
C104921,49,Female,0,High School,Married,GA,25243,Yes,Yes,No,Cellular,Student,50488.0,2
C104922,21,Male,1,Uneducated,Single,OH,10264,No,No,Yes,Telephone,Businessman,73644.0,4
C104923,21,Female,1,Uneducated,Unknown,IL,12933,Yes,No,Yes,Cellular,Businessman,41794.0,5
C104924,35,Male,0,High School,Unknown,NC,18878,No,No,No,Email,Self-employed,105546.0,3
C104925,23,Female,2,Graduate,nan,CA,11284,Yes,No,No,Telephone,Unemployed,179118.0,2
C104926,34,Male,5,High School,Single,FL,53436,Yes,No,Yes,Cellular,Student,157428.0,1
C104927,30,Male,5,Post-Graduate,Single,IL,62753,Yes,Yes,Yes,Email,Salaried,151280.0,5
C104928,23,Male,4,High School,Unknown,GA,96354,Yes,No,Yes,Telephone,Businessman,39951.0,3
C104929,40,Male,4,High School,Single,TX,69637,No,Yes,No,Cellular,Self-employed,123150.0,3
C104930,56,Female,4,Graduate,Divorced,IL,65813,Yes,No,No,Telephone,Retired,142408.0,3
C104931,47,Male,3,Post-Graduate,Divorced,TX,87896,No,No,Yes,Email,Self-employed,65259.0,2
C104932,69,Female,0,College,Unknown,OH,83854,Yes,No,No,Email,Retired,176774.0,2
C104933,56,Male,2,College,Single,MI,55079,Yes,Yes,No,Cellular,Unemployed,143417.0,2
C104934,67,Male,5,Uneducated,Single,TX,59814,No,Yes,Yes,Telephone,Student,124632.0,1
C104935,31,Female,0,High School,Unknown,OH,38016,Yes,No,No,Telephone,Government,168474.0,1
C104936,23,Male,5,Uneducated,Married,NY,51077,Yes,No,No,Email,Government,157948.0,1
C104937,44,Male,1,Graduate,Married,OH,11979,No,Yes,No,Telephone,Unemployed,135146.0,5
C104938,59,Female,3,College,Single,NC,21074,Yes,Yes,No,Telephone,Salaried,109560.0,5
C104939,30,Male,2,High School,Divorced,IL,84404,Yes,Yes,Yes,Telephone,Unemployed,40649.0,4
C104940,46,Female,1,Graduate,Married,PA,89900,Yes,No,No,Cellular,Retired,145765.0,4
C104941,52,Male,4,Graduate,Single,MI,57340,No,Yes,Yes,Email,Self-employed,147973.0,3
C104942,28,Male,5,High School,Married,TX,17127,No,Yes,Yes,Cellular,Government,94354.0,3
C104943,67,Male,4,Graduate,Unknown,MI,14553,No,Yes,Yes,Email,Unemployed,78601.0,2
C104944,33,Female,4,High School,Married,IL,71847,No,Yes,Yes,Cellular,Businessman,79900.0,3
C104945,23,Male,0,High School,Married,IL,22489,No,No,No,Cellular,Salaried,68517.0,3
C104946,35,Male,1,Post-Graduate,Unknown,TX,23893,No,Yes,Yes,Cellular,Retired,143097.0,5
C104947,41,Male,2,Uneducated,Divorced,GA,47662,No,Yes,Yes,Telephone,Businessman,150123.0,1
C104948,62,Male,1,Graduate,Single,PA,44744,No,No,No,Email,Government,51540.0,3
C104949,49,Male,2,Graduate,Divorced,TX,71025,Yes,Yes,No,Cellular,Self-employed,24749.0,4
C104950,67,Male,3,Post-Graduate,Divorced,CA,87645,No,No,No,Telephone,Government,133894.0,4
C104951,47,Male,3,Post-Graduate,Married,MI,46906,Yes,Yes,Yes,Cellular,Salaried,18827.0,3
C104952,50,Male,2,Post-Graduate,Single,CA,39801,Yes,No,Yes,Telephone,Retired,71292.0,2
C104953,34,Male,1,College,Married,MI,73280,Yes,Yes,No,Cellular,Salaried,133667.0,4
C104954,61,Female,2,College,Unknown,NY,13945,Yes,No,No,Email,Businessman,52664.0,3
C104955,35,Male,2,College,Divorced,MI,72975,Yes,No,Yes,Email,Businessman,41814.0,4
C104956,66,Female,4,High School,Divorced,IL,38612,No,No,No,Cellular,Salaried,21801.0,3
C104957,67,Female,2,Graduate,Unknown,OH,37977,No,No,No,Cellular,Unemployed,49072.0,5
C104958,66,Female,4,Uneducated,Single,CA,48962,Yes,No,Yes,Cellular,Unemployed,98617.0,4
C104959,62,Male,5,High School,Divorced,CA,97728,No,No,No,Cellular,Businessman,126139.0,3
C104960,64,Female,4,Graduate,Divorced,FL,73298,No,Yes,No,Telephone,Unemployed,160861.0,5
C104961,34,Female,2,Graduate,Single,MI,44231,No,No,No,Email,Student,123198.0,3
C104962,45,Female,5,Post-Graduate,Married,PA,49460,No,No,No,Telephone,Retired,167794.0,3
C104963,47,Male,0,Post-Graduate,Unknown,NC,94939,No,No,No,Email,Salaried,118542.0,2
C104964,67,Female,1,High School,Single,CA,45613,Yes,No,No,Cellular,Retired,61322.0,3
C104965,64,Male,2,Post-Graduate,Unknown,MI,25844,Yes,Yes,Yes,Email,Businessman,124321.0,4
C104966,22,Female,3,Graduate,Unknown,IL,16754,Yes,No,Yes,Cellular,Unemployed,95119.0,1
C104967,37,Female,2,Post-Graduate,Divorced,NC,33727,Yes,Yes,No,Cellular,Retired,90191.0,3
C104968,35,Male,2,College,Single,GA,82313,Yes,No,Yes,Telephone,Government,142944.0,4
C104969,47,Male,3,Post-Graduate,Unknown,OH,98114,No,Yes,No,Email,Self-employed,130853.0,3
C104970,30,Female,4,Graduate,Married,MI,85273,No,Yes,Yes,Telephone,Unemployed,121691.0,1
C104971,63,Female,4,High School,Unknown,NY,17756,Yes,Yes,No,Telephone,Student,59873.0,1
C104972,66,Female,0,Uneducated,Divorced,NC,50533,Yes,No,Yes,Telephone,Student,179729.0,3
C104973,29,Male,2,Post-Graduate,Married,GA,89365,No,Yes,No,Telephone,Self-employed,96231.0,4
C104974,23,Male,2,Graduate,Married,MI,56087,No,No,No,Email,Self-employed,149302.0,5
C104975,44,Female,1,Uneducated,Single,MI,70453,Yes,No,No,Email,Retired,96332.0,2
C104976,21,Female,5,Uneducated,Married,NC,13318,Yes,No,Yes,Telephone,Retired,67940.0,3
C104977,58,Male,4,College,Single,NC,29955,No,Yes,Yes,Email,Government,106090.0,4
C104978,26,Male,2,Uneducated,Single,NC,14611,No,Yes,Yes,Cellular,Retired,140378.0,1
C104979,25,Female,1,Graduate,Married,TX,26979,Yes,No,No,Email,Self-employed,128590.0,4
C104980,24,Male,0,Graduate,Single,OH,59923,No,Yes,Yes,Telephone,Student,166122.0,3
C104981,23,Female,1,Post-Graduate,Single,CA,51300,No,No,Yes,Cellular,Government,116426.0,4
C104982,65,Male,4,Post-Graduate,Married,NC,56415,Yes,Yes,No,Cellular,Self-employed,55311.0,4
C104983,50,Female,4,Post-Graduate,Divorced,NC,22902,No,No,No,Cellular,Government,140614.0,3
C104984,56,Female,0,Uneducated,Unknown,TX,82907,Yes,No,Yes,Cellular,Government,132139.0,3
C104985,43,Female,5,Uneducated,Single,IL,22686,No,Yes,No,Cellular,Retired,89905.0,5
C104986,27,Male,2,College,Single,GA,10004,Yes,Yes,Yes,Telephone,Retired,58831.0,3
C104987,52,Female,1,Post-Graduate,Married,PA,28312,No,No,No,Telephone,Businessman,178040.0,1
C104988,63,Female,2,High School,Unknown,MI,79156,No,Yes,No,Cellular,Self-employed,67369.0,4
C104989,30,Male,2,College,Unknown,MI,21971,Yes,Yes,Yes,Telephone,Retired,99998.0,1
C104990,57,Female,2,High School,Single,NC,48393,Yes,Yes,No,Email,Businessman,176460.0,2
C104991,53,Female,3,Uneducated,Married,TX,23332,No,Yes,No,Telephone,Retired,84071.0,2
C104992,46,Female,0,College,Divorced,OH,30296,Yes,Yes,No,Email,Student,42978.0,3
C104993,63,Male,2,College,Unknown,PA,70670,Yes,No,No,Telephone,Unemployed,126230.0,4
C104994,65,Male,0,Graduate,Divorced,IL,78793,No,Yes,No,Email,Government,117823.0,3
C104995,51,Male,5,Uneducated,Married,FL,16199,No,Yes,No,Email,Student,33427.0,5
C104996,50,Male,2,Uneducated,Divorced,IL,88606,No,Yes,No,Cellular,Government,173741.0,1
C104997,43,Female,1,College,Married,FL,34193,Yes,Yes,No,Telephone,Self-employed,18191.0,3
C104998,49,Male,1,Uneducated,Single,TX,98078,No,No,No,Cellular,Unemployed,152826.0,5
C104999,28,Male,0,College,Divorced,OH,43843,No,No,No,Email,Salaried,139192.0,1
C105000,36,Male,2,Graduate,Single,PA,99436,Yes,No,No,Telephone,Self-employed,121613.0,3
C105001,29,Female,0,College,Single,FL,28279,Yes,Yes,No,Telephone,Government,54813.0,3
C105002,24,Female,0,Uneducated,Married,NC,49917,Yes,No,Yes,Cellular,Salaried,159754.0,3
C105003,39,Female,3,Uneducated,Divorced,CA,14154,No,Yes,No,Telephone,Salaried,96125.0,5
C105004,59,Male,2,College,Unknown,CA,46617,Yes,Yes,No,Telephone,Self-employed,46212.0,1
C105005,64,Female,3,College,Divorced,NC,37479,No,Yes,No,Telephone,Student,140175.0,4
C105006,61,Female,2,College,Unknown,OH,47328,No,Yes,Yes,Email,Self-employed,138445.0,5
C105007,33,Male,4,Post-Graduate,Single,NY,86336,No,No,Yes,Cellular,Government,32313.0,5
C105008,32,Female,4,Uneducated,Single,MI,41131,No,Yes,Yes,Email,Unemployed,178890.0,5
C105009,29,Male,3,Uneducated,Married,IL,17784,Yes,No,Yes,Cellular,Student,81412.0,1
C105010,32,Male,4,Post-Graduate,Unknown,FL,88748,Yes,No,No,Email,Government,133173.0,2
C105011,44,Female,3,College,Divorced,CA,29106,Yes,Yes,No,Email,Retired,83021.0,4
C105012,68,Male,4,Graduate,Married,NC,49960,Yes,No,No,Email,Retired,126495.0,4
C105013,33,Male,3,College,Married,PA,46938,No,No,Yes,Email,Unemployed,23184.0,4
C105014,55,Male,4,College,Married,PA,68673,Yes,Yes,No,Cellular,Student,150514.0,2
C105015,52,Male,0,Post-Graduate,Divorced,FL,86584,No,Yes,Yes,Telephone,Businessman,91351.0,5
C105016,58,Male,0,Uneducated,Married,NY,43019,Yes,Yes,Yes,Cellular,Student,37079.0,2
C105017,34,Male,0,College,Divorced,GA,99413,Yes,Yes,Yes,Telephone,Businessman,101905.0,4
C105018,22,Female,2,Uneducated,Married,GA,94035,No,Yes,No,Cellular,Government,137323.0,5
C105019,41,Male,1,High School,Unknown,TX,82244,No,Yes,No,Cellular,Self-employed,22111.0,1
C105020,51,Male,3,Uneducated,Single,OH,86583,No,Yes,No,Cellular,Government,85568.0,4
C105021,55,Male,1,Graduate,Unknown,OH,76029,Yes,No,No,Cellular,Self-employed,161679.0,5
C105022,36,Male,0,Graduate,Unknown,IL,43791,No,No,Yes,Email,Retired,122967.0,1
C105023,60,Female,3,College,Married,IL,17253,Yes,Yes,No,Cellular,Businessman,74040.0,2
C105024,46,Female,3,Uneducated,Unknown,GA,87175,No,No,No,Cellular,Self-employed,44401.0,5
C105025,58,Male,2,College,Unknown,FL,47506,Yes,No,No,Telephone,Government,178396.0,5
C105026,23,Female,1,Post-Graduate,Unknown,CA,52494,No,No,Yes,Email,Government,30266.0,2
C105027,57,Male,5,Graduate,Married,CA,25810,No,Yes,Yes,Email,Government,143711.0,1
C105028,56,Male,1,College,Divorced,NC,51922,No,No,No,Cellular,Unemployed,54643.0,2
C105029,58,Male,4,Post-Graduate,Single,FL,36063,No,Yes,No,Cellular,Student,167204.0,4
C105030,22,Male,3,College,Single,CA,81951,Yes,No,Yes,Email,Government,98617.0,3
C105031,42,Female,0,Uneducated,Divorced,NY,37579,Yes,Yes,Yes,Email,Student,137334.0,2
C105032,23,Female,4,Uneducated,Divorced,MI,82978,Yes,No,No,Cellular,Salaried,129377.0,4
C105033,60,Male,5,Uneducated,Unknown,OH,82773,Yes,No,Yes,Cellular,Businessman,175224.0,5
C105034,67,Male,4,Uneducated,Single,NY,13418,No,Yes,Yes,Cellular,nan,117816.0,4
C105035,62,Female,3,High School,Divorced,CA,65070,No,No,Yes,Telephone,Salaried,95930.0,5
C105036,67,Female,4,Post-Graduate,Unknown,MI,77662,Yes,Yes,Yes,Email,Student,107348.0,3
C105037,46,Male,3,Post-Graduate,Single,NC,15544,Yes,Yes,Yes,Telephone,Student,174592.0,3
C105038,47,Female,3,Uneducated,Married,IL,54437,Yes,Yes,Yes,Email,Unemployed,100243.0,2
C105039,58,Male,4,High School,Married,FL,72144,Yes,No,Yes,Email,Businessman,164562.0,3
C105040,64,Female,0,Uneducated,Single,FL,33304,Yes,No,No,Email,Businessman,101872.0,2
C105041,28,Female,5,High School,Single,CA,87574,No,Yes,Yes,Email,Retired,120968.0,1
C105042,43,Female,4,Uneducated,Married,TX,73390,No,Yes,No,Email,Businessman,107267.0,5
C105043,26,Female,1,Graduate,Married,CA,49651,Yes,Yes,No,Cellular,Unemployed,69734.0,2
C105044,45,Male,3,Graduate,Single,IL,45769,Yes,No,No,Telephone,Government,50325.0,3
C105045,36,Male,0,College,nan,IL,74795,No,No,No,Telephone,Government,173930.0,3
C105046,46,Female,5,Uneducated,Divorced,NC,13244,Yes,Yes,No,Email,Unemployed,114597.0,5
C105047,35,Male,2,Post-Graduate,Divorced,GA,94587,Yes,No,No,Telephone,Businessman,100337.0,5
C105048,67,Female,2,College,Single,IL,81237,No,No,Yes,Telephone,Student,31048.0,1
C105049,52,Female,4,Graduate,Divorced,IL,60536,No,Yes,Yes,Cellular,Salaried,178755.0,1
C105050,60,Male,2,Uneducated,Married,OH,38299,No,Yes,No,Email,Businessman,49578.0,3
C105051,39,Male,1,College,Married,NY,82446,Yes,No,No,Cellular,Retired,110523.0,5
C105052,34,Male,4,Uneducated,Divorced,OH,79675,Yes,Yes,Yes,Telephone,Businessman,159389.0,2
C105053,68,Female,4,Graduate,Single,CA,17459,No,Yes,Yes,Email,Salaried,140257.0,2
C105054,64,Male,5,College,Married,IL,72438,Yes,No,No,Email,Self-employed,117318.0,5
C105055,45,Male,0,Graduate,Unknown,PA,72694,Yes,Yes,No,Email,Businessman,145441.0,4
C105056,46,Male,3,High School,Unknown,MI,73798,Yes,Yes,No,Email,Businessman,120640.0,1
C105057,57,Male,4,Graduate,Married,CA,58434,Yes,No,Yes,Email,Government,132970.0,4
C105058,33,Female,4,Uneducated,Married,NC,68870,Yes,Yes,Yes,Email,Salaried,109831.0,2
C105059,67,Female,4,Post-Graduate,Divorced,NC,86517,No,No,Yes,Cellular,Retired,123586.0,5
C105060,28,Female,0,Graduate,Single,CA,22645,Yes,Yes,No,Cellular,Businessman,20094.0,2
C105061,34,Female,4,Post-Graduate,Divorced,FL,96170,No,No,Yes,Telephone,Retired,126173.0,1
C105062,46,Female,5,High School,Single,GA,92273,No,No,No,Email,Businessman,175267.0,2
C105063,67,Female,3,College,Unknown,NY,51633,Yes,Yes,No,Email,Self-employed,27668.0,5
C105064,50,Female,3,College,Unknown,GA,48039,No,Yes,Yes,Cellular,Salaried,65133.0,5
C105065,60,Male,4,Post-Graduate,Single,MI,53962,No,Yes,Yes,Telephone,Businessman,70224.0,5
C105066,62,Female,0,College,Divorced,NC,19097,Yes,No,Yes,Telephone,Self-employed,49257.0,1
C105067,33,Female,2,Graduate,Married,NC,19488,No,No,No,Email,Businessman,55062.0,2
C105068,56,Female,4,Post-Graduate,Single,CA,66777,Yes,Yes,Yes,Telephone,Student,130902.0,1
C105069,31,Female,5,Uneducated,Divorced,NC,77500,Yes,Yes,No,Telephone,Self-employed,75939.0,1
C105070,22,Male,4,Graduate,Unknown,FL,26924,No,No,Yes,Email,Retired,172047.0,2
C105071,50,Female,1,Graduate,nan,GA,49319,Yes,Yes,No,Email,Unemployed,56934.0,4
C105072,44,Female,5,Graduate,Unknown,NC,77212,No,No,Yes,Email,Student,146430.0,2
C105073,38,Male,0,Uneducated,Single,TX,35609,No,Yes,No,Cellular,Unemployed,98617.0,1
C105074,43,Female,3,High School,Unknown,PA,69450,Yes,Yes,Yes,Email,Businessman,18168.0,3
C105075,26,Female,0,College,Unknown,TX,60541,Yes,Yes,No,Telephone,Self-employed,156053.0,4
C105076,66,Female,0,Post-Graduate,Single,CA,20572,Yes,No,Yes,Cellular,Salaried,86042.0,4
C105077,31,Female,4,High School,Married,MI,58329,Yes,Yes,Yes,Telephone,Unemployed,152476.0,3
C105078,27,Female,1,Post-Graduate,Single,PA,46499,Yes,No,Yes,Cellular,Unemployed,66321.0,4
C105079,67,Female,4,College,Divorced,IL,36276,Yes,No,Yes,Email,Retired,43918.0,2
C105080,53,Female,0,Uneducated,Single,TX,66898,Yes,Yes,No,Telephone,Government,173532.0,3
C105081,30,Male,4,Graduate,Single,FL,49784,Yes,Yes,Yes,Cellular,Businessman,157986.0,3
C105082,41,Male,5,Graduate,Married,NY,27977,Yes,No,No,Telephone,Self-employed,144692.0,3
C105083,29,Female,0,Uneducated,Divorced,MI,34377,Yes,Yes,Yes,Email,Student,88006.0,2
C105084,50,Male,3,High School,Unknown,MI,47484,No,Yes,Yes,Cellular,Self-employed,80701.0,4
C105085,68,Female,4,High School,Unknown,FL,55337,No,No,Yes,Telephone,Salaried,161975.0,4
C105086,68,Male,4,Post-Graduate,Unknown,FL,18333,Yes,Yes,Yes,Cellular,Self-employed,130465.0,5
C105087,45,Female,3,Uneducated,Unknown,TX,80843,Yes,No,No,Email,Student,154732.0,2
C105088,45,Male,4,High School,Married,PA,69149,Yes,No,No,Cellular,Businessman,116122.0,4
C105089,69,Female,0,Uneducated,Divorced,CA,39608,Yes,No,Yes,Cellular,Retired,141560.0,5
C105090,44,Male,2,College,Married,NC,39779,Yes,No,No,Telephone,Student,68178.0,5
C105091,32,Male,4,Graduate,Single,MI,31846,No,No,No,Cellular,Retired,131838.0,1
C105092,27,Female,3,Graduate,Divorced,TX,18372,Yes,Yes,Yes,Email,Retired,86369.0,2
C105093,54,Female,3,Graduate,Divorced,TX,20754,Yes,No,Yes,Telephone,Student,111107.0,5
C105094,23,Male,2,Uneducated,Unknown,TX,73628,No,No,No,Cellular,Student,62591.0,3
C105095,26,Male,0,Uneducated,Unknown,OH,86513,Yes,Yes,No,Email,Government,104124.0,3
C105096,47,Female,1,Post-Graduate,Unknown,GA,94954,Yes,No,Yes,Email,Retired,94683.0,1
C105097,39,Male,0,Graduate,Unknown,NY,84649,No,No,Yes,Cellular,Businessman,114672.0,5
C105098,28,Female,5,Post-Graduate,Single,CA,76540,Yes,Yes,Yes,Cellular,Government,151189.0,3
C105099,56,Male,4,Graduate,Unknown,IL,51883,Yes,Yes,Yes,Telephone,Retired,50022.0,5
C105100,59,Male,3,Post-Graduate,Married,GA,27907,No,Yes,Yes,Email,Self-employed,56534.0,3
C105101,56,Female,3,Post-Graduate,Divorced,TX,89212,Yes,No,Yes,Email,Businessman,64105.0,2
C105102,38,Female,0,College,Single,PA,90315,No,No,Yes,Email,Businessman,131858.0,4
C105103,27,Female,0,Post-Graduate,Single,TX,54801,Yes,No,Yes,Cellular,Retired,57704.0,3
C105104,21,Male,4,Uneducated,Divorced,PA,16179,No,Yes,Yes,Cellular,Self-employed,85778.0,2
C105105,25,Male,0,Post-Graduate,Divorced,FL,47217,No,No,Yes,Cellular,Self-employed,145099.0,4
C105106,62,Male,2,Graduate,Divorced,OH,64273,Yes,No,No,Telephone,Student,111862.0,1
C105107,34,Female,2,Post-Graduate,Single,MI,71449,No,No,No,Email,Retired,60924.0,4
C105108,21,Male,1,High School,Married,CA,57009,No,Yes,No,Email,Retired,137517.0,2
C105109,32,Male,3,Graduate,Married,CA,22844,Yes,Yes,Yes,Cellular,Businessman,113628.0,3
C105110,39,Female,4,High School,Divorced,IL,75077,No,Yes,No,Telephone,Unemployed,90746.0,1
C105111,22,Male,4,Graduate,Single,NC,62399,No,Yes,Yes,Telephone,Salaried,128038.0,5
C105112,34,Male,0,Uneducated,Unknown,IL,62175,Yes,No,Yes,Telephone,Retired,142351.0,1
C105113,23,Female,3,Uneducated,Single,FL,18911,No,No,Yes,Telephone,Student,49750.0,4
C105114,55,Female,1,Uneducated,Divorced,GA,41209,Yes,No,No,Telephone,Businessman,76445.0,2
C105115,33,Female,1,High School,Single,IL,22885,No,Yes,Yes,Cellular,Self-employed,70114.0,1
C105116,69,Female,1,College,Single,CA,69643,No,No,Yes,Cellular,Self-employed,116020.0,1
C105117,23,Female,5,Graduate,Single,OH,30471,No,No,No,Cellular,Salaried,58992.0,3
C105118,34,Female,3,Uneducated,Unknown,FL,75243,No,No,Yes,Email,Businessman,84676.0,4
C105119,54,Female,5,Graduate,Divorced,MI,20939,Yes,No,No,Telephone,Government,164509.0,3
C105120,65,Female,1,High School,Divorced,IL,64908,No,Yes,No,Telephone,Student,74154.0,3
C105121,29,Female,5,College,Divorced,PA,98508,Yes,No,Yes,Email,Businessman,61877.0,4
C105122,30,Male,5,nan,Married,OH,81791,Yes,Yes,No,Telephone,Government,39091.0,1
C105123,28,Female,2,Graduate,Married,NY,12825,No,No,No,Telephone,Self-employed,18592.0,2
C105124,49,Female,0,College,Divorced,CA,98860,Yes,Yes,Yes,Telephone,Self-employed,40546.0,2
C105125,59,Male,1,College,Single,TX,80210,No,Yes,Yes,Telephone,Government,85746.0,4
C105126,53,Female,2,High School,Single,MI,87525,Yes,Yes,Yes,Telephone,Government,154485.0,4
C105127,43,Male,2,Uneducated,Divorced,CA,49776,No,No,Yes,Cellular,Salaried,121609.0,2
C105128,28,Male,4,Graduate,Unknown,FL,14374,Yes,Yes,No,Telephone,Businessman,79761.0,2
C105129,60,Female,5,Post-Graduate,Unknown,PA,12595,Yes,Yes,Yes,Cellular,Self-employed,97718.0,5
C105130,58,Male,0,Post-Graduate,Single,IL,75961,No,No,No,Cellular,Student,87466.0,4
C105131,43,Female,4,High School,Single,FL,76207,No,No,Yes,Cellular,Self-employed,61706.0,3
C105132,56,Female,3,Graduate,Married,OH,31819,Yes,No,No,Cellular,Businessman,25218.0,1
C105133,63,Male,2,Graduate,Unknown,PA,28280,Yes,No,Yes,Email,Government,166289.0,1
C105134,40,Male,5,High School,Single,TX,97076,Yes,Yes,No,Cellular,Salaried,27332.0,5
C105135,68,Male,4,Graduate,Single,NC,98111,Yes,Yes,Yes,Email,Unemployed,47045.0,4
C105136,32,Female,0,Uneducated,Divorced,IL,42492,Yes,No,No,Email,Self-employed,130634.0,1
C105137,56,Female,2,High School,Married,MI,38207,Yes,Yes,Yes,Cellular,Salaried,98192.0,1
C105138,29,Male,1,Uneducated,Unknown,CA,15729,No,Yes,No,Telephone,Government,131605.0,1
C105139,53,Female,0,Graduate,Unknown,PA,97272,No,Yes,Yes,Telephone,Retired,70799.0,2
C105140,26,Female,1,High School,Married,IL,97574,No,Yes,Yes,Cellular,Businessman,174634.0,5
C105141,52,Male,3,Graduate,Single,MI,62638,Yes,Yes,Yes,Cellular,Self-employed,146080.0,3
C105142,21,Male,1,High School,Unknown,GA,63108,Yes,No,Yes,Email,Businessman,110455.0,2
C105143,44,Male,1,Graduate,Unknown,FL,87263,No,No,Yes,Email,Student,65703.0,4
C105144,49,Male,3,Uneducated,Unknown,CA,89663,No,No,No,Telephone,Businessman,127682.0,5
C105145,28,Male,3,Uneducated,Divorced,NY,42892,No,No,No,Email,Unemployed,175013.0,2
C105146,33,Male,1,Graduate,Married,GA,19963,No,No,No,Email,Retired,173406.0,2
C105147,45,Male,2,High School,Unknown,MI,63978,No,No,Yes,Cellular,Government,72636.0,5
C105148,49,Male,2,Post-Graduate,Married,GA,22688,No,No,Yes,Email,Government,95076.0,4
C105149,44,Male,5,Uneducated,Single,IL,11188,No,Yes,No,Email,Student,63146.0,5
C105150,47,Male,4,Uneducated,Married,PA,70700,No,No,Yes,Email,Unemployed,81247.0,5
C105151,46,Female,4,Post-Graduate,Divorced,NY,10170,Yes,Yes,No,Telephone,Businessman,66376.0,4
C105152,40,Female,3,Graduate,Divorced,NC,49898,No,Yes,Yes,Cellular,Retired,83582.0,2
C105153,24,Male,0,High School,Married,PA,89826,No,Yes,No,Telephone,Government,104339.0,4
C105154,42,Female,1,Graduate,Divorced,NC,60480,No,Yes,No,Cellular,Government,114087.0,3
C105155,27,Female,3,College,Unknown,MI,73284,Yes,Yes,No,Cellular,Government,84124.0,4
C105156,38,Female,3,Uneducated,Divorced,TX,31600,No,No,Yes,Email,Government,41812.0,3
C105157,30,Female,3,College,Single,PA,63948,Yes,Yes,No,Telephone,Salaried,18484.0,5
C105158,51,Female,2,Uneducated,Married,MI,82103,Yes,No,No,Telephone,Unemployed,136983.0,1
C105159,46,Female,0,Uneducated,Married,IL,80648,Yes,No,Yes,Email,Self-employed,177058.0,5
C105160,67,Male,2,College,Single,NC,91459,Yes,No,Yes,Telephone,Salaried,143193.0,3
C105161,65,Male,4,College,Single,MI,36986,Yes,Yes,Yes,Cellular,Government,164921.0,4
C105162,46,Female,3,Graduate,Single,CA,53639,No,Yes,No,Cellular,Unemployed,82678.0,3
C105163,45,Female,2,College,Single,NC,83792,No,No,Yes,Cellular,Retired,148556.0,1
C105164,38,Male,3,Graduate,Unknown,IL,85172,Yes,No,Yes,Email,Businessman,36898.0,5
C105165,44,Female,0,Graduate,Divorced,CA,84663,Yes,No,Yes,Telephone,Salaried,168605.0,3
C105166,64,Female,1,Graduate,Divorced,MI,24902,Yes,No,Yes,Cellular,Student,50216.0,2
C105167,35,Female,2,Uneducated,Unknown,GA,74304,Yes,No,Yes,Email,Self-employed,99415.0,5
C105168,28,Female,0,Uneducated,Single,OH,66353,Yes,Yes,No,Cellular,Businessman,37307.0,5
C105169,63,Female,1,College,Married,PA,90001,No,No,No,Cellular,Salaried,122709.0,3
C105170,45,Male,3,Uneducated,Married,NY,50401,Yes,No,Yes,Telephone,Self-employed,145803.0,3
C105171,55,Male,5,College,Married,IL,14637,Yes,No,Yes,Email,Unemployed,83245.0,1
C105172,44,Female,0,Uneducated,Single,TX,85459,Yes,No,Yes,Cellular,Retired,76213.0,2
C105173,66,Male,4,High School,Unknown,NY,89217,No,Yes,No,Cellular,Unemployed,112308.0,3
C105174,60,Female,5,High School,Unknown,MI,58536,No,No,No,Email,Salaried,59593.0,1
C105175,58,Female,1,College,Unknown,CA,14703,No,No,No,Email,Student,171042.0,3
C105176,41,Female,1,Uneducated,Divorced,NC,27896,Yes,Yes,Yes,Telephone,Government,101433.0,5
C105177,21,Female,3,Uneducated,Divorced,NY,42383,Yes,No,No,Cellular,Student,163834.0,5
C105178,46,Female,4,Graduate,Divorced,CA,65879,No,Yes,No,Telephone,Government,104737.0,5
C105179,30,Female,2,Post-Graduate,Divorced,OH,92781,No,Yes,No,Cellular,Self-employed,117684.0,5
C105180,46,Female,0,College,Married,NC,60749,No,No,Yes,Telephone,Salaried,174859.0,4
C105181,22,Female,5,Post-Graduate,Married,PA,22277,Yes,No,No,Cellular,Salaried,151584.0,5
C105182,60,Female,3,Post-Graduate,Unknown,GA,17411,Yes,Yes,No,Email,Student,62534.0,2
C105183,34,Male,4,College,Divorced,OH,52411,No,Yes,No,Telephone,Businessman,79002.0,5
C105184,53,Female,1,Uneducated,Unknown,NC,94057,No,No,Yes,Email,Self-employed,178700.0,4
C105185,59,Male,1,College,Single,OH,33085,Yes,No,No,Cellular,Retired,163480.0,3
C105186,21,Male,5,Post-Graduate,Divorced,PA,32307,No,Yes,Yes,Email,Government,98617.0,3
C105187,50,Female,1,Uneducated,Divorced,CA,24625,Yes,No,Yes,Telephone,Unemployed,162486.0,4
C105188,57,Male,4,High School,Unknown,NC,52565,No,Yes,No,Telephone,Self-employed,142438.0,5
C105189,38,Female,4,College,Unknown,MI,97011,Yes,No,Yes,Email,Unemployed,117123.0,1
C105190,50,Female,2,College,Single,IL,65491,Yes,No,No,Cellular,Retired,51026.0,2
C105191,47,Female,0,Uneducated,Unknown,NY,61852,No,Yes,No,Telephone,Student,95381.0,5
C105192,69,Female,1,High School,Divorced,GA,14932,Yes,Yes,Yes,Cellular,Retired,91875.0,4
C105193,69,Male,2,High School,Married,FL,78722,Yes,No,No,Telephone,Salaried,103198.0,5
C105194,50,Male,4,Uneducated,Single,TX,20482,No,Yes,No,Cellular,Government,169149.0,4
C105195,65,Female,2,Graduate,Single,CA,63272,Yes,No,No,Cellular,Government,58695.0,5
C105196,56,Male,1,College,Divorced,IL,30787,No,No,Yes,Email,Retired,32750.0,1
C105197,41,Male,0,College,Married,TX,69108,Yes,Yes,Yes,Cellular,Government,168556.0,1
C105198,36,Male,2,Post-Graduate,Unknown,FL,48082,No,No,Yes,Telephone,Government,157541.0,2
C105199,37,Female,4,Uneducated,Unknown,NC,15644,Yes,No,No,Email,Self-employed,97527.0,2
C105200,38,Male,3,Post-Graduate,Married,OH,41641,Yes,Yes,No,Telephone,Self-employed,43499.0,4
C105201,54,Male,5,Post-Graduate,Married,IL,71033,No,Yes,Yes,Email,nan,39966.0,1
C105202,41,Male,3,High School,Divorced,GA,22696,No,Yes,Yes,Email,Unemployed,65168.0,2
C105203,32,Female,2,College,Unknown,PA,29065,Yes,No,No,Cellular,Unemployed,85513.0,4
C105204,51,Male,4,Post-Graduate,Divorced,MI,25577,No,Yes,Yes,Cellular,Student,136295.0,2
C105205,30,Male,2,High School,Unknown,NY,28092,No,No,No,Telephone,Retired,130048.0,1
C105206,61,Female,2,Uneducated,Unknown,OH,96317,Yes,Yes,Yes,Telephone,Retired,154644.0,5
C105207,24,Male,3,Post-Graduate,Married,CA,51145,No,No,No,Cellular,Unemployed,35163.0,3
C105208,35,Female,5,College,Divorced,TX,81725,Yes,No,No,Telephone,Salaried,53076.0,1
C105209,62,Female,2,Post-Graduate,Married,CA,80266,No,Yes,No,Telephone,Retired,32049.0,2
C105210,61,Female,5,Uneducated,Divorced,CA,11298,Yes,No,Yes,Cellular,Retired,135261.0,3
C105211,48,Female,3,Post-Graduate,Unknown,IL,25923,No,No,No,Email,Salaried,124238.0,1
C105212,27,Female,5,College,Single,PA,89252,Yes,Yes,Yes,Cellular,Self-employed,161130.0,2
C105213,31,Female,4,High School,Single,TX,90993,Yes,No,No,Telephone,Student,110737.0,1
C105214,49,Male,4,College,Divorced,TX,34413,No,No,No,Email,Unemployed,119552.0,4
C105215,54,Female,4,High School,Divorced,TX,10797,No,No,No,Cellular,Businessman,31762.0,2
C105216,50,Male,5,Graduate,Married,CA,68444,Yes,No,Yes,Email,Retired,106377.0,3
C105217,47,Male,3,College,Unknown,IL,23503,No,No,No,Telephone,Retired,103347.0,1
C105218,45,Female,1,College,Single,CA,52146,Yes,No,Yes,Email,Retired,115095.0,2
C105219,68,Male,5,Uneducated,Married,MI,21844,Yes,Yes,No,Telephone,Government,69816.0,5
C105220,58,nan,1,Post-Graduate,Divorced,MI,59925,No,Yes,No,Cellular,Retired,78009.0,2
C105221,60,Male,1,High School,Unknown,TX,83076,No,Yes,Yes,Email,Salaried,54661.0,1
C105222,43,Female,1,High School,Married,PA,48778,No,No,Yes,Email,Government,52796.0,5
C105223,49,Male,4,Uneducated,Married,PA,13990,Yes,Yes,No,Email,Salaried,23976.0,3
C105224,31,Male,1,Uneducated,Divorced,TX,12681,No,Yes,Yes,Telephone,Retired,126784.0,5
C105225,24,Female,2,Post-Graduate,Unknown,NC,84113,No,No,No,Cellular,Businessman,133194.0,1
C105226,56,Male,3,Post-Graduate,Single,GA,82394,No,Yes,Yes,Cellular,Unemployed,98617.0,5
C105227,51,Male,1,College,Married,TX,98744,Yes,Yes,No,Telephone,Retired,40153.0,1
C105228,30,Male,4,Graduate,Divorced,IL,85525,No,No,Yes,Email,Salaried,81864.0,5
C105229,36,Female,1,Post-Graduate,nan,IL,98806,No,Yes,Yes,Telephone,Retired,55931.0,4
C105230,50,nan,3,Uneducated,Divorced,IL,39616,Yes,Yes,Yes,Telephone,Businessman,100880.0,3
C105231,55,Male,0,Post-Graduate,Divorced,TX,91639,No,Yes,Yes,Cellular,Salaried,20946.0,3
C105232,64,Female,0,High School,Divorced,IL,29763,Yes,Yes,No,Telephone,Self-employed,50829.0,3
C105233,37,Female,5,Graduate,Unknown,IL,76385,No,Yes,Yes,Email,Government,124845.0,4
C105234,25,Female,4,College,Single,FL,60845,Yes,Yes,Yes,Telephone,Student,69243.0,3
C105235,23,Male,4,High School,Unknown,FL,75203,Yes,No,Yes,Telephone,Student,122842.0,5
C105236,36,Female,4,High School,Single,NY,15943,Yes,No,No,Telephone,Salaried,23620.0,2
C105237,24,Female,1,Graduate,Divorced,NC,85690,No,Yes,No,Email,Student,112382.0,4
C105238,29,Female,3,College,Single,OH,38241,No,Yes,Yes,Telephone,Retired,165469.0,4
C105239,24,Male,3,Uneducated,Unknown,CA,23134,Yes,Yes,No,Cellular,Government,178786.0,1
C105240,41,Female,3,College,Married,IL,34468,No,No,No,Telephone,Self-employed,89180.0,4
C105241,30,Female,0,Post-Graduate,Unknown,NY,48135,No,Yes,Yes,Telephone,Self-employed,120271.0,3
C105242,51,Female,3,High School,Unknown,MI,71551,No,No,No,Cellular,Businessman,156174.0,4
C105243,37,Female,4,Post-Graduate,Unknown,PA,66155,Yes,No,Yes,Cellular,Student,144758.0,4
C105244,36,Female,1,Uneducated,Unknown,OH,97038,No,Yes,Yes,Cellular,Retired,66362.0,5
C105245,59,Male,0,Post-Graduate,Unknown,NY,78028,Yes,No,No,Cellular,Government,112785.0,5
C105246,67,Male,5,College,Single,PA,78723,Yes,Yes,No,Cellular,Student,172774.0,4
C105247,26,Female,1,Post-Graduate,Single,TX,23351,No,No,Yes,Cellular,Government,85775.0,3
C105248,50,Female,2,Uneducated,Married,NC,84992,No,Yes,Yes,Email,Unemployed,146666.0,5
C105249,35,Female,4,Uneducated,Unknown,FL,32461,Yes,Yes,Yes,Telephone,Businessman,38096.0,2
C105250,63,Male,0,Uneducated,Unknown,TX,58576,No,No,No,Email,Unemployed,45585.0,5
C105251,51,Male,4,College,Married,TX,40615,No,Yes,No,Email,Retired,75950.0,1
C105252,50,Male,1,Uneducated,Married,NY,46105,Yes,No,No,Cellular,Unemployed,178412.0,1
C105253,57,Male,3,High School,Divorced,NC,87690,No,Yes,No,Telephone,Student,53725.0,4
C105254,36,Female,2,Uneducated,Married,GA,59845,Yes,No,Yes,Email,Unemployed,133626.0,4
C105255,64,Female,4,Post-Graduate,Married,IL,23491,Yes,Yes,No,Telephone,Self-employed,40532.0,3
C105256,56,Female,2,Post-Graduate,Married,NC,69731,No,Yes,No,Telephone,Businessman,53274.0,2
C105257,22,Female,1,Post-Graduate,Divorced,NY,26288,Yes,Yes,No,Cellular,Retired,98617.0,3
C105258,48,Male,4,College,Single,PA,80196,No,No,Yes,Telephone,Unemployed,150128.0,3
C105259,68,Female,3,Post-Graduate,Divorced,OH,86428,No,No,No,Email,Student,102805.0,1
C105260,60,Male,2,College,Single,PA,86610,No,Yes,Yes,Email,Self-employed,148047.0,2
C105261,37,Male,0,College,Married,TX,58484,Yes,Yes,No,Cellular,Self-employed,39752.0,2
C105262,61,Female,5,Uneducated,Divorced,MI,97317,Yes,Yes,Yes,Email,Government,151075.0,5
C105263,58,Male,1,High School,Divorced,MI,50616,Yes,No,Yes,Cellular,Self-employed,164064.0,4
C105264,56,Male,4,Uneducated,Single,MI,98637,No,Yes,Yes,Email,Salaried,58675.0,4
C105265,52,Female,0,Uneducated,Divorced,NC,37909,No,Yes,Yes,Email,Unemployed,175750.0,1
C105266,45,Male,3,College,Divorced,GA,94338,Yes,Yes,No,Cellular,Student,152506.0,1
C105267,33,Male,3,College,Unknown,GA,57631,No,No,No,Telephone,Student,31712.0,5
C105268,34,Female,2,Post-Graduate,Single,GA,41136,No,Yes,No,Cellular,Government,62687.0,5
C105269,64,Male,1,Post-Graduate,Divorced,NC,79457,Yes,Yes,Yes,Telephone,Self-employed,174212.0,3
C105270,45,Male,5,Uneducated,Divorced,CA,90169,Yes,No,Yes,Telephone,Government,87722.0,4
C105271,55,Female,4,Graduate,Married,GA,42676,Yes,Yes,Yes,Cellular,Salaried,128056.0,5
C105272,49,Male,0,Graduate,Unknown,NY,88926,No,No,Yes,Cellular,Government,43484.0,2
C105273,35,Female,4,Post-Graduate,Unknown,FL,50809,No,No,No,Cellular,Student,158290.0,3
C105274,35,Male,0,Graduate,Married,CA,31385,No,No,No,Telephone,Retired,133738.0,3
C105275,67,Male,1,Post-Graduate,Married,PA,84238,Yes,No,Yes,Telephone,Retired,46721.0,4
C105276,67,Female,3,College,Married,MI,80993,Yes,No,No,Telephone,Government,142772.0,4
C105277,60,Female,3,Uneducated,Married,CA,74135,Yes,Yes,Yes,Telephone,Student,26501.0,4
C105278,37,Male,4,High School,Unknown,IL,67083,Yes,Yes,No,Cellular,Businessman,133580.0,1
C105279,45,Female,4,Uneducated,Divorced,NC,60528,No,Yes,No,Cellular,Salaried,43143.0,4
C105280,43,Male,2,Post-Graduate,Divorced,CA,82748,Yes,Yes,Yes,Telephone,Unemployed,114403.0,1
C105281,66,Female,0,Post-Graduate,Married,NC,14012,No,Yes,No,Email,Salaried,49840.0,5
C105282,52,Male,2,Uneducated,Single,FL,80544,Yes,Yes,Yes,Cellular,Student,60617.0,2
C105283,51,Male,0,Post-Graduate,Married,TX,25554,No,Yes,No,Email,Retired,63015.0,2
C105284,43,Male,1,Graduate,Divorced,GA,53466,Yes,Yes,Yes,Email,Businessman,111015.0,3
C105285,58,Male,4,Graduate,Single,PA,70932,No,No,Yes,Email,Self-employed,167786.0,3
C105286,37,Male,5,Post-Graduate,Married,OH,21328,No,Yes,Yes,Telephone,Government,177131.0,3
C105287,49,Female,0,Post-Graduate,Single,NC,17429,Yes,Yes,No,Cellular,Unemployed,153139.0,2
C105288,22,Female,3,Graduate,Married,IL,18295,No,No,No,Email,Unemployed,28681.0,3
C105289,31,Male,1,Post-Graduate,Unknown,NY,20910,Yes,Yes,Yes,Telephone,Self-employed,62670.0,1
C105290,36,Male,3,Post-Graduate,Divorced,TX,14994,No,No,Yes,Cellular,Unemployed,48214.0,3
C105291,37,Female,1,Uneducated,Married,TX,33923,Yes,Yes,No,Telephone,Businessman,123870.0,5
C105292,41,nan,0,High School,Single,FL,97954,Yes,Yes,Yes,Cellular,Salaried,30109.0,3
C105293,41,Female,3,Graduate,Divorced,MI,95870,Yes,No,Yes,Cellular,Self-employed,117746.0,1
C105294,26,Female,5,Uneducated,Married,OH,46463,No,Yes,No,Telephone,Businessman,80194.0,2
C105295,66,Female,5,High School,Married,MI,40295,No,No,Yes,Email,Salaried,152183.0,2
C105296,65,Male,0,Post-Graduate,Married,PA,31263,Yes,No,Yes,Cellular,Retired,64962.0,2
C105297,43,Male,2,Post-Graduate,Married,TX,96964,No,No,Yes,Cellular,Self-employed,92590.0,1
C105298,52,Female,1,Uneducated,Unknown,OH,98950,Yes,Yes,No,Email,Unemployed,137897.0,2
C105299,59,Female,4,Post-Graduate,Divorced,FL,14764,No,No,No,Cellular,Retired,62269.0,4
C105300,65,Female,3,College,Unknown,MI,86099,Yes,No,Yes,Email,Salaried,45551.0,3
C105301,58,Female,5,Uneducated,Divorced,GA,11155,Yes,Yes,Yes,Cellular,Student,131419.0,1
C105302,49,Female,0,High School,Married,OH,46919,Yes,No,No,Email,Unemployed,138727.0,3
C105303,51,Female,3,Uneducated,Divorced,OH,63952,Yes,No,Yes,Cellular,Salaried,161061.0,5
C105304,45,Female,0,Graduate,Single,NC,49481,Yes,Yes,Yes,Cellular,Salaried,30248.0,3
C105305,22,Female,2,Uneducated,Divorced,GA,73970,No,Yes,Yes,Cellular,Unemployed,102484.0,1
C105306,42,Female,4,Post-Graduate,Single,CA,62260,No,Yes,No,Email,Businessman,116691.0,4
C105307,57,Male,3,Post-Graduate,Single,OH,49304,No,No,No,Cellular,Businessman,26328.0,4
C105308,64,Female,3,College,Unknown,TX,66073,No,No,No,Telephone,Government,52422.0,2
C105309,35,Female,0,College,Divorced,FL,93326,Yes,Yes,Yes,Telephone,Unemployed,24706.0,4
C105310,26,Male,0,College,Married,PA,70504,Yes,No,Yes,Telephone,Businessman,176181.0,5
C105311,53,Male,3,High School,Divorced,IL,70888,Yes,No,No,Cellular,Student,68087.0,5
C105312,31,Male,5,College,Unknown,GA,31923,No,Yes,Yes,Email,Student,75396.0,3
C105313,32,Female,2,High School,Single,NY,32667,Yes,Yes,No,Email,Retired,96794.0,5
C105314,44,Female,3,College,Single,IL,54809,No,Yes,Yes,Cellular,Salaried,54589.0,1
C105315,23,Female,1,High School,Unknown,IL,78216,No,No,No,Telephone,Businessman,151983.0,2
C105316,50,Female,5,Uneducated,Unknown,TX,75484,No,Yes,No,Email,Unemployed,47087.0,5
C105317,39,Male,1,Uneducated,Divorced,MI,49757,Yes,No,No,Cellular,Unemployed,164096.0,2
C105318,65,Female,3,Post-Graduate,Single,IL,26925,No,Yes,Yes,Email,Unemployed,25940.0,2
C105319,63,Female,2,High School,Unknown,FL,72254,No,No,Yes,Telephone,Government,173167.0,3
C105320,27,Male,5,Graduate,Divorced,IL,31792,No,Yes,No,Telephone,Businessman,110639.0,1
C105321,32,Female,0,Post-Graduate,Divorced,MI,33000,No,No,Yes,Email,Unemployed,66960.0,3
C105322,49,Female,5,Uneducated,Married,NC,57466,No,No,No,Cellular,Government,101942.0,5
C105323,68,Female,0,High School,Single,OH,88711,Yes,No,No,Cellular,Salaried,67050.0,5
C105324,28,Female,3,College,Divorced,CA,99862,No,No,No,Email,Unemployed,85949.0,2
C105325,41,Male,4,Graduate,Unknown,TX,63917,No,No,No,Telephone,Unemployed,71871.0,4
C105326,33,Male,0,Uneducated,Single,NC,27296,No,No,Yes,Cellular,Retired,65176.0,2
C105327,69,Male,1,Post-Graduate,Unknown,FL,75226,Yes,No,No,Email,Retired,76046.0,1
C105328,47,Male,1,High School,Unknown,FL,93199,No,Yes,Yes,Email,Student,171544.0,4
C105329,24,Female,4,Graduate,Divorced,MI,32136,Yes,No,No,Telephone,Businessman,170806.0,4
C105330,52,Female,4,High School,Divorced,PA,82173,No,No,No,Telephone,Businessman,45492.0,4
C105331,44,Female,1,College,Married,TX,66157,Yes,No,No,Cellular,Student,125248.0,5
C105332,61,Male,3,Post-Graduate,Unknown,TX,88976,Yes,No,No,Cellular,Student,84025.0,1
C105333,29,Male,3,High School,Divorced,NC,63608,Yes,No,No,Cellular,Retired,97671.0,5
C105334,30,Male,3,Uneducated,Married,IL,54631,No,Yes,No,Telephone,Retired,63634.0,2
C105335,31,Female,1,Post-Graduate,Single,OH,30894,No,Yes,No,Email,Retired,115812.0,2
C105336,53,Female,4,Uneducated,Married,IL,98783,No,Yes,Yes,Cellular,Self-employed,68470.0,2
C105337,69,Male,2,High School,Married,PA,64493,No,No,Yes,Cellular,Self-employed,57977.0,2
C105338,27,Male,1,Post-Graduate,Unknown,GA,95449,Yes,No,Yes,Cellular,Self-employed,57745.0,5
C105339,31,Female,1,Uneducated,Single,GA,64411,No,No,Yes,Email,Student,63584.0,4
C105340,65,nan,0,College,Unknown,NY,76639,No,Yes,Yes,Cellular,Self-employed,74818.0,1
C105341,48,Female,3,College,Unknown,NC,93133,Yes,Yes,No,Cellular,Businessman,170117.0,3
C105342,58,Male,0,High School,Married,MI,41340,Yes,Yes,No,Telephone,Student,106168.0,3
C105343,50,Male,5,Post-Graduate,Married,PA,75646,Yes,No,Yes,Telephone,Businessman,79592.0,2
C105344,28,Male,5,Graduate,Divorced,OH,25536,Yes,No,No,Telephone,Student,101348.0,5
C105345,47,Male,1,Post-Graduate,Married,TX,19240,No,No,No,Email,Unemployed,126562.0,2
C105346,42,Female,5,College,Divorced,FL,30694,No,No,No,Telephone,Salaried,90092.0,5
C105347,62,Female,1,Uneducated,Unknown,PA,49264,Yes,Yes,Yes,Cellular,Businessman,44598.0,4
C105348,52,Female,1,Graduate,Married,OH,63388,Yes,Yes,Yes,Cellular,Unemployed,48539.0,1
C105349,34,Male,2,High School,Single,PA,53665,No,Yes,Yes,Email,Student,132411.0,2
C105350,46,Female,0,Graduate,Single,IL,10729,Yes,Yes,No,Email,Government,105218.0,1
C105351,64,Female,4,High School,Unknown,NY,33705,Yes,Yes,Yes,Cellular,Student,18806.0,4
C105352,31,Female,3,Graduate,Unknown,OH,69867,Yes,No,No,Email,Salaried,131863.0,3
C105353,27,Female,3,High School,Married,IL,15901,No,Yes,No,Cellular,Student,133012.0,2
C105354,65,Female,2,High School,Divorced,NC,40501,No,No,No,Telephone,Salaried,20171.0,3
C105355,50,Male,0,Graduate,Married,FL,76826,No,No,No,Cellular,Self-employed,101451.0,1
C105356,22,Female,3,Graduate,Divorced,MI,74585,Yes,Yes,No,Email,Businessman,33358.0,1
C105357,55,Female,1,High School,Married,NY,79069,No,Yes,Yes,Telephone,Salaried,43242.0,3
C105358,46,Male,0,College,Single,OH,21143,Yes,No,Yes,Cellular,Government,141660.0,4
C105359,45,Male,5,Graduate,Single,OH,98974,No,No,Yes,Email,Businessman,161223.0,1
C105360,21,Female,3,nan,Divorced,CA,35724,Yes,No,No,Email,nan,83814.0,5
C105361,49,Female,0,nan,Married,IL,52596,Yes,No,Yes,Telephone,Student,151710.0,1
C105362,44,Female,2,High School,Unknown,TX,69766,No,Yes,Yes,Cellular,Salaried,38313.0,1
C105363,58,Female,4,High School,Divorced,NC,98325,No,No,No,Cellular,Unemployed,84030.0,5
C105364,21,Male,4,Uneducated,Single,NC,82732,Yes,Yes,Yes,Email,Government,138518.0,1
C105365,45,Female,0,College,Divorced,OH,25987,Yes,Yes,No,Telephone,Salaried,89317.0,4
C105366,54,Male,2,Uneducated,Married,NC,60612,Yes,Yes,No,Cellular,Unemployed,113176.0,5
C105367,62,Female,3,Graduate,Unknown,NY,50143,Yes,Yes,No,Telephone,Government,153547.0,1
C105368,64,Female,1,Uneducated,Unknown,MI,27831,Yes,No,No,Email,Retired,160478.0,5
C105369,25,Female,0,High School,Divorced,GA,40485,No,No,Yes,Cellular,Salaried,98820.0,1
C105370,61,Male,0,Uneducated,Married,MI,81366,Yes,Yes,Yes,Email,Self-employed,88749.0,1
C105371,32,Female,3,nan,Married,MI,75518,No,No,No,Cellular,Self-employed,67218.0,2
C105372,28,Female,1,Graduate,Unknown,MI,10537,No,Yes,Yes,Email,Self-employed,43029.0,1
C105373,62,Male,1,Uneducated,Single,CA,42787,No,Yes,Yes,Cellular,Salaried,72238.0,2
C105374,34,Female,3,High School,Married,TX,22148,No,No,No,Telephone,Unemployed,137812.0,1
C105375,40,Male,0,Graduate,Unknown,GA,71706,Yes,No,No,Cellular,Businessman,30983.0,4
C105376,67,Female,3,High School,Unknown,GA,55295,No,No,No,Cellular,Student,33640.0,3
C105377,60,Male,4,College,Married,MI,71154,No,No,Yes,Email,Businessman,19354.0,2
C105378,29,Male,3,Post-Graduate,Married,GA,53635,No,Yes,Yes,Cellular,Student,173709.0,3
C105379,25,Male,2,College,Divorced,OH,26989,Yes,Yes,No,Cellular,Government,174016.0,3
C105380,21,Female,0,Post-Graduate,Single,NY,45030,No,Yes,No,Cellular,Self-employed,156616.0,4
C105381,31,Male,5,Uneducated,Divorced,TX,73346,No,No,No,Email,Self-employed,74755.0,4
C105382,24,Male,5,Graduate,Divorced,NC,65227,No,No,Yes,Cellular,Student,54378.0,4
C105383,58,Female,2,Uneducated,Unknown,NY,63506,Yes,Yes,No,Telephone,Self-employed,129324.0,3
C105384,37,Male,0,Post-Graduate,Unknown,OH,65382,Yes,No,Yes,Telephone,Businessman,125263.0,1
C105385,24,Female,0,Post-Graduate,Single,CA,46417,Yes,Yes,No,Email,Salaried,62264.0,5
C105386,52,Female,4,Post-Graduate,Divorced,TX,87554,No,Yes,Yes,Cellular,Self-employed,144765.0,4
C105387,25,Male,3,High School,Divorced,CA,96604,Yes,Yes,Yes,Email,Retired,119181.0,2
C105388,42,Male,5,Graduate,Unknown,PA,89871,Yes,No,No,Cellular,Unemployed,167695.0,1
C105389,34,Female,3,Uneducated,Unknown,FL,98644,Yes,No,Yes,Email,Unemployed,165220.0,4
C105390,41,Male,5,Uneducated,Married,CA,89029,No,Yes,Yes,Cellular,Self-employed,168119.0,4
C105391,38,Male,5,College,Divorced,IL,90112,Yes,No,Yes,Cellular,Retired,116404.0,4
C105392,23,Male,5,Post-Graduate,Single,FL,16547,No,No,No,Email,Government,176945.0,5
C105393,31,Male,4,Post-Graduate,Divorced,MI,20874,No,No,Yes,Email,Salaried,64583.0,1
C105394,67,Female,4,Post-Graduate,Unknown,MI,64801,No,Yes,Yes,Email,Student,126972.0,4
C105395,59,Female,1,Uneducated,Married,NY,27378,No,No,Yes,Cellular,Salaried,125451.0,1
C105396,56,Male,2,College,Divorced,OH,28667,Yes,No,No,Email,Salaried,45309.0,1
C105397,47,Female,0,High School,Single,GA,10954,YES,No,No,Cellular,Student,177987.0,3
C105398,58,Male,1,Graduate,Unknown,FL,92758,No,Yes,No,Telephone,Salaried,31578.0,1
C105399,45,Male,3,High School,Married,NC,33860,No,Yes,Yes,Telephone,Government,53356.0,5
C105400,62,Male,1,Uneducated,Divorced,TX,59760,No,Yes,No,Cellular,Retired,26128.0,5
C105401,59,Male,3,Post-Graduate,Single,PA,60533,No,No,No,Cellular,Businessman,40378.0,5
C105402,55,Female,4,Graduate,Unknown,OH,16976,Yes,Yes,No,Email,Salaried,138628.0,5
C105403,35,Male,0,Uneducated,Single,OH,29293,Yes,No,No,Cellular,Businessman,141653.0,4
C105404,68,Female,0,Uneducated,Divorced,PA,37755,No,Yes,Yes,Cellular,Government,91516.0,1
C105405,41,Male,0,Uneducated,Unknown,NC,50414,Yes,No,No,Telephone,Government,166030.0,3
C105406,23,Female,5,Graduate,Divorced,CA,55078,Yes,Yes,No,Email,Unemployed,133840.0,4
C105407,44,Female,5,Graduate,Married,NC,37613,Yes,Yes,No,Email,Unemployed,69720.0,2
C105408,64,Female,4,College,Divorced,NC,31378,Yes,No,No,Cellular,Salaried,72065.0,4
C105409,25,Female,3,College,Married,FL,63706,No,Yes,Yes,Email,Self-employed,113923.0,4
C105410,57,Male,4,High School,Divorced,IL,66366,Yes,No,Yes,Telephone,Salaried,46982.0,4
C105411,53,Female,0,Graduate,Single,TX,55047,No,No,No,Telephone,Businessman,72762.0,4
C105412,44,Male,0,Graduate,Single,OH,23364,Yes,No,Yes,Telephone,Government,160095.0,3
C105413,26,Female,0,Graduate,Unknown,NY,64957,Yes,No,Yes,Cellular,Businessman,32338.0,5
C105414,67,Female,3,College,Single,GA,24435,No,No,No,Cellular,Businessman,135341.0,1
C105415,65,Female,3,Uneducated,Single,NC,57285,Yes,No,Yes,Telephone,Unemployed,44360.0,5
C105416,27,Male,1,Post-Graduate,Married,PA,60212,No,Yes,No,Telephone,Student,84364.0,3
C105417,39,Female,1,College,Single,NC,60611,Yes,Yes,Yes,Email,Government,131722.0,3
C105418,41,Male,2,Graduate,Married,PA,34082,No,Yes,No,Email,Government,102485.0,4
C105419,26,Male,3,College,Married,TX,13385,Yes,Yes,Yes,Email,Businessman,107068.0,4
C105420,60,Male,4,High School,Married,MI,89474,No,Yes,Yes,Email,Retired,75970.0,1
C105421,23,Female,3,Graduate,Divorced,TX,82676,Yes,Yes,No,Telephone,Government,174661.0,4
C105422,69,Female,1,High School,Married,NY,64250,No,No,Yes,Email,Retired,135262.0,1
C105423,34,Female,5,Graduate,Divorced,IL,13961,Yes,No,No,Telephone,Retired,90277.0,3
C105424,40,Female,0,College,Married,FL,33157,No,No,Yes,Telephone,Salaried,22178.0,1
C105425,34,Female,1,Uneducated,Divorced,PA,46343,No,Yes,No,Cellular,Student,147265.0,1
C105426,22,Female,1,Post-Graduate,Unknown,IL,88972,Yes,No,Yes,Email,Salaried,31227.0,2
C105427,45,Female,5,High School,Unknown,PA,10715,No,No,Yes,Telephone,Unemployed,30167.0,4
C105428,24,Male,1,College,Divorced,FL,96164,No,No,Yes,Cellular,Self-employed,127142.0,5
C105429,61,Female,2,Uneducated,Unknown,TX,43377,Yes,No,Yes,Cellular,Self-employed,64104.0,2
C105430,68,Male,2,College,Single,CA,89498,Yes,Yes,Yes,Telephone,Retired,163600.0,2
C105431,53,Male,2,High School,Married,IL,88910,Yes,No,No,Telephone,Businessman,171408.0,2
C105432,22,Female,4,Post-Graduate,Divorced,PA,72528,No,No,No,Email,Retired,136672.0,5
C105433,43,Female,2,College,Unknown,IL,54249,No,No,No,Email,Self-employed,138273.0,5
C105434,64,Male,4,Graduate,Unknown,IL,43816,Yes,Yes,No,Telephone,Salaried,89218.0,2
C105435,68,Male,3,Uneducated,Single,PA,86585,No,Yes,Yes,Telephone,Self-employed,179918.0,3
C105436,41,Female,3,College,Married,FL,75467,Yes,No,No,Cellular,Businessman,98730.0,2
C105437,35,Male,2,Uneducated,Single,FL,85471,No,No,No,Cellular,Government,101515.0,1
C105438,44,Male,3,Graduate,Divorced,GA,83704,Yes,Yes,Yes,Cellular,Student,72199.0,1
C105439,40,Male,3,Post-Graduate,Unknown,GA,29288,No,Yes,No,Cellular,Businessman,170349.0,5
C105440,58,Male,0,Post-Graduate,Unknown,TX,63071,Yes,No,Yes,Cellular,Businessman,111384.0,1
C105441,45,Female,2,Graduate,Unknown,OH,99841,Yes,Yes,No,Email,Businessman,123560.0,4
C105442,42,Female,2,Uneducated,Single,IL,74470,Yes,Yes,Yes,Cellular,Salaried,22641.0,4
C105443,67,Male,1,College,Single,IL,83381,No,Yes,Yes,Telephone,Government,49335.0,2
C105444,24,Male,1,Graduate,Married,TX,78895,No,No,Yes,Email,Businessman,61815.0,4
C105445,36,Male,3,High School,Divorced,NY,59815,No,Yes,No,Cellular,Government,33726.0,4
C105446,63,Female,1,Uneducated,Married,TX,28175,Yes,Yes,Yes,Cellular,Retired,23642.0,2
C105447,27,Female,0,Post-Graduate,Married,OH,71963,No,No,No,Cellular,Unemployed,21278.0,4
C105448,44,Male,2,Graduate,Unknown,TX,82778,No,No,Yes,Telephone,Unemployed,19308.0,3
C105449,54,Male,0,Post-Graduate,Single,NY,20102,Yes,No,Yes,Cellular,Businessman,20781.0,4
C105450,59,Male,2,Uneducated,Divorced,FL,58790,Yes,Yes,Yes,Telephone,Salaried,83920.0,5
C105451,49,Female,4,Post-Graduate,Married,IL,66553,Yes,Yes,Yes,Telephone,Businessman,23584.0,3
C105452,64,Male,5,Graduate,Divorced,OH,90246,Yes,No,Yes,Cellular,Unemployed,126956.0,2
C105453,46,Male,2,Uneducated,Unknown,CA,18150,No,No,Yes,Cellular,Retired,65294.0,2
C105454,34,Male,5,High School,Married,GA,90165,Yes,No,No,Email,nan,110141.0,3
C105455,67,Male,5,Graduate,Single,MI,18731,No,No,Yes,Email,Salaried,156955.0,2
C105456,40,Male,0,nan,Married,TX,69013,Yes,No,Yes,Email,Unemployed,69770.0,5
C105457,27,Female,3,Graduate,Unknown,PA,16568,No,Yes,No,Telephone,Businessman,158779.0,1
C105458,38,Female,1,Uneducated,Married,FL,90157,Yes,Yes,No,Cellular,Businessman,98474.0,1
C105459,63,Female,1,Graduate,Unknown,IL,61073,Yes,No,Yes,Email,nan,71902.0,2
C105460,30,Male,0,High School,Married,MI,27727,Yes,Yes,Yes,Telephone,Self-employed,119064.0,5
C105461,66,Female,1,High School,Divorced,PA,92483,Yes,No,Yes,Email,Self-employed,112267.0,2
C105462,50,Male,3,College,Single,NY,70516,Yes,Yes,Yes,Email,Unemployed,111217.0,1
C105463,23,Female,1,Post-Graduate,Unknown,TX,21646,No,Yes,No,Cellular,Businessman,95839.0,5
C105464,64,Female,4,Uneducated,Divorced,GA,59508,No,No,No,Cellular,Unemployed,49638.0,2
C105465,21,Male,2,Uneducated,Unknown,GA,37266,No,No,No,Telephone,Self-employed,105328.0,4
C105466,50,Male,4,Post-Graduate,Married,CA,89299,No,No,No,Cellular,Businessman,99021.0,1
C105467,65,Male,2,High School,Unknown,MI,62444,No,No,No,Email,Self-employed,59983.0,1
C105468,22,Female,4,High School,Unknown,GA,49228,Yes,Yes,Yes,Telephone,Government,140911.0,5
C105469,35,Male,1,Graduate,Single,NY,97956,Yes,Yes,No,Telephone,Retired,159711.0,4
C105470,31,Female,1,College,Divorced,MI,81187,No,No,Yes,Telephone,Unemployed,93476.0,4
C105471,52,Female,3,College,Married,MI,14201,No,Yes,No,Telephone,Businessman,133227.0,3
C105472,26,Female,4,College,Single,GA,75317,No,No,No,Cellular,Retired,64221.0,1
C105473,26,Male,2,Graduate,Unknown,MI,91551,No,No,Yes,Email,Businessman,104804.0,3
C105474,48,Male,5,College,Single,IL,66443,No,No,Yes,Cellular,Student,43815.0,4
C105475,45,Male,2,Post-Graduate,Unknown,CA,45305,Yes,No,Yes,Cellular,Student,161736.0,5
C105476,43,Female,1,Graduate,Married,GA,99286,No,No,Yes,Telephone,Salaried,121397.0,2
C105477,32,Female,1,Post-Graduate,Unknown,IL,92794,Yes,Yes,Yes,Cellular,Government,149050.0,2
C105478,68,Male,1,Graduate,Single,CA,18440,No,Yes,Yes,Cellular,Government,64238.0,1
C105479,68,Female,5,College,Single,FL,33361,Yes,Yes,No,Email,Salaried,157285.0,4
C105480,30,Female,4,Post-Graduate,Unknown,CA,29725,No,No,No,Telephone,Student,27773.0,3
C105481,37,Female,2,Post-Graduate,Divorced,NC,59720,No,No,No,Cellular,Unemployed,84601.0,5
C105482,22,Male,4,Post-Graduate,Single,MI,24446,Yes,Yes,No,Telephone,Salaried,146899.0,2
C105483,65,Female,2,Graduate,Divorced,NY,32317,Yes,Yes,No,Email,Student,69744.0,2
C105484,37,Female,2,Uneducated,Divorced,GA,67081,Yes,No,No,Cellular,Unemployed,98617.0,2
C105485,29,Male,3,College,Divorced,FL,11352,No,Yes,No,Email,Businessman,126469.0,3
C105486,67,Male,1,Post-Graduate,Divorced,NC,58343,No,No,No,Email,Retired,153982.0,1
C105487,27,Male,4,Uneducated,Single,NY,33841,No,No,Yes,Telephone,Salaried,116770.0,1
C105488,33,Male,4,College,Single,TX,79474,No,No,No,Telephone,Self-employed,61505.0,5
C105489,30,Male,1,College,Divorced,NY,22386,Yes,Yes,No,Telephone,Retired,132840.0,3
C105490,42,Male,4,Post-Graduate,Single,MI,67150,Yes,No,Yes,Cellular,Student,140169.0,1
C105491,48,Female,3,Post-Graduate,Divorced,IL,34425,Yes,No,Yes,Telephone,Businessman,98617.0,4
C105492,62,Female,4,Graduate,Divorced,CA,61068,Yes,Yes,No,Cellular,Unemployed,50611.0,3
C105493,34,Female,2,Uneducated,Divorced,TX,14843,Yes,No,Yes,Email,Self-employed,30082.0,2
C105494,39,Female,1,Uneducated,Unknown,CA,96950,Yes,No,Yes,Telephone,Self-employed,120506.0,2
C105495,21,Male,1,Post-Graduate,Married,MI,22444,Yes,Yes,Yes,Email,Unemployed,29150.0,3
C105496,47,nan,3,College,Single,GA,47201,No,Yes,Yes,Telephone,Government,65329.0,3
C105497,24,Male,5,Post-Graduate,Single,FL,32886,No,No,No,Email,Student,88573.0,3
C105498,44,Male,4,College,Divorced,TX,16011,Yes,Yes,Yes,Cellular,Businessman,155319.0,2
C105499,34,Female,2,nan,Unknown,GA,44928,Yes,Yes,No,Email,Student,155013.0,5
C105500,57,Female,0,Post-Graduate,Unknown,NC,32558,No,No,Yes,Cellular,Businessman,57357.0,1
C105501,43,Male,2,High School,Single,GA,71057,Yes,No,Yes,Telephone,Unemployed,141699.0,3
C105502,25,Male,2,Uneducated,Divorced,PA,30444,No,No,Yes,Telephone,Retired,63573.0,1
C105503,40,Male,4,College,Single,TX,73588,No,No,Yes,Telephone,Student,19673.0,4
C105504,42,Male,0,College,Divorced,GA,69794,Yes,No,Yes,Cellular,Retired,34554.0,1
C105505,66,Female,3,High School,Divorced,IL,58737,No,No,Yes,Telephone,Self-employed,92108.0,1
C105506,60,Male,4,Graduate,Married,IL,32640,No,Yes,Yes,Cellular,Government,152389.0,4
C105507,64,Female,1,High School,Divorced,NC,19965,No,No,Yes,Cellular,Unemployed,60632.0,4
C105508,69,Male,0,High School,Married,CA,71499,Yes,Yes,Yes,Email,Retired,76034.0,3
C105509,55,Male,1,College,Single,OH,88823,Yes,Yes,No,Telephone,Unemployed,89351.0,4
C105510,56,Male,0,Uneducated,Single,GA,92194,No,No,No,Email,Salaried,73678.0,4
C105511,25,Female,1,High School,Unknown,MI,19479,Yes,Yes,No,Cellular,Student,27072.0,2
C105512,53,Male,4,Graduate,Married,TX,77773,No,No,Yes,Email,Self-employed,99035.0,1
C105513,44,Female,5,Post-Graduate,Single,GA,93652,No,Yes,Yes,Telephone,Unemployed,67709.0,5
C105514,54,Female,0,High School,Married,CA,13729,Yes,Yes,Yes,Cellular,Salaried,65464.0,1
C105515,57,Female,3,High School,Single,GA,50531,No,Yes,No,Email,Retired,98742.0,5
C105516,45,Male,4,Graduate,Married,OH,62583,No,Yes,Yes,Telephone,Salaried,171359.0,4
C105517,57,Female,0,Uneducated,Married,FL,39879,No,Yes,No,Telephone,Salaried,20606.0,2
C105518,45,Female,1,High School,Divorced,OH,31734,No,Yes,No,Email,nan,169995.0,1
C105519,42,Male,2,High School,Single,MI,83676,No,No,Yes,Cellular,Self-employed,170861.0,1
C105520,65,Male,5,Uneducated,Unknown,OH,23017,No,Yes,No,Telephone,Retired,104020.0,5
C105521,25,Female,0,Graduate,Divorced,MI,22767,No,No,Yes,Cellular,Businessman,154846.0,3
C105522,28,Female,5,High School,Unknown,CA,81464,Yes,No,No,Telephone,Salaried,58825.0,1
C105523,61,Male,4,Uneducated,Married,TX,96159,Yes,Yes,Yes,Cellular,Government,42350.0,4
C105524,67,Female,1,High School,Divorced,OH,57545,No,Yes,Yes,Cellular,Unemployed,176284.0,5
C105525,47,Female,4,Post-Graduate,Married,IL,32263,Yes,Yes,Yes,Telephone,Businessman,104442.0,1
C105526,55,Female,1,College,Single,NC,76763,No,No,Yes,Email,Self-employed,120410.0,3
C105527,21,Male,4,Post-Graduate,Single,OH,34699,No,Yes,Yes,Email,Salaried,141773.0,1
C105528,40,Female,0,High School,Unknown,TX,15253,No,No,No,Email,Self-employed,52187.0,5
C105529,27,Male,5,Graduate,Single,CA,86606,No,Yes,Yes,Cellular,Self-employed,167876.0,3
C105530,65,Male,0,College,Unknown,IL,44986,Yes,Yes,Yes,Email,Salaried,145415.0,2
C105531,23,Male,5,Post-Graduate,Married,MI,32102,No,No,No,Email,Self-employed,92706.0,1
C105532,62,Female,0,Uneducated,Divorced,IL,77496,No,Yes,No,Telephone,Unemployed,23522.0,3
C105533,68,Male,1,Graduate,Single,OH,23205,Yes,No,Yes,Cellular,Unemployed,126416.0,4
C105534,29,Female,3,Post-Graduate,Married,CA,16777,Yes,Yes,No,Email,Government,93405.0,5
C105535,67,Male,4,Uneducated,Divorced,MI,19492,Yes,Yes,Yes,Telephone,Government,54176.0,3
C105536,34,Female,3,High School,Married,NY,11824,Yes,Yes,Yes,Cellular,Student,23734.0,5
C105537,39,Female,3,Uneducated,Unknown,PA,69062,Yes,Yes,Yes,Telephone,Unemployed,25124.0,2
C105538,47,Female,3,Post-Graduate,Married,GA,90932,Yes,Yes,No,Email,Salaried,147939.0,5
C105539,26,Male,2,Post-Graduate,Unknown,FL,32518,No,No,Yes,Cellular,Salaried,26371.0,2
C105540,27,Female,5,High School,Unknown,TX,52938,No,No,Yes,Cellular,Unemployed,97965.0,1
C105541,57,Female,5,Uneducated,Single,TX,42880,Yes,No,Yes,Email,Salaried,81493.0,1
C105542,46,Male,4,Uneducated,Unknown,TX,14974,Yes,No,Yes,Telephone,Student,29470.0,1
C105543,33,Male,2,High School,Unknown,NY,40275,No,No,Yes,Cellular,Retired,35827.0,4
C105544,57,Female,4,Uneducated,Married,CA,97240,Yes,Yes,Yes,Cellular,Government,49961.0,1
C105545,66,Male,2,High School,Unknown,IL,75054,Yes,Yes,Yes,Cellular,Government,65605.0,4
C105546,53,Male,4,Graduate,Unknown,MI,90580,Yes,Yes,No,Email,Salaried,100749.0,4
C105547,53,Male,0,Post-Graduate,Married,IL,86935,No,No,Yes,Telephone,Self-employed,28938.0,2
C105548,61,Female,3,Graduate,Divorced,IL,88114,Yes,Yes,Yes,Email,Businessman,155665.0,1
C105549,29,Male,5,College,Single,FL,75507,No,No,Yes,Cellular,Businessman,145983.0,4
C105550,35,Female,1,College,Married,TX,62791,No,No,No,Telephone,Salaried,119868.0,5
C105551,25,Male,3,College,Unknown,TX,55927,No,No,No,Telephone,Salaried,161978.0,2
C105552,49,Male,5,High School,Married,NY,45185,Yes,No,Yes,Email,Government,20671.0,1
C105553,27,nan,5,Uneducated,Divorced,IL,40220,Yes,No,Yes,Email,Unemployed,36569.0,4
C105554,51,Male,4,Graduate,Married,FL,85773,No,Yes,No,Cellular,Government,38483.0,4
C105555,54,Male,1,Graduate,Married,PA,18635,No,Yes,Yes,Email,Self-employed,94690.0,2
C105556,31,Male,3,Graduate,Married,NY,29012,Yes,Yes,Yes,Email,Government,50473.0,2
C105557,62,nan,4,Graduate,Married,NY,25121,No,Yes,Yes,Email,Businessman,140677.0,2
C105558,39,Female,3,College,Unknown,GA,99289,Yes,No,Yes,Email,Unemployed,84001.0,1
C105559,25,Female,4,Graduate,Married,PA,73902,No,No,No,Email,Businessman,58959.0,4
C105560,43,Female,2,Uneducated,Divorced,TX,49669,Yes,Yes,Yes,Cellular,Government,128955.0,5
C105561,67,Female,5,College,Married,IL,16591,Yes,Yes,No,Telephone,Businessman,22669.0,5
C105562,22,Female,2,Graduate,Married,TX,79566,No,Yes,Yes,Email,Retired,60495.0,5
C105563,63,Female,0,High School,Unknown,NY,38390,No,Yes,No,Telephone,Businessman,46448.0,2
C105564,24,Female,1,Post-Graduate,Unknown,TX,25890,Yes,Yes,Yes,Telephone,Businessman,110585.0,2
C105565,37,Male,5,Post-Graduate,Married,CA,51365,No,Yes,Yes,Email,Businessman,91098.0,2
C105566,51,Female,2,Post-Graduate,Unknown,OH,20915,No,No,No,Email,Student,98617.0,1
C105567,50,Female,4,College,Unknown,PA,62625,No,No,Yes,Telephone,Salaried,156963.0,4
C105568,22,Female,3,Graduate,Married,IL,98665,Yes,No,No,Cellular,Unemployed,25642.0,5
C105569,44,Male,0,College,Unknown,PA,15302,No,No,No,Telephone,Self-employed,179013.0,4
C105570,30,Female,3,Uneducated,Single,GA,78557,No,Yes,Yes,Cellular,Student,83272.0,5
C105571,48,nan,3,High School,Single,TX,61352,No,Yes,Yes,Telephone,Unemployed,57554.0,4
C105572,63,Female,1,High School,Single,TX,66335,No,Yes,No,Email,Self-employed,175647.0,2
C105573,52,Male,3,Post-Graduate,Unknown,IL,22629,Yes,Yes,No,Cellular,Student,37571.0,1
C105574,53,Female,1,Post-Graduate,Single,IL,76124,No,No,No,Telephone,Student,39940.0,5
C105575,38,Male,4,Post-Graduate,Divorced,CA,39198,Yes,Yes,Yes,Cellular,Self-employed,143609.0,3
C105576,44,Male,3,Graduate,Single,FL,50623,Yes,Yes,Yes,Email,Salaried,81527.0,5
C105577,57,Male,3,Uneducated,Divorced,NC,68734,No,No,Yes,Cellular,Unemployed,41075.0,1
C105578,50,Male,3,Uneducated,Unknown,GA,86892,No,Yes,No,Email,Government,53098.0,4
C105579,25,Female,4,nan,Single,TX,20332,Yes,No,Yes,Email,Student,112449.0,5
C105580,43,Male,2,Uneducated,Divorced,IL,46127,No,Yes,No,Cellular,Unemployed,63186.0,4
C105581,50,Male,2,Post-Graduate,Unknown,IL,98164,No,No,No,Email,Unemployed,159442.0,2
C105582,24,Female,4,High School,Single,OH,34528,Yes,No,No,Email,Salaried,79124.0,1
C105583,61,Male,0,Post-Graduate,Married,GA,23370,No,Yes,Yes,Email,Government,31121.0,1
C105584,44,Male,0,Uneducated,Single,NC,11470,No,Yes,Yes,Cellular,Unemployed,124917.0,5
C105585,23,Male,1,Post-Graduate,Single,OH,62406,No,No,No,Email,Self-employed,62156.0,4
C105586,35,Male,4,Uneducated,Single,NY,68877,Yes,Yes,No,Telephone,Student,19665.0,3
C105587,66,Male,5,College,Married,GA,74188,No,No,No,Email,Government,38942.0,4
C105588,21,Male,0,High School,Divorced,GA,55917,Yes,Yes,No,Telephone,Salaried,56721.0,4
C105589,30,Female,1,College,Divorced,NY,49934,Yes,No,Yes,Cellular,Unemployed,87731.0,4
C105590,65,Female,3,Graduate,Married,PA,70570,Yes,Yes,Yes,Telephone,Government,158763.0,4
C105591,46,Female,3,Post-Graduate,Single,MI,71211,No,No,No,Email,Self-employed,157981.0,4
C105592,32,Female,0,Graduate,Single,CA,50222,No,No,Yes,Email,Government,135789.0,5
C105593,21,Male,5,Post-Graduate,Single,OH,86128,Yes,Yes,Yes,Email,Businessman,44594.0,5
C105594,22,Male,1,College,Divorced,MI,24985,Yes,Yes,Yes,Email,Student,149975.0,3
C105595,31,Male,1,Uneducated,Divorced,NY,39091,No,No,Yes,Email,Salaried,159919.0,1
C105596,32,Female,5,Uneducated,Married,IL,49237,No,No,No,Email,Retired,133453.0,1
C105597,48,Female,2,Post-Graduate,Unknown,OH,13920,Yes,No,Yes,Cellular,Salaried,150883.0,3
C105598,53,Male,5,Uneducated,Married,MI,68829,No,Yes,No,Email,Student,110402.0,4
C105599,62,Male,0,College,Divorced,NC,37358,Yes,No,Yes,Telephone,Student,87710.0,2
C105600,23,Female,2,Uneducated,Single,CA,95131,Yes,No,No,Telephone,Businessman,42766.0,5
C105601,61,Female,4,College,Single,NC,58249,No,Yes,No,Telephone,Businessman,137629.0,3
C105602,69,Female,1,Graduate,Single,IL,95918,No,No,Yes,Cellular,Salaried,161001.0,1
C105603,39,Female,5,College,Single,PA,56961,No,Yes,Yes,Telephone,Retired,18824.0,4
C105604,38,Male,2,High School,Unknown,GA,27301,Yes,No,Yes,Telephone,Government,126051.0,4
C105605,57,Female,1,High School,Married,NY,44052,No,Yes,Yes,Telephone,Retired,80966.0,4
C105606,48,Female,4,High School,Married,OH,39665,No,Yes,No,Cellular,Student,123464.0,2
C105607,51,Male,2,Post-Graduate,Divorced,FL,52487,Yes,Yes,No,Telephone,Businessman,151599.0,3
C105608,27,Male,5,Post-Graduate,Married,NC,38604,Yes,Yes,Yes,Telephone,Businessman,169318.0,5
C105609,67,Male,4,Post-Graduate,Unknown,PA,81327,No,Yes,No,Cellular,Businessman,176655.0,5
C105610,58,Female,1,College,Unknown,OH,64790,No,Yes,No,Email,Government,-1000.0,5
C105611,25,Female,1,Post-Graduate,Unknown,PA,15857,Yes,No,Yes,Telephone,Unemployed,97957.0,4
C105612,39,Female,5,Graduate,Single,GA,78135,Yes,Yes,Yes,Email,Salaried,173227.0,1
C105613,33,Female,3,High School,Divorced,PA,17275,No,No,No,Telephone,Retired,50551.0,4
C105614,59,Male,1,College,Unknown,OH,29062,No,Yes,Yes,Cellular,Unemployed,35592.0,4
C105615,48,Male,3,High School,Married,GA,10042,Yes,Yes,Yes,Email,Salaried,98617.0,2
C105616,22,Female,4,Post-Graduate,Married,CA,23106,No,No,No,Cellular,Businessman,94674.0,4
C105617,26,Female,0,College,Married,MI,39211,Yes,Yes,No,Email,Government,59719.0,4
C105618,35,Female,4,Uneducated,Unknown,FL,42362,Yes,No,Yes,Cellular,Government,111410.0,2
C105619,48,Male,5,Graduate,Unknown,PA,98147,No,No,No,Email,Salaried,95763.0,4
C105620,57,Female,3,Post-Graduate,Married,CA,30354,No,No,No,Email,Student,39857.0,3
C105621,45,Male,5,Post-Graduate,Unknown,FL,63518,Yes,Yes,Yes,Email,Businessman,32668.0,3
C105622,52,Female,0,Graduate,Married,PA,22396,Yes,No,No,Telephone,Government,24721.0,3
C105623,57,Male,3,Graduate,Single,OH,43715,Yes,No,Yes,Email,Student,164083.0,2
C105624,56,Male,1,Uneducated,Unknown,PA,29094,No,No,Yes,Email,Self-employed,124141.0,5
C105625,50,Female,5,Post-Graduate,Single,FL,83530,Yes,Yes,No,Telephone,Retired,143391.0,3
C105626,65,Male,3,Post-Graduate,Single,OH,54881,Yes,Yes,No,Telephone,Businessman,44527.0,1
C105627,44,Male,0,High School,Unknown,MI,16846,Yes,Yes,Yes,Cellular,Retired,128286.0,1
C105628,38,Female,3,College,Married,NY,27330,No,Yes,No,Cellular,Self-employed,26110.0,4
C105629,21,Male,5,College,Divorced,PA,78265,Yes,Yes,No,Telephone,Salaried,148914.0,5
C105630,23,Female,2,High School,Single,IL,12209,No,No,Yes,Telephone,Salaried,81503.0,4
C105631,27,Male,2,College,Unknown,NY,89297,No,No,No,Telephone,Retired,138640.0,3
C105632,53,Male,4,Graduate,Single,NC,15929,Yes,No,No,Telephone,Salaried,165597.0,1
C105633,41,Male,4,College,Married,OH,18275,Yes,No,No,Telephone,Unemployed,156201.0,2
C105634,34,Male,0,College,Unknown,TX,66934,Yes,Yes,Yes,Cellular,Retired,137339.0,5
C105635,67,Female,3,High School,Divorced,OH,32643,No,Yes,No,Telephone,Government,82599.0,4
C105636,68,Female,1,Uneducated,Unknown,PA,33794,Yes,Yes,Yes,Telephone,Government,163593.0,1
C105637,57,Female,5,College,Single,OH,42827,No,Yes,No,Cellular,Student,83574.0,3
C105638,23,Male,0,College,Unknown,FL,81779,No,No,No,Email,Self-employed,148353.0,3
C105639,69,Male,5,Uneducated,Unknown,MI,41162,No,No,Yes,Cellular,Salaried,169978.0,5
C105640,57,Female,0,High School,Single,GA,58516,No,No,No,Cellular,Salaried,54382.0,4
C105641,45,Female,0,Uneducated,Divorced,GA,29531,No,Yes,No,Telephone,Government,91791.0,3
C105642,53,Female,5,High School,Married,OH,87041,No,No,No,Email,Government,93009.0,1
C105643,33,Female,4,Graduate,Unknown,OH,49427,Yes,No,Yes,Cellular,Government,30031.0,4
C105644,53,Male,0,High School,Divorced,MI,43783,Yes,Yes,Yes,Email,Businessman,105591.0,1
C105645,49,Female,3,Graduate,Married,GA,46503,No,Yes,Yes,Cellular,Self-employed,32393.0,3
C105646,39,Male,0,Graduate,Single,CA,47771,No,No,No,Telephone,Self-employed,113059.0,1
C105647,46,Female,1,High School,Divorced,PA,82867,Yes,Yes,Yes,Cellular,Businessman,24229.0,3
C105648,58,Male,0,Post-Graduate,Divorced,NY,32775,Yes,No,No,Cellular,Salaried,130908.0,2
C105649,29,Female,4,High School,Unknown,CA,46125,Yes,No,No,Cellular,Retired,147146.0,4
C105650,66,Female,4,College,Single,MI,92237,Yes,No,Yes,Email,Unemployed,128035.0,1
C105651,50,Male,1,College,Unknown,OH,87831,No,No,Yes,Email,Unemployed,125627.0,4
C105652,42,Male,0,Post-Graduate,Single,PA,50467,Yes,No,No,Telephone,Retired,25926.0,1
C105653,63,Female,0,Graduate,Married,IL,73814,No,Yes,Yes,Email,Student,125742.0,3
C105654,24,Male,5,Post-Graduate,Unknown,IL,43488,No,Yes,Yes,Email,Student,43494.0,3
C105655,27,Female,0,College,Single,NC,27275,Yes,Yes,No,Email,Salaried,68585.0,2
C105656,38,Male,4,Post-Graduate,Single,NC,76366,Yes,No,No,Telephone,Student,149818.0,1
C105657,26,Female,0,High School,Divorced,PA,78405,No,No,No,Telephone,Government,169773.0,2
C105658,49,Female,4,Post-Graduate,Unknown,TX,13937,No,Yes,Yes,Telephone,nan,116028.0,1
C105659,25,Female,4,Graduate,Unknown,OH,96088,No,Yes,No,Telephone,Retired,108440.0,2
C105660,26,Female,3,High School,Married,FL,21748,No,Yes,Yes,Cellular,Government,108356.0,4
C105661,54,Female,2,Uneducated,Single,IL,87307,Yes,No,No,Telephone,Student,79355.0,3
C105662,54,Female,4,College,Divorced,OH,96898,Yes,Yes,Yes,Telephone,Student,87630.0,1
C105663,21,Female,2,College,Single,OH,13619,Yes,Yes,Yes,Cellular,Self-employed,30363.0,5
C105664,38,Female,3,Post-Graduate,Single,MI,85661,Yes,No,No,Cellular,Unemployed,140235.0,5
C105665,47,Male,2,High School,Single,GA,42198,Yes,Yes,Yes,Email,Retired,116394.0,3
C105666,30,Male,2,Uneducated,Unknown,CA,98035,No,Yes,Yes,Email,Unemployed,67258.0,5
C105667,59,Male,1,High School,Single,IL,42878,No,No,Yes,Telephone,Government,76573.0,5
C105668,22,Female,1,College,Married,NC,64439,Yes,No,No,Email,Self-employed,51162.0,5
C105669,39,Female,5,High School,Divorced,OH,78082,Yes,Yes,Yes,Cellular,Retired,92406.0,2
C105670,47,Female,2,Uneducated,Divorced,NY,47444,No,No,No,Email,Student,91475.0,2
C105671,42,Male,4,Post-Graduate,Single,CA,31229,No,Yes,No,Email,Unemployed,28914.0,1
C105672,30,Male,0,Graduate,Divorced,GA,57531,Yes,Yes,Yes,Telephone,Retired,83541.0,2
C105673,64,Male,0,High School,Single,NC,12432,Yes,Yes,Yes,Cellular,Self-employed,18978.0,4
C105674,47,Male,3,Graduate,Unknown,MI,11087,No,Yes,No,Cellular,Self-employed,58116.0,1
C105675,32,Male,4,College,Divorced,IL,76014,Yes,No,No,Email,Student,20770.0,5
C105676,35,Female,5,Post-Graduate,Unknown,PA,24790,Yes,No,Yes,Email,Unemployed,24162.0,5
C105677,21,Male,2,Post-Graduate,Unknown,NY,17863,No,No,No,Email,Self-employed,116828.0,3
C105678,58,Female,1,High School,Married,IL,54929,No,Yes,No,Telephone,Government,27149.0,1
C105679,61,Female,0,Post-Graduate,Married,FL,41654,No,Yes,No,Email,Unemployed,77515.0,5
C105680,44,Female,2,High School,Divorced,GA,31973,Yes,Yes,Yes,Email,Student,173911.0,2
C105681,26,Male,0,High School,Single,GA,19071,No,No,Yes,Telephone,Self-employed,151496.0,5
C105682,49,Male,1,Graduate,Single,IL,23152,Yes,Yes,No,Cellular,Salaried,170667.0,5
C105683,26,Female,1,Post-Graduate,Single,GA,98716,No,Yes,Yes,Telephone,Government,58718.0,3
C105684,58,Male,5,High School,Single,PA,87771,Yes,Yes,Yes,Email,Government,117901.0,5
C105685,68,Male,4,Graduate,Married,MI,98098,Yes,No,No,Email,Government,137996.0,4
C105686,35,Female,2,Uneducated,Single,PA,28604,No,Yes,No,Cellular,Retired,169064.0,4
C105687,28,Female,2,Graduate,Single,FL,44646,Yes,Yes,Yes,Telephone,Businessman,151578.0,5
C105688,49,Female,3,Graduate,Unknown,MI,55589,Yes,No,Yes,Email,Student,123742.0,5
C105689,22,Female,3,High School,Single,TX,90582,No,No,Yes,Cellular,Businessman,86057.0,4
C105690,31,Female,1,College,Single,NC,97046,Yes,Yes,Yes,Email,Self-employed,142462.0,2
C105691,29,Male,4,College,Married,IL,51694,No,Yes,Yes,Cellular,Student,88816.0,1
C105692,36,Female,2,College,Divorced,MI,85271,Yes,No,Yes,Email,Retired,84541.0,4
C105693,44,Male,4,Graduate,Unknown,MI,59392,No,No,Yes,Email,Government,151530.0,3
C105694,54,Male,1,High School,Unknown,FL,84518,No,No,yes,Cellular,Government,111619.0,4
C105695,63,Female,1,Post-Graduate,Divorced,PA,40435,Yes,Yes,Yes,Cellular,Retired,115099.0,1
C105696,44,Female,3,Graduate,Unknown,FL,85302,No,No,Yes,Email,Unemployed,149795.0,4
C105697,69,Male,5,Graduate,Single,PA,33640,No,Yes,Yes,Cellular,Government,101211.0,1
C105698,58,Female,3,High School,Single,MI,52664,Yes,No,Yes,Email,Government,90057.0,2
C105699,58,Male,2,Uneducated,Divorced,GA,16500,No,Yes,No,Email,Self-employed,100681.0,2
C105700,45,Female,4,Graduate,Married,GA,19933,No,Yes,No,Telephone,nan,139276.0,5
C105701,61,Female,1,Uneducated,Married,PA,14709,No,No,No,Email,Unemployed,112213.0,2
C105702,53,Male,3,Uneducated,Unknown,CA,56196,No,No,Yes,Email,Salaried,170531.0,4
C105703,64,Male,4,College,Married,CA,88283,Yes,Yes,Yes,Cellular,Retired,72486.0,3
C105704,63,Female,1,High School,Married,TX,12080,No,No,No,Telephone,Student,26654.0,4
C105705,37,Female,4,Uneducated,Married,NY,72432,No,Yes,No,Cellular,Unemployed,103339.0,2
C105706,27,Female,5,High School,Married,CA,60263,No,Yes,Yes,Cellular,Salaried,29041.0,3
C105707,47,Male,0,College,Married,CA,77845,Yes,No,Yes,Email,Retired,55051.0,2
C105708,56,Female,0,High School,Married,PA,37258,Yes,Yes,Yes,Email,Student,142689.0,1
C105709,61,Female,3,Graduate,Married,OH,40374,No,No,No,Email,Retired,177870.0,4
C105710,39,Female,0,Uneducated,Unknown,GA,12523,No,Yes,Yes,Cellular,Government,160227.0,3
C105711,35,Female,1,High School,Single,TX,76302,Yes,Yes,No,Cellular,Retired,175097.0,5
C105712,26,Male,3,Post-Graduate,Married,CA,80846,No,No,No,Email,Unemployed,94524.0,3
C105713,56,Male,4,High School,Single,IL,67849,No,Yes,No,Cellular,Businessman,163400.0,3
C105714,25,Male,2,Uneducated,Divorced,GA,84311,No,Yes,Yes,Telephone,Unemployed,61376.0,3
C105715,65,Female,0,College,Single,FL,92354,No,Yes,Yes,Telephone,Self-employed,169126.0,5
C105716,25,Female,0,College,Divorced,NY,67750,Yes,No,No,Telephone,Student,85389.0,3
C105717,22,Female,3,Uneducated,Unknown,NC,33023,Yes,No,No,Cellular,Government,144521.0,4
C105718,63,Male,1,Graduate,Single,NC,91481,Yes,Yes,No,Telephone,Businessman,80183.0,3
C105719,38,Male,0,Graduate,Divorced,TX,58366,Yes,Yes,Yes,Email,Government,27095.0,2
C105720,52,Male,4,College,Single,OH,17931,Yes,Yes,Yes,Email,Unemployed,143180.0,3
C105721,67,Male,1,College,Unknown,CA,34941,No,No,Yes,Email,Self-employed,151783.0,3
C105722,69,Female,0,Uneducated,Single,GA,70835,Yes,Yes,No,Telephone,Unemployed,136507.0,5
C105723,49,Male,5,Graduate,Divorced,GA,99446,No,Yes,Yes,Telephone,Unemployed,104263.0,1
C105724,69,Male,5,College,Married,TX,56104,Yes,No,Yes,Cellular,Businessman,177759.0,5
C105725,40,Female,0,Graduate,Married,IL,69556,No,No,Yes,Email,Retired,125916.0,5
C105726,39,Male,4,College,Married,FL,82501,Yes,Yes,Yes,Cellular,Student,76360.0,3
C105727,36,Female,0,High School,Unknown,OH,28642,Yes,No,No,Telephone,Retired,38893.0,1
C105728,31,Female,1,Post-Graduate,Married,OH,82299,No,Yes,Yes,Cellular,Student,101084.0,5
C105729,48,Female,2,High School,Unknown,GA,35498,No,No,Yes,Email,Unemployed,44324.0,2
C105730,42,Female,2,College,Married,IL,81911,No,No,No,Cellular,Retired,145397.0,1
C105731,47,Female,0,Post-Graduate,Unknown,IL,46303,Yes,No,No,Cellular,Student,51259.0,5
C105732,37,Male,3,Post-Graduate,Unknown,GA,93798,Yes,No,Yes,Telephone,Student,94978.0,3
C105733,28,Male,1,College,Single,IL,53609,No,Yes,Yes,Telephone,Businessman,47327.0,2
C105734,28,Female,2,College,Married,CA,90427,Yes,Yes,No,Telephone,Self-employed,72317.0,1
C105735,43,Male,3,Graduate,Single,TX,71017,No,No,No,Telephone,Businessman,168014.0,2
C105736,52,Female,2,College,Divorced,NY,82489,Yes,Yes,Yes,Email,Student,125435.0,4
C105737,64,Male,3,Uneducated,Married,MI,46441,No,Yes,Yes,Email,Self-employed,57025.0,5
C105738,35,Male,0,College,Married,IL,53481,No,Yes,Yes,Cellular,Salaried,135455.0,3
C105739,47,Male,5,Uneducated,Married,GA,97815,Yes,No,No,Email,Salaried,31744.0,4
C105740,24,Male,3,College,Married,NC,36408,No,No,No,Cellular,Unemployed,27615.0,3
C105741,60,Male,0,Graduate,Single,NC,56840,Yes,Yes,Yes,Telephone,Retired,77801.0,5
C105742,52,Male,5,Uneducated,Single,CA,44668,Yes,Yes,Yes,Cellular,Businessman,40479.0,4
C105743,67,Male,3,High School,Unknown,CA,41640,Yes,Yes,No,Cellular,Student,174857.0,1
C105744,57,Female,3,Uneducated,Single,CA,52134,No,Yes,No,Email,Retired,41569.0,4
C105745,30,Female,3,Graduate,Unknown,CA,87847,No,No,No,Cellular,nan,168724.0,1
C105746,48,Female,1,Uneducated,Divorced,NC,91492,No,Yes,No,Email,Salaried,33169.0,1
C105747,52,Male,2,College,Single,CA,54372,Yes,Yes,Yes,Cellular,Unemployed,172909.0,3
C105748,52,Male,3,College,Unknown,OH,80656,Yes,Yes,Yes,Email,Government,152808.0,2
C105749,35,Female,0,Graduate,Married,PA,56727,No,Yes,No,Telephone,Government,166842.0,2
C105750,26,Female,3,Post-Graduate,Divorced,NC,96411,Yes,Yes,No,Email,Retired,164898.0,1
C105751,29,Male,1,College,Unknown,NC,90811,Yes,No,No,Telephone,Unemployed,52806.0,5
C105752,58,Female,1,High School,Divorced,FL,89243,Yes,No,No,Email,Retired,50737.0,2
C105753,50,Female,5,Graduate,Married,NC,84539,No,No,Yes,Telephone,Self-employed,36641.0,2
C105754,61,nan,1,Uneducated,Married,PA,66601,No,No,No,Telephone,Self-employed,177718.0,5
C105755,60,Female,3,Uneducated,Unknown,IL,87855,No,No,Yes,Email,Student,151615.0,3
C105756,36,Male,3,High School,Unknown,NC,88565,Yes,Yes,Yes,Telephone,Salaried,84464.0,1
C105757,45,Female,3,College,Married,OH,15376,Yes,No,Yes,Cellular,Businessman,20178.0,4
C105758,30,Female,2,Graduate,Unknown,NC,32426,No,No,Yes,Cellular,Businessman,108547.0,4
C105759,50,Female,3,High School,Married,IL,28890,No,No,Yes,Telephone,Government,58223.0,1
C105760,29,Female,4,College,Single,FL,37617,No,Yes,No,Telephone,Unemployed,146560.0,3
C105761,60,Male,1,Graduate,Unknown,MI,89175,Yes,Yes,Yes,Telephone,Unemployed,178799.0,4
C105762,66,Female,3,Uneducated,Divorced,TX,36084,No,Yes,No,Email,Unemployed,116723.0,2
C105763,27,Female,5,Graduate,Married,IL,41917,No,Yes,No,Cellular,Self-employed,41561.0,3
C105764,63,Female,2,Post-Graduate,Single,NC,94154,No,No,Yes,Telephone,Student,49578.0,5
C105765,68,Female,0,Graduate,Unknown,TX,36900,Yes,No,No,Telephone,Unemployed,129120.0,1
C105766,69,Female,1,Post-Graduate,Married,CA,20063,No,No,No,Email,Government,121145.0,4
C105767,60,Male,3,Graduate,Single,NY,44659,Yes,Yes,No,Cellular,Government,65230.0,1
C105768,32,Female,3,Post-Graduate,Unknown,MI,43982,No,No,Yes,Telephone,Student,67680.0,5
C105769,37,Female,0,Uneducated,Married,IL,82125,Yes,No,Yes,Cellular,Student,152777.0,4
C105770,45,Male,2,College,Married,TX,85733,No,Yes,Yes,Email,Retired,111750.0,1
C105771,67,Female,4,Post-Graduate,Married,PA,20038,No,Yes,No,Cellular,Salaried,57118.0,5
C105772,27,Male,0,Post-Graduate,Unknown,GA,29235,Yes,No,No,Telephone,Unemployed,67258.0,2
C105773,39,Female,2,Uneducated,Single,PA,11640,No,No,No,Telephone,Student,138140.0,5
C105774,37,Male,5,Post-Graduate,Married,MI,52352,No,No,No,Cellular,Student,69013.0,3
C105775,52,Male,2,High School,Single,NC,66679,No,No,Yes,Email,Government,124537.0,3
C105776,43,Female,5,Uneducated,Single,PA,21905,No,No,Yes,Email,Government,155939.0,5
C105777,65,Male,3,High School,Divorced,IL,29561,Yes,No,Yes,Email,Businessman,32683.0,2
C105778,52,Female,5,Uneducated,Single,FL,67042,Yes,Yes,No,Email,Retired,91858.0,1
C105779,46,Male,3,Post-Graduate,Single,NY,22310,Yes,Yes,No,Telephone,Businessman,144048.0,1
C105780,28,Male,1,High School,Single,PA,63594,Yes,No,No,Cellular,Businessman,141713.0,2
C105781,42,Female,3,Post-Graduate,Single,NY,54748,Yes,Yes,No,Telephone,Student,58932.0,4
C105782,66,Male,5,Uneducated,Single,IL,37173,Yes,No,Yes,Cellular,Salaried,80748.0,5
C105783,28,Female,5,Post-Graduate,Unknown,CA,70139,Yes,No,No,Cellular,Government,107549.0,3
C105784,66,Male,3,High School,Divorced,TX,19648,Yes,Yes,Yes,Email,Self-employed,85179.0,3
C105785,25,Male,2,High School,Married,MI,58108,No,Yes,Yes,Email,Unemployed,158465.0,3
C105786,32,Female,3,Post-Graduate,Divorced,IL,67474,No,No,No,Cellular,Unemployed,84324.0,1
C105787,47,Female,3,Graduate,Divorced,OH,96757,Yes,Yes,Yes,Cellular,Salaried,35624.0,1
C105788,40,Male,3,Uneducated,Married,GA,64928,Yes,No,Yes,Cellular,Retired,153560.0,2
C105789,31,Female,5,Uneducated,Single,OH,45122,Yes,Yes,No,Telephone,Unemployed,49691.0,4
C105790,56,Female,4,Post-Graduate,Married,OH,84109,No,No,Yes,Cellular,Self-employed,40539.0,5
C105791,22,Male,4,Graduate,Single,NY,22055,Yes,Yes,No,Telephone,Retired,140814.0,3
C105792,30,Male,1,High School,Married,PA,31884,Yes,No,No,Cellular,Unemployed,68970.0,2
C105793,62,Female,5,College,Unknown,IL,18710,Yes,Yes,Yes,Email,Student,48896.0,4
C105794,27,Male,0,College,Divorced,NC,87604,Yes,Yes,No,Cellular,Retired,141519.0,1
C105795,32,Female,2,Post-Graduate,Single,MI,16806,No,Yes,Yes,Cellular,Unemployed,139123.0,3
C105796,36,Female,1,Graduate,Divorced,FL,82638,Yes,No,Yes,Telephone,Self-employed,160432.0,5
C105797,51,Female,2,Graduate,Single,OH,20722,No,Yes,Yes,Cellular,Retired,30672.0,3
C105798,47,Female,0,Uneducated,Married,GA,41354,No,Yes,Yes,Telephone,Retired,116210.0,3
C105799,52,Female,0,High School,Married,PA,41701,No,No,Yes,Telephone,Businessman,84550.0,5
C105800,62,Female,5,Graduate,Married,TX,91997,Yes,No,Yes,Email,Retired,161670.0,2
C105801,60,Male,1,College,Unknown,IL,94653,No,Yes,No,Email,Government,91833.0,5
C105802,47,Female,4,High School,Married,CA,83645,Yes,Yes,Yes,Email,Salaried,36974.0,5
C105803,45,Male,4,High School,Married,GA,52668,Yes,Yes,Yes,Email,Businessman,146275.0,1
C105804,60,Female,4,Post-Graduate,Unknown,NY,52846,Yes,Yes,No,Telephone,Government,140231.0,2
C105805,25,Male,3,Graduate,Divorced,MI,87016,Yes,No,No,Cellular,Unemployed,73526.0,2
C105806,24,Male,3,Post-Graduate,Divorced,OH,47093,Yes,Yes,Yes,Telephone,Retired,115864.0,4
C105807,64,Male,1,Graduate,Single,NC,54828,Yes,No,No,Email,Unemployed,94320.0,4
C105808,63,Female,3,Uneducated,Divorced,CA,71956,Yes,No,Yes,Cellular,Businessman,135393.0,1
C105809,35,Male,2,Post-Graduate,Single,FL,21652,Yes,Yes,No,Telephone,Salaried,135680.0,1
C105810,33,Male,1,Post-Graduate,Single,OH,14430,No,No,No,Cellular,Student,50576.0,4
C105811,53,Female,1,College,Divorced,NC,48603,Yes,Yes,No,Telephone,Self-employed,72811.0,4
C105812,25,Male,0,Post-Graduate,Divorced,NY,28519,No,No,Yes,Cellular,Student,150448.0,2
C105813,26,Male,0,Graduate,Unknown,NY,18686,Yes,No,No,Cellular,Retired,170038.0,4
C105814,65,Female,1,College,Single,PA,58368,No,No,No,Email,Retired,145866.0,5
C105815,45,Male,4,Post-Graduate,Divorced,TX,77114,No,Yes,Yes,Email,Unemployed,117217.0,3
C105816,45,Male,0,Post-Graduate,Divorced,FL,13840,Yes,No,Yes,Cellular,Self-employed,155066.0,5
C105817,30,Female,3,Uneducated,Unknown,TX,69588,No,No,No,Cellular,Self-employed,99388.0,4
C105818,32,Male,1,Post-Graduate,Divorced,CA,41475,Yes,No,No,Email,Unemployed,70104.0,3
C105819,23,Male,2,High School,Married,PA,59704,No,No,No,Telephone,Retired,146598.0,1
C105820,49,Male,1,College,Married,NY,88078,Yes,No,Yes,Cellular,Salaried,53481.0,4
C105821,49,Male,2,High School,Single,NY,83802,No,No,Yes,Telephone,Salaried,130682.0,4
C105822,63,Female,0,College,Unknown,OH,89490,No,Yes,No,Email,Student,143472.0,1
C105823,44,Female,4,Uneducated,Divorced,IL,87686,Yes,No,Yes,Cellular,Government,133727.0,4
C105824,44,Female,5,Post-Graduate,Single,GA,57736,No,No,No,Telephone,Government,142754.0,3
C105825,45,Female,2,Post-Graduate,Divorced,NY,43548,Yes,Yes,No,Email,Student,155887.0,1
C105826,67,Male,4,Post-Graduate,Married,MI,72707,Yes,No,Yes,Cellular,Unemployed,125018.0,1
C105827,69,Female,5,College,Divorced,GA,81480,No,No,Yes,Telephone,Self-employed,63671.0,2
C105828,57,Female,2,nan,Divorced,OH,15964,No,Yes,Yes,Cellular,Unemployed,66750.0,4
C105829,25,Male,4,High School,Divorced,MI,89085,No,Yes,Yes,Telephone,Salaried,132175.0,2
C105830,31,Male,2,Post-Graduate,Married,GA,87584,Yes,No,No,Telephone,Student,67893.0,3
C105831,60,Male,1,Uneducated,Married,TX,62360,Yes,No,No,Cellular,Government,88411.0,3
C105832,63,Female,5,High School,Unknown,GA,36282,Yes,No,Yes,Email,Self-employed,21144.0,1
C105833,42,Male,1,Post-Graduate,Married,PA,91329,Yes,No,No,Cellular,Government,83329.0,2
C105834,35,Male,0,Post-Graduate,Single,NY,44955,No,Yes,Yes,Email,Self-employed,122775.0,4
C105835,29,Male,1,Graduate,Divorced,PA,58062,Yes,No,Yes,Telephone,Government,48202.0,3
C105836,26,Female,3,College,Married,IL,46851,Yes,Yes,No,Telephone,Retired,-1000.0,2
C105837,46,Female,0,High School,Single,TX,64430,No,No,Yes,Telephone,Businessman,122566.0,1
C105838,26,Female,1,Graduate,Married,CA,25242,No,Yes,No,Email,Self-employed,50644.0,5
C105839,52,Female,1,Uneducated,Divorced,OH,44391,No,No,Yes,Telephone,Self-employed,145262.0,1
C105840,63,Female,3,College,Single,NY,96546,Yes,Yes,No,Cellular,Unemployed,116325.0,1
C105841,40,Female,4,High School,Married,CA,64793,No,Yes,Yes,Telephone,Self-employed,45603.0,2
C105842,55,Female,1,Post-Graduate,Married,CA,38233,No,Yes,No,Email,Businessman,63176.0,5
C105843,63,Male,2,High School,Single,OH,51586,Yes,Yes,Yes,Email,Businessman,146075.0,4
C105844,23,Male,4,Post-Graduate,Unknown,CA,46482,Yes,Yes,Yes,Cellular,Unemployed,146082.0,1
C105845,38,Male,2,College,Single,NC,94433,Yes,No,Yes,Cellular,Government,20404.0,1
C105846,55,Female,5,Post-Graduate,Single,PA,90645,Yes,No,No,Email,Salaried,96493.0,5
C105847,30,Female,4,Uneducated,Single,FL,76140,No,No,Yes,Email,Unemployed,147174.0,4
C105848,56,Male,5,Post-Graduate,Single,FL,75886,Yes,Yes,Yes,Cellular,Retired,68105.0,1
C105849,50,Male,2,Uneducated,Married,IL,80191,No,Yes,Yes,Cellular,Government,131428.0,1
C105850,46,Female,1,College,Single,NY,59447,No,No,Yes,Cellular,Self-employed,123402.0,2
C105851,50,Female,5,College,Single,IL,68496,Yes,Yes,Yes,Cellular,Self-employed,169364.0,2
C105852,51,Female,2,High School,Divorced,NY,99862,Yes,Yes,No,Email,Retired,120918.0,3
C105853,24,Female,1,Uneducated,Married,FL,19924,Yes,Yes,No,Telephone,Unemployed,87195.0,2
C105854,44,Female,3,Uneducated,Divorced,MI,78979,Yes,Yes,No,Email,Government,28344.0,4
C105855,21,Female,2,Graduate,Married,IL,42510,No,No,Yes,Cellular,Student,75546.0,3
C105856,46,Female,0,Graduate,Unknown,PA,99254,Yes,No,No,Email,Salaried,120395.0,2
C105857,69,Female,0,Graduate,Unknown,PA,96712,Yes,No,Yes,Cellular,Businessman,19830.0,5
C105858,49,Male,2,Post-Graduate,Married,NC,15518,No,Yes,No,Email,Salaried,98617.0,2
C105859,58,Female,1,Graduate,Unknown,FL,21958,No,No,No,Cellular,Student,139154.0,2
C105860,56,Female,4,Uneducated,Unknown,IL,15221,No,Yes,No,Cellular,Government,150710.0,2
C105861,29,Female,3,Post-Graduate,Married,PA,40368,Yes,No,Yes,Email,Unemployed,135469.0,1
C105862,62,Male,2,College,Single,FL,30639,No,No,Yes,Cellular,Government,53714.0,5
C105863,52,Male,5,High School,Divorced,PA,19413,No,Yes,Yes,Telephone,Self-employed,56341.0,3
C105864,57,Female,3,Graduate,Married,NY,70049,No,No,No,Cellular,Retired,105903.0,1
C105865,60,Male,1,College,Married,OH,49940,Yes,Yes,Yes,Cellular,Government,70293.0,5
C105866,38,Male,0,Uneducated,Married,TX,65915,No,No,Yes,Cellular,Student,63751.0,3
C105867,44,Male,1,High School,Divorced,MI,45846,Yes,No,No,Telephone,Government,107155.0,2
C105868,60,Female,1,College,Married,FL,17616,No,No,No,Email,Unemployed,37596.0,1
C105869,38,Female,2,High School,Divorced,NC,39559,No,No,Yes,Telephone,Government,176640.0,3
C105870,59,Female,3,Graduate,Divorced,IL,34556,No,No,No,Telephone,Student,117562.0,2
C105871,28,Female,4,Uneducated,Unknown,NC,14939,No,No,Yes,Telephone,Businessman,68114.0,1
C105872,59,Female,3,High School,Single,MI,16747,No,Yes,No,Email,Salaried,121778.0,3
C105873,31,Female,4,College,Unknown,MI,23577,No,No,Yes,Cellular,Unemployed,88123.0,3
C105874,63,Female,0,Graduate,Married,MI,23111,Yes,No,Yes,Telephone,Government,55911.0,1
C105875,55,Male,3,Graduate,Married,MI,18796,Yes,Yes,No,Cellular,Salaried,140519.0,1
C105876,44,Female,4,College,Divorced,PA,72959,Yes,Yes,No,Telephone,Salaried,122813.0,3
C105877,33,Female,3,College,Unknown,GA,52719,No,No,Yes,Telephone,Self-employed,102804.0,4
C105878,51,Female,1,High School,Divorced,IL,56688,Yes,No,No,Telephone,Businessman,108611.0,2
C105879,50,Female,0,Post-Graduate,Unknown,IL,99827,No,Yes,Yes,Telephone,Salaried,178914.0,3
C105880,49,Female,3,Graduate,Unknown,TX,77836,Yes,No,No,Telephone,Self-employed,32936.0,1
C105881,62,Female,5,High School,Unknown,OH,35159,No,No,Yes,Telephone,Student,154391.0,3
C105882,26,Female,1,College,Unknown,NY,45651,Yes,No,No,Email,Student,79251.0,1
C105883,23,Female,5,High School,Unknown,TX,33336,No,Yes,Yes,Cellular,Student,131134.0,2
C105884,48,Male,1,College,Single,NY,85870,No,No,No,Cellular,Retired,91712.0,1
C105885,30,Male,0,Uneducated,Married,GA,75082,Yes,Yes,Yes,Email,Retired,123349.0,1
C105886,54,Female,3,College,Unknown,FL,67645,No,No,Yes,Telephone,Unemployed,61627.0,4
C105887,21,Female,5,College,Unknown,MI,22598,Yes,Yes,No,Email,Student,158991.0,1
C105888,32,Male,2,College,Divorced,GA,18521,Yes,Yes,No,Email,Student,91191.0,5
C105889,56,Female,2,Post-Graduate,Married,GA,13542,Yes,No,Yes,Email,Self-employed,165172.0,5
C105890,52,Female,5,College,Married,GA,43179,Yes,Yes,Yes,Cellular,Businessman,46425.0,4
C105891,31,Male,2,Graduate,Married,GA,18244,No,Yes,No,Email,Businessman,131397.0,2
C105892,21,Female,1,Graduate,Unknown,GA,45383,Yes,No,No,Telephone,Self-employed,66791.0,2
C105893,68,Female,3,High School,Divorced,NC,43819,No,Yes,Yes,Email,Self-employed,178995.0,1
C105894,26,Female,4,Post-Graduate,Married,NY,68029,No,Yes,Yes,Cellular,Retired,98617.0,4
C105895,47,Male,3,High School,Divorced,NC,12475,No,Yes,Yes,Cellular,Government,146814.0,4
C105896,35,Male,0,Graduate,Single,GA,80186,Yes,Yes,No,Telephone,Salaried,31239.0,4
C105897,30,Female,4,Graduate,Single,MI,71172,No,No,No,Email,Retired,115332.0,5
C105898,44,Male,0,Uneducated,Divorced,CA,94272,No,No,Yes,Telephone,Unemployed,98617.0,2
C105899,28,Male,5,College,Unknown,IL,17610,Yes,No,No,Email,Retired,42335.0,5
C105900,37,Male,5,Graduate,Married,NY,29995,No,Yes,Yes,Telephone,Student,60243.0,2
C105901,44,Female,3,High School,Single,MI,34230,No,No,Yes,Telephone,Retired,170599.0,3
C105902,33,Male,0,High School,Single,IL,79974,No,Yes,No,Telephone,Retired,30526.0,1
C105903,29,Male,1,College,Divorced,GA,19716,No,No,No,Cellular,Salaried,137966.0,3
C105904,26,Male,2,College,Unknown,NC,70085,No,Yes,No,Cellular,Government,101319.0,1
C105905,49,Female,3,Uneducated,Divorced,NC,98013,Yes,No,Yes,Email,Unemployed,144039.0,1
C105906,43,Male,4,Post-Graduate,Divorced,CA,27691,Yes,Yes,No,Cellular,Businessman,42575.0,4
C105907,42,Male,4,High School,Divorced,OH,22012,Yes,Yes,No,Telephone,Unemployed,144202.0,5
C105908,41,Female,0,College,Divorced,GA,43064,Yes,Yes,No,Cellular,Student,126405.0,5
C105909,37,Male,2,High School,Divorced,MI,18286,Yes,Yes,Yes,Cellular,Retired,105395.0,2
C105910,54,Male,5,College,Unknown,TX,54493,No,No,Yes,Email,Retired,39973.0,4
C105911,46,Male,3,Graduate,Divorced,PA,15505,Yes,Yes,Yes,Telephone,Businessman,87089.0,5
C105912,45,Female,1,High School,Unknown,TX,37882,No,Yes,No,Cellular,Self-employed,176219.0,2
C105913,68,Female,0,Graduate,Married,NC,20395,No,Yes,Yes,Cellular,Unemployed,124216.0,2
C105914,58,Male,3,High School,Married,TX,75814,Yes,No,Yes,Email,Salaried,53433.0,2
C105915,23,Male,3,Post-Graduate,Married,NY,94473,Yes,No,Yes,Email,Businessman,162806.0,5
C105916,23,Male,5,Uneducated,Married,NC,74111,No,No,No,Telephone,Government,102981.0,1
C105917,34,Male,2,Graduate,Single,GA,61179,No,Yes,Yes,Email,Businessman,119169.0,4
C105918,62,Male,4,College,Unknown,GA,26535,Yes,Yes,Yes,Telephone,Student,65557.0,4
C105919,30,Male,5,Post-Graduate,Married,NY,40537,Yes,No,Yes,Telephone,Student,47490.0,2
C105920,22,Female,2,High School,Single,PA,15528,No,Yes,No,Cellular,Salaried,118254.0,2
C105921,27,Male,0,Graduate,Unknown,IL,30503,No,No,Yes,Cellular,Self-employed,127296.0,2
C105922,34,Male,0,High School,Single,NY,70423,Yes,Yes,Yes,Cellular,Retired,69446.0,2
C105923,69,Male,5,High School,Single,IL,82168,Yes,Yes,Yes,Cellular,Student,178056.0,2
C105924,37,Female,2,High School,Divorced,FL,71752,Yes,No,No,Cellular,Government,143851.0,2
C105925,30,Male,3,Uneducated,Single,NC,18797,No,Yes,No,Telephone,Unemployed,134931.0,4
C105926,55,Female,4,Uneducated,Single,CA,57508,No,Yes,Yes,Cellular,Salaried,169580.0,2
C105927,69,Male,0,College,Unknown,PA,75509,No,Yes,Yes,Cellular,Student,85662.0,1
C105928,65,Male,2,Graduate,Single,OH,94742,No,No,Yes,Cellular,Government,105392.0,3
C105929,47,Male,0,Post-Graduate,Divorced,PA,56623,Yes,Yes,No,Telephone,Retired,45140.0,5
C105930,68,Male,4,Post-Graduate,Married,IL,42219,Yes,Yes,No,Email,Businessman,111683.0,5
C105931,23,Male,5,Post-Graduate,Married,FL,36217,No,Yes,No,Email,Retired,43441.0,4
C105932,67,Male,1,High School,Unknown,IL,94425,No,Yes,No,Cellular,Government,127461.0,5
C105933,45,Female,1,Uneducated,Unknown,NC,61840,Yes,No,Yes,Email,Retired,38553.0,2
C105934,27,Male,5,Graduate,Single,IL,80246,No,No,Yes,Telephone,Salaried,19144.0,1
C105935,33,Male,3,High School,Unknown,MI,36125,Yes,No,No,Cellular,Student,124785.0,4
C105936,59,Male,3,Uneducated,Single,GA,76459,Yes,Yes,No,Telephone,Self-employed,55428.0,4
C105937,63,Female,1,Uneducated,Unknown,OH,43360,No,No,No,Telephone,Self-employed,170914.0,1
C105938,66,Male,4,Graduate,Married,FL,53055,No,No,Yes,Cellular,Government,88164.0,2
C105939,45,Female,2,Graduate,Married,MI,13513,Yes,Yes,No,Telephone,Government,82292.0,4
C105940,63,Male,2,Graduate,Married,IL,22014,Yes,Yes,No,Cellular,Government,109543.0,1
C105941,49,Male,5,High School,Married,OH,66068,No,Yes,No,Telephone,Student,103599.0,2
C105942,39,Female,4,College,Single,PA,56695,No,No,No,Email,Self-employed,105871.0,1
C105943,59,Female,2,Graduate,Single,TX,28838,No,Yes,No,Email,Self-employed,95661.0,2
C105944,42,Male,3,College,Single,MI,15999,Yes,No,Yes,Email,Salaried,103220.0,5
C105945,22,Female,2,nan,Married,TX,95733,No,Yes,No,Telephone,Salaried,32181.0,1
C105946,42,Female,5,College,Divorced,NY,19345,Yes,No,No,Cellular,Businessman,121213.0,2
C105947,55,Male,2,Post-Graduate,Married,TX,42766,Yes,Yes,Yes,Email,Student,151347.0,3
C105948,54,Male,3,College,Married,MI,98533,No,Yes,No,Cellular,Government,95982.0,5
C105949,25,Male,5,Graduate,Divorced,CA,30594,Yes,No,No,Email,Salaried,43777.0,4
C105950,47,Female,0,High School,Divorced,NC,80207,No,Yes,No,Email,Businessman,26490.0,1
C105951,38,Male,5,Graduate,Unknown,NY,93547,No,No,Yes,Telephone,Businessman,30109.0,2
C105952,68,Male,1,Post-Graduate,Married,TX,44845,No,Yes,No,Email,Self-employed,62741.0,4
C105953,23,Female,2,Graduate,Divorced,IL,34132,No,No,Yes,Cellular,Student,66786.0,4
C105954,67,Female,1,Graduate,Unknown,MI,72151,No,No,Yes,Cellular,Student,170497.0,4
C105955,41,Male,1,Graduate,Divorced,FL,55881,Yes,Yes,No,Email,Retired,147213.0,4
C105956,44,Female,4,Uneducated,Divorced,IL,98353,No,Yes,Yes,Cellular,Government,151018.0,2
C105957,46,Female,4,Post-Graduate,Unknown,PA,45182,Yes,Yes,No,Cellular,Student,70775.0,2
C105958,40,Female,4,Graduate,Married,IL,93416,No,No,Yes,Cellular,Retired,162990.0,3
C105959,33,Male,5,Graduate,Unknown,MI,54134,No,No,Yes,Cellular,Government,116380.0,3
C105960,26,Male,0,Graduate,Married,CA,66001,No,No,Yes,Cellular,Student,137246.0,2
C105961,46,Male,0,High School,Divorced,PA,75655,No,No,No,Email,Self-employed,36112.0,2
C105962,68,Female,1,Uneducated,Unknown,NC,70834,Yes,No,No,Cellular,Retired,103920.0,3
C105963,63,Male,1,High School,Single,TX,41185,No,No,Yes,Cellular,Businessman,132811.0,2
C105964,50,Male,1,Uneducated,Divorced,NY,59256,No,No,No,Email,Student,162225.0,1
C105965,34,Female,1,Graduate,Unknown,PA,75586,No,Yes,Yes,Telephone,Unemployed,104335.0,1
C105966,67,Female,3,Post-Graduate,Divorced,TX,47718,Yes,No,No,Cellular,Student,24127.0,1
C105967,57,Male,1,College,Unknown,FL,41537,No,Yes,Yes,Telephone,Self-employed,176177.0,1
C105968,58,Female,4,College,Married,PA,67264,Yes,No,No,Telephone,Salaried,116196.0,4
C105969,50,Male,1,Graduate,Single,PA,10475,No,No,Yes,Email,Government,52172.0,1
C105970,35,Male,5,High School,Divorced,NY,55775,No,No,No,Telephone,Salaried,60688.0,3
C105971,39,Male,4,Post-Graduate,Single,TX,23143,No,Yes,No,Telephone,Businessman,130831.0,4
C105972,31,Female,4,Uneducated,Married,NC,17308,No,No,No,Telephone,Salaried,172769.0,3
C105973,40,Female,1,Graduate,Unknown,NY,75649,No,No,No,Email,Unemployed,118831.0,5
C105974,45,Male,1,Post-Graduate,Single,TX,54600,No,No,No,Cellular,Unemployed,25646.0,5
C105975,58,Male,2,Post-Graduate,Unknown,NC,69624,No,Yes,Yes,Email,Businessman,85711.0,2
C105976,63,Male,4,Uneducated,Married,FL,45439,Yes,Yes,Yes,Email,Government,91468.0,4
C105977,50,Male,1,Post-Graduate,Divorced,CA,72317,No,No,No,Email,Self-employed,54049.0,1
C105978,60,Female,5,High School,Married,NY,92845,No,No,No,Cellular,Unemployed,70032.0,5
C105979,43,Male,5,High School,Single,TX,73607,Yes,No,Yes,Telephone,Unemployed,139276.0,4
C105980,64,Male,1,High School,Single,NC,27921,No,Yes,No,Cellular,Businessman,107418.0,1
C105981,37,Female,2,Post-Graduate,Single,NC,57436,No,No,No,Telephone,Government,18893.0,5
C105982,21,Male,3,High School,Unknown,PA,19793,Yes,No,No,Cellular,Retired,171791.0,2
C105983,62,Male,4,Uneducated,Divorced,PA,42088,No,No,No,Email,Self-employed,92013.0,3
C105984,34,Male,4,Post-Graduate,Single,TX,61377,No,Yes,Yes,Email,Salaried,18744.0,2
C105985,59,Male,2,College,Single,IL,68471,Yes,No,No,Telephone,Salaried,117965.0,5
C105986,38,Male,3,Post-Graduate,Single,FL,65159,Yes,No,Yes,Email,Businessman,67755.0,3
C105987,61,Female,0,Uneducated,Married,MI,63049,No,Yes,Yes,Email,Student,97705.0,5
C105988,36,Female,5,College,Single,MI,10483,Yes,No,Yes,Cellular,Retired,151078.0,5
C105989,30,Female,5,Post-Graduate,Married,NC,80706,Yes,No,Yes,Telephone,Student,28889.0,1
C105990,64,Female,2,High School,Single,NC,74174,Yes,No,No,Cellular,Retired,106650.0,4
C105991,29,Male,1,Graduate,Married,CA,75408,No,Yes,Yes,Cellular,Self-employed,25798.0,3
C105992,34,Female,1,Graduate,Unknown,GA,81384,No,Yes,No,Email,Salaried,79292.0,2
C105993,22,Female,1,High School,Unknown,NC,54123,Yes,No,No,Cellular,Government,54933.0,3
C105994,62,Female,0,Graduate,Married,IL,71703,Yes,Yes,Yes,Telephone,Retired,171621.0,4
C105995,41,Female,1,Graduate,Divorced,FL,22686,Yes,No,Yes,Email,Self-employed,143829.0,4
C105996,62,Female,0,High School,Divorced,MI,62963,Yes,No,No,Telephone,Businessman,155278.0,4
C105997,22,Female,2,High School,Married,FL,41467,No,Yes,No,Telephone,Retired,90369.0,1
C105998,26,Female,0,Post-Graduate,Unknown,NY,13379,No,Yes,Yes,Telephone,Businessman,168521.0,5
C105999,31,Female,1,Post-Graduate,Married,NC,63943,No,Yes,Yes,Telephone,Self-employed,103366.0,2
C106000,61,Male,4,High School,Divorced,IL,75149,No,No,No,Cellular,Government,179404.0,2
C106001,23,Female,1,Uneducated,Married,TX,88188,Yes,No,Yes,Email,Salaried,92771.0,2
C106002,31,Male,5,Graduate,Unknown,PA,39001,No,No,Yes,Cellular,Salaried,158234.0,3
C106003,24,Female,0,Post-Graduate,Divorced,NC,25354,Yes,No,No,Email,Government,92177.0,1
C106004,35,Female,5,Graduate,Divorced,NC,81463,Yes,Yes,No,Cellular,Salaried,107707.0,1
C106005,46,Female,0,College,Single,IL,98495,Yes,No,No,Email,Retired,54494.0,2
C106006,64,Male,3,High School,Single,GA,58161,Yes,Yes,No,Telephone,Student,106485.0,2
C106007,56,Male,3,Uneducated,Divorced,FL,58166,No,No,No,Telephone,Student,69470.0,4
C106008,35,Female,3,College,Divorced,IL,14832,Yes,No,No,Cellular,Government,137396.0,3
C106009,69,Male,1,College,Married,OH,90405,Yes,Yes,Yes,Cellular,Unemployed,43980.0,4
C106010,42,Female,0,College,Unknown,OH,53589,Yes,Yes,No,Telephone,Student,144888.0,5
C106011,57,Male,3,High School,Divorced,OH,73755,Yes,No,No,Cellular,Retired,154549.0,4
C106012,30,Male,4,Post-Graduate,Unknown,GA,98541,No,Yes,No,Cellular,Self-employed,94278.0,5
C106013,40,Male,2,High School,Divorced,IL,85134,Yes,No,Yes,Email,Salaried,149402.0,5
C106014,52,Female,2,Post-Graduate,Unknown,CA,45272,No,No,Yes,Email,Retired,113906.0,4
C106015,29,Male,3,College,Single,NC,10731,Yes,No,No,Email,Self-employed,87622.0,2
C106016,51,Male,3,College,Divorced,NC,86856,No,No,No,Cellular,Government,153992.0,4
C106017,64,Female,3,Uneducated,Married,OH,81150,Yes,Yes,Yes,Telephone,Retired,157583.0,5
C106018,60,Male,2,Post-Graduate,Unknown,PA,20025,Yes,Yes,Yes,Telephone,Retired,129178.0,1
C106019,51,Female,3,College,Divorced,IL,20603,No,Yes,No,Telephone,Unemployed,64568.0,5
C106020,48,Female,5,Graduate,Single,IL,29755,No,Yes,Yes,Telephone,Student,106812.0,3
C106021,31,Male,4,Uneducated,Single,TX,85316,No,No,Yes,Email,Self-employed,100833.0,1
C106022,56,Female,4,High School,Single,MI,74501,Yes,No,Yes,Email,Self-employed,111998.0,4
C106023,61,Male,4,Uneducated,Single,CA,88380,No,Yes,No,Cellular,Unemployed,101037.0,5
C106024,24,Male,4,Graduate,Divorced,PA,57238,No,Yes,Yes,Telephone,Businessman,18316.0,1
C106025,34,Female,5,Post-Graduate,Married,GA,69539,Yes,No,Yes,Cellular,Self-employed,92775.0,2
C106026,66,Male,5,High School,Unknown,NY,59002,No,No,No,Telephone,Student,103834.0,4
C106027,49,Male,0,High School,Married,GA,41120,Yes,Yes,Yes,Telephone,Salaried,74581.0,5
C106028,48,Female,3,Post-Graduate,Unknown,GA,35995,Yes,No,Yes,Cellular,Unemployed,38555.0,3
C106029,45,Female,1,Uneducated,Married,MI,78452,No,Yes,Yes,Email,Salaried,118178.0,2
C106030,43,Male,0,College,Divorced,GA,47468,Yes,Yes,No,Cellular,Salaried,97841.0,3
C106031,53,Female,1,Uneducated,Divorced,MI,92925,Yes,No,No,Cellular,Student,148229.0,1
C106032,50,Female,1,Graduate,Unknown,TX,79236,Yes,No,No,Telephone,Salaried,56227.0,3
C106033,29,Female,0,College,Divorced,MI,62311,Yes,Yes,Yes,Email,Retired,176987.0,5
C106034,58,Female,3,Uneducated,Unknown,GA,39091,No,Yes,Yes,Cellular,Unemployed,144615.0,5
C106035,45,Male,0,nan,Married,FL,21324,No,No,Yes,Email,Retired,28719.0,3
C106036,38,Male,2,Graduate,Divorced,TX,73139,Yes,No,No,Email,Unemployed,165424.0,1
C106037,63,Female,5,Graduate,Divorced,NC,43275,No,No,No,Email,Salaried,91211.0,5
C106038,27,Male,4,Graduate,Unknown,GA,24993,Yes,No,Yes,Email,Government,123289.0,5
C106039,44,Female,5,College,Unknown,MI,57271,No,No,No,Telephone,Government,157246.0,3
C106040,60,Female,5,High School,Unknown,NY,31995,No,Yes,No,Telephone,Businessman,154397.0,3
C106041,41,Male,5,College,Unknown,GA,98196,Yes,No,Yes,Telephone,Retired,21587.0,1
C106042,55,Male,5,Uneducated,Single,TX,23488,Yes,Yes,Yes,Telephone,Businessman,168556.0,2
C106043,63,Male,0,High School,Unknown,MI,25815,Yes,No,No,Telephone,Self-employed,161406.0,4
C106044,31,Male,0,Uneducated,Single,PA,75874,Yes,No,No,Cellular,Self-employed,84150.0,4
C106045,22,Female,2,High School,Married,IL,33404,No,Yes,No,Email,Retired,154630.0,4
C106046,35,Female,4,College,Unknown,GA,34638,Yes,Yes,Yes,Telephone,Retired,124741.0,3
C106047,35,Male,1,Graduate,Single,NC,38695,No,No,No,Email,Unemployed,42496.0,5
C106048,25,Female,2,Post-Graduate,Single,OH,56268,No,No,Yes,Telephone,Self-employed,28924.0,5
C106049,60,Male,3,Graduate,Single,PA,66988,Yes,No,No,Telephone,Unemployed,122952.0,2
C106050,36,Male,0,College,Divorced,PA,73204,No,Yes,No,Cellular,Businessman,70608.0,5
C106051,64,Male,0,High School,Single,CA,41571,Yes,Yes,Yes,Email,Salaried,35861.0,3
C106052,66,Female,2,Graduate,Unknown,IL,29442,Yes,No,Yes,Telephone,Unemployed,151477.0,1
C106053,41,Female,0,College,Unknown,GA,96074,No,Yes,No,Telephone,Self-employed,78059.0,1
C106054,65,Male,4,Uneducated,Unknown,PA,28875,Yes,No,No,Cellular,Salaried,135128.0,4
C106055,29,Male,4,Post-Graduate,Single,CA,66306,Yes,Yes,Yes,Email,Salaried,151057.0,4
C106056,27,Male,5,Graduate,Single,IL,44303,Yes,No,No,Email,Businessman,35779.0,1
C106057,47,Male,2,High School,Divorced,IL,46373,No,No,Yes,Telephone,Unemployed,124922.0,4
C106058,37,Female,2,Uneducated,Married,TX,70387,No,No,Yes,Cellular,Government,61180.0,4
C106059,22,Female,5,College,Divorced,GA,68930,Yes,Yes,No,Cellular,Retired,74655.0,2
C106060,60,Male,2,Post-Graduate,Unknown,NC,29330,Yes,No,Yes,Telephone,Government,60536.0,1
C106061,46,Male,3,High School,Unknown,PA,96771,No,No,Yes,Email,Student,173794.0,2
C106062,65,Female,0,College,Unknown,PA,24673,No,Yes,No,Telephone,Government,173947.0,4
C106063,28,Male,1,College,Divorced,NY,99931,Yes,Yes,No,Email,Self-employed,88681.0,5
C106064,65,Female,1,Graduate,Unknown,MI,22557,No,No,No,Cellular,Businessman,163039.0,4
C106065,60,Female,1,Graduate,Unknown,NY,30700,Yes,No,No,Telephone,Salaried,168421.0,4
C106066,36,Male,2,High School,Unknown,PA,95009,Yes,No,No,Telephone,Businessman,154837.0,2
C106067,40,Female,3,College,Single,GA,29765,Yes,No,No,Telephone,Unemployed,125044.0,3
C106068,52,Female,3,Graduate,Married,NY,40808,No,Yes,No,Email,Retired,103994.0,3
C106069,52,Female,1,Post-Graduate,Single,NC,45821,No,No,No,Email,Unemployed,82663.0,5
C106070,55,nan,1,Post-Graduate,Single,NC,94450,No,Yes,No,Cellular,Student,155383.0,4
C106071,35,Male,3,College,Married,FL,24321,Yes,No,Yes,Email,Student,51143.0,3
C106072,62,Female,5,Graduate,Married,FL,37278,No,No,No,Email,Student,47342.0,5
C106073,52,Female,2,High School,Divorced,FL,40918,No,No,Yes,Telephone,Salaried,66306.0,4
C106074,50,Female,2,High School,Married,IL,70329,Yes,Yes,No,Cellular,Student,114472.0,1
C106075,39,Male,1,High School,Divorced,GA,21448,No,Yes,No,Cellular,Retired,34019.0,5
C106076,44,Male,4,Post-Graduate,Divorced,NY,12900,Yes,Yes,Yes,Telephone,Student,91596.0,3
C106077,22,Male,2,Graduate,Single,IL,37031,Yes,No,Yes,Email,Student,101102.0,4
C106078,41,Female,4,Graduate,Unknown,NY,81340,No,Yes,Yes,Email,Retired,155720.0,5
C106079,62,Male,0,Post-Graduate,Single,GA,29799,No,No,Yes,Telephone,Retired,121780.0,2
C106080,36,Male,2,High School,Single,CA,61583,Yes,No,No,Telephone,Salaried,114325.0,5
C106081,60,Male,4,High School,Married,OH,91402,No,No,No,Email,Unemployed,55162.0,3
C106082,59,Female,0,College,Married,TX,71524,No,No,No,Cellular,Student,152410.0,4
C106083,56,Male,0,Uneducated,Divorced,FL,26037,No,No,No,Telephone,Self-employed,161279.0,1
C106084,61,Male,1,Graduate,Divorced,GA,70206,Yes,No,No,Email,Businessman,166903.0,1
C106085,22,Male,4,Graduate,Divorced,TX,24336,Yes,No,No,Telephone,Student,175248.0,5
C106086,36,Female,1,Graduate,Married,OH,43387,No,No,Yes,Cellular,Student,42312.0,2
C106087,49,Female,5,Uneducated,Divorced,CA,26981,Yes,Yes,No,Cellular,Businessman,104355.0,1
C106088,27,Male,0,College,Divorced,NC,29713,No,No,Yes,Email,Unemployed,99314.0,2
C106089,35,Male,2,Uneducated,Married,PA,24701,No,Yes,No,Cellular,Student,124718.0,5
C106090,43,Male,2,High School,Unknown,TX,13938,No,No,No,Telephone,Unemployed,28753.0,4
C106091,25,Female,2,High School,Single,OH,68269,No,No,Yes,Cellular,Retired,152609.0,4
C106092,21,Female,4,Graduate,Married,IL,47780,Yes,No,No,Email,Unemployed,129316.0,1
C106093,25,Male,3,Post-Graduate,Divorced,GA,82746,No,No,No,Telephone,Student,113320.0,1
C106094,33,Female,5,Graduate,Single,GA,97609,Yes,Yes,Yes,Cellular,Self-employed,51804.0,1
C106095,46,Male,5,Post-Graduate,Married,NC,93180,Yes,Yes,Yes,Cellular,Unemployed,129651.0,1
C106096,33,Female,1,Uneducated,Single,PA,27267,No,Yes,No,Cellular,Retired,29856.0,5
C106097,52,Male,3,High School,Single,FL,84573,No,Yes,Yes,Email,Government,48957.0,2
C106098,49,Female,3,Post-Graduate,Unknown,NY,25880,Yes,Yes,Yes,Email,Salaried,59675.0,3
C106099,38,Male,0,Uneducated,Divorced,TX,64487,No,Yes,Yes,Cellular,Salaried,177145.0,5
C106100,22,Female,1,High School,Married,IL,36683,No,No,No,Telephone,Businessman,77287.0,1
C106101,47,Male,0,Post-Graduate,Divorced,GA,86528,Yes,No,Yes,Cellular,Self-employed,30422.0,1
C106102,62,Male,3,Graduate,Unknown,MI,19611,Yes,Yes,No,Telephone,Unemployed,49379.0,1
C106103,23,Male,5,Graduate,Unknown,NY,69735,Yes,Yes,Yes,Telephone,Salaried,79308.0,3
C106104,50,Male,0,Graduate,Married,IL,99332,No,Yes,Yes,Email,Businessman,153594.0,2
C106105,30,Female,0,Uneducated,Married,NC,53556,No,No,Yes,Cellular,Businessman,28779.0,1
C106106,29,Male,4,Graduate,Unknown,NY,14380,Yes,No,Yes,Email,Businessman,20932.0,4
C106107,23,Female,1,College,Married,GA,26465,Yes,No,No,Cellular,Salaried,126588.0,1
C106108,42,Female,1,High School,Single,TX,82193,No,No,No,Telephone,Government,65624.0,3
C106109,58,Male,3,Uneducated,Single,GA,64621,Yes,No,No,Email,Businessman,129686.0,3
C106110,31,Male,2,Graduate,Unknown,FL,84164,Yes,Yes,Yes,Email,Student,69495.0,3
C106111,26,Male,0,High School,Divorced,FL,10771,No,No,Yes,Email,Government,34269.0,3
C106112,25,Male,1,Post-Graduate,Married,OH,76829,Yes,Yes,Yes,Telephone,Government,81441.0,5
C106113,50,Female,2,Graduate,Married,IL,45095,No,No,No,Email,Student,94553.0,3
C106114,34,Female,1,High School,Single,FL,27111,Yes,Yes,Yes,Cellular,Salaried,179678.0,4
C106115,22,Female,5,College,Married,OH,99378,No,No,Yes,Cellular,Salaried,26876.0,5
C106116,53,Female,3,Post-Graduate,Divorced,TX,28074,No,No,No,Telephone,Unemployed,164627.0,2
C106117,57,Male,5,College,Married,NC,46613,Yes,No,Yes,Email,Self-employed,156425.0,5
C106118,28,Female,0,High School,Married,IL,52888,Yes,No,No,Cellular,Unemployed,22593.0,1
C106119,30,Male,4,College,Single,TX,98657,Yes,No,No,Email,Salaried,118498.0,5
C106120,41,Male,3,High School,Married,NY,34217,No,Yes,No,Cellular,Self-employed,53959.0,3
C106121,39,Female,3,High School,Unknown,OH,14567,Yes,No,Yes,Telephone,Businessman,139007.0,5
C106122,55,Female,3,College,Unknown,OH,39111,No,No,Yes,Cellular,Salaried,129097.0,3
C106123,38,Female,2,High School,Divorced,IL,69362,Yes,No,Yes,Cellular,Salaried,43627.0,5
C106124,27,Female,3,Graduate,Divorced,FL,79384,No,No,No,Cellular,Unemployed,150523.0,2
C106125,33,Female,4,High School,Divorced,NY,94860,Yes,No,Yes,Telephone,Student,106545.0,1
C106126,66,Female,5,Uneducated,Divorced,NY,60451,No,No,No,Cellular,Businessman,50714.0,1
C106127,32,Male,0,High School,Single,OH,61341,No,No,No,Telephone,Retired,94075.0,5
C106128,60,Male,1,Uneducated,Married,MI,71338,No,No,Yes,Telephone,Retired,144565.0,3
C106129,44,Male,2,High School,Single,OH,21571,No,No,Yes,Cellular,Self-employed,51263.0,2
C106130,38,Female,3,High School,Divorced,FL,41494,No,Yes,No,Email,Businessman,69230.0,3
C106131,58,Male,1,College,Married,FL,86045,No,Yes,No,Cellular,Retired,178233.0,1
C106132,32,Male,5,Graduate,Unknown,FL,95489,Yes,No,Yes,Telephone,Government,59983.0,3
C106133,23,Male,3,Graduate,Single,NY,78089,No,No,Yes,Email,Student,156652.0,2
C106134,45,Male,0,Post-Graduate,Married,NC,96263,Yes,No,No,Cellular,Government,116430.0,2
C106135,55,Male,4,College,Unknown,CA,78439,Yes,No,No,Cellular,Retired,134828.0,3
C106136,36,Male,4,College,Unknown,GA,22395,Yes,No,Yes,Cellular,Self-employed,66293.0,4
C106137,69,Female,5,Graduate,Divorced,PA,15057,Yes,Yes,No,Cellular,Salaried,163500.0,2
C106138,68,Female,2,College,Unknown,MI,42299,Yes,No,Yes,Cellular,Salaried,175183.0,2
C106139,65,Female,1,Graduate,Unknown,OH,74703,Yes,Yes,Yes,Email,Salaried,68560.0,4
C106140,33,Male,1,College,Divorced,IL,68551,Yes,No,No,Cellular,Self-employed,51666.0,1
C106141,44,Female,4,High School,Married,PA,63454,No,No,No,Telephone,Government,164217.0,5
C106142,32,Female,0,Graduate,Married,PA,49623,Yes,No,Yes,Telephone,Self-employed,158191.0,5
C106143,22,Male,2,Graduate,Divorced,NC,46453,Yes,No,No,Email,Self-employed,34662.0,5
C106144,46,Female,3,Uneducated,Single,MI,20281,No,Yes,Yes,Telephone,Government,136762.0,5
C106145,66,Male,5,College,Divorced,FL,40123,No,Yes,No,Email,Retired,140318.0,1
C106146,30,Female,2,College,Married,IL,10703,Yes,Yes,No,Telephone,Salaried,147745.0,4
C106147,39,Male,4,Graduate,Single,FL,29794,No,Yes,No,Email,Student,97627.0,2
C106148,42,Male,5,High School,Divorced,CA,53529,Yes,Yes,No,Cellular,Self-employed,44617.0,1
C106149,44,Female,3,High School,Married,MI,20982,No,No,Yes,Telephone,Self-employed,161322.0,5
C106150,46,Male,2,High School,Married,PA,14756,Yes,No,Yes,Telephone,Government,100543.0,3
C106151,25,Female,0,College,Married,IL,62761,No,Yes,Yes,Email,Retired,27103.0,5
C106152,36,Male,1,Uneducated,Unknown,FL,12334,Yes,No,No,Email,Unemployed,33545.0,1
C106153,57,Female,3,Graduate,Unknown,PA,97424,No,No,Yes,Email,Student,61120.0,1
C106154,54,Female,2,Post-Graduate,Single,IL,92504,Yes,No,No,Telephone,Unemployed,93238.0,2
C106155,58,Male,0,Uneducated,Single,TX,13609,No,Yes,No,Email,Self-employed,38970.0,3
C106156,48,Female,2,Post-Graduate,Single,NY,24592,No,Yes,Yes,Cellular,Unemployed,128690.0,5
C106157,32,Female,3,Uneducated,Unknown,PA,18286,No,Yes,Yes,Email,Businessman,59808.0,3
C106158,65,Female,0,High School,Single,FL,44253,No,Yes,No,Cellular,Student,65400.0,4
C106159,65,Male,5,College,Married,MI,14127,No,No,No,Cellular,Self-employed,130509.0,4
C106160,41,Male,1,Post-Graduate,Married,TX,84336,Yes,No,No,Email,Student,39469.0,2
C106161,52,Female,0,Uneducated,Single,GA,20224,Yes,No,No,Cellular,Retired,47571.0,3
C106162,45,Female,2,College,Single,NC,48818,Yes,No,No,Cellular,Unemployed,57854.0,1
C106163,34,Male,2,Post-Graduate,Unknown,OH,83235,No,No,No,Cellular,Businessman,120388.0,5
C106164,67,Male,2,Graduate,Married,NY,81642,No,No,Yes,Email,Businessman,24293.0,1
C106165,55,Female,5,Uneducated,Divorced,GA,53668,No,Yes,Yes,Email,Student,141934.0,4
C106166,29,Male,2,Graduate,Divorced,IL,90846,Yes,No,No,Cellular,Salaried,158444.0,3
C106167,50,Male,2,High School,Unknown,MI,19451,Yes,No,Yes,Telephone,Student,148748.0,2
C106168,62,Female,5,Graduate,Unknown,OH,63533,Yes,No,Yes,Cellular,Government,162308.0,3
C106169,49,Male,4,Graduate,Unknown,IL,30820,No,No,Yes,Email,Salaried,145960.0,4
C106170,59,Male,0,Uneducated,Married,NY,96553,No,No,Yes,Cellular,Retired,68193.0,1
C106171,51,Male,0,High School,Single,FL,15560,No,Yes,Yes,Cellular,Businessman,134644.0,3
C106172,34,Female,0,Graduate,Single,IL,41645,Yes,No,Yes,Email,Salaried,169099.0,3
C106173,37,Male,0,College,Unknown,PA,73465,No,No,Yes,Email,Businessman,41272.0,5
C106174,45,Female,3,Post-Graduate,Married,IL,11321,No,Yes,Yes,Telephone,Businessman,128174.0,2
C106175,66,Male,2,Graduate,Divorced,MI,42898,No,Yes,No,Cellular,Businessman,86201.0,2
C106176,62,Male,4,High School,Unknown,CA,32022,Yes,No,Yes,Cellular,Government,74570.0,5
C106177,57,Female,5,Graduate,Married,CA,83956,Yes,No,No,Cellular,Government,106469.0,5
C106178,47,Female,3,Post-Graduate,Unknown,TX,14283,Yes,Yes,Yes,Telephone,Self-employed,157829.0,4
C106179,38,Female,0,High School,Married,NC,15313,No,No,No,Telephone,Retired,133660.0,1
C106180,49,Female,5,Uneducated,Married,NY,82991,No,Yes,No,Cellular,Government,92064.0,5
C106181,69,Male,0,High School,Unknown,MI,63083,Yes,Yes,Yes,Email,Retired,151043.0,4
C106182,38,Female,5,Uneducated,Single,IL,27773,No,Yes,No,Cellular,Businessman,60875.0,1
C106183,24,Female,4,High School,Unknown,NC,21365,No,No,Yes,Cellular,Retired,64521.0,3
C106184,40,Female,0,Post-Graduate,Single,OH,82750,No,Yes,Yes,Cellular,Student,164562.0,5
C106185,21,Male,0,Post-Graduate,Single,GA,53580,Yes,Yes,Yes,Email,Retired,150224.0,2
C106186,65,Male,0,High School,Divorced,NY,44350,Yes,No,Yes,Telephone,Salaried,88956.0,2
C106187,44,Female,0,Graduate,Married,IL,38947,Yes,Yes,No,Telephone,Student,28769.0,3
C106188,62,Female,3,Post-Graduate,Unknown,NC,31761,No,Yes,Yes,Cellular,Businessman,160569.0,3
C106189,67,Female,3,Uneducated,Married,CA,30498,Yes,No,No,Cellular,nan,53417.0,3
C106190,44,Female,3,Uneducated,Divorced,CA,40599,Yes,No,No,Cellular,Salaried,50343.0,4
C106191,25,Male,0,College,Single,MI,63105,Yes,No,Yes,Email,Self-employed,166110.0,3
C106192,46,Female,1,Uneducated,Unknown,GA,88240,Yes,No,No,Cellular,Self-employed,64451.0,4
C106193,38,Male,3,College,Married,NY,36939,Yes,No,No,Email,Retired,167965.0,5
C106194,56,Female,2,High School,Divorced,NC,92913,No,No,No,Cellular,Retired,166638.0,5
C106195,21,Female,2,High School,Single,MI,40360,No,No,Yes,Cellular,Government,27825.0,4
C106196,30,Male,1,High School,Single,NC,70495,No,No,No,Cellular,Student,68561.0,1
C106197,37,Female,4,Graduate,Married,FL,57328,No,No,Yes,Telephone,Government,33285.0,1
C106198,55,Female,2,Graduate,Single,NY,46120,No,No,Yes,Cellular,Government,50303.0,5
C106199,24,Female,5,College,Divorced,TX,42689,No,No,Yes,Cellular,Student,145077.0,5
C106200,64,Female,4,Uneducated,Single,MI,23018,Yes,No,Yes,Cellular,Student,30396.0,1
C106201,47,Male,2,Uneducated,Unknown,CA,16421,No,No,No,Cellular,Salaried,121013.0,1
C106202,31,Female,5,High School,Unknown,TX,77270,No,No,No,Email,Student,174288.0,4
C106203,23,Female,1,Post-Graduate,Married,IL,24486,No,Yes,No,Email,Student,146574.0,1
C106204,48,Male,3,Graduate,Divorced,TX,61834,No,No,Yes,Cellular,Retired,113995.0,2
C106205,31,Female,4,Graduate,Single,TX,44925,No,No,Yes,Email,Government,114289.0,1
C106206,23,Male,5,High School,Single,MI,79351,No,Yes,Yes,Cellular,Self-employed,177702.0,1
C106207,56,Female,5,Graduate,Single,PA,67061,No,Yes,No,Cellular,Businessman,28944.0,2
C106208,23,Female,4,High School,Unknown,TX,53723,No,Yes,Yes,Email,Self-employed,165210.0,3
C106209,45,Female,1,College,Divorced,TX,21551,Yes,No,No,Email,Student,116671.0,2
C106210,32,Male,4,Uneducated,Single,NC,21553,No,Yes,No,Cellular,Businessman,72792.0,5
C106211,32,Male,2,Post-Graduate,Married,NY,55933,No,No,Yes,Telephone,Student,53748.0,5
C106212,69,Female,3,Uneducated,Divorced,CA,71516,No,No,Yes,Cellular,Retired,124105.0,5
C106213,52,Male,0,Uneducated,Divorced,MI,89259,No,Yes,No,Cellular,Salaried,81831.0,3
C106214,60,Female,1,College,Single,GA,89950,No,Yes,No,Telephone,Student,153856.0,3
C106215,30,Male,4,Graduate,Unknown,TX,12815,Yes,Yes,Yes,Email,Businessman,125271.0,5
C106216,68,Female,4,Post-Graduate,Divorced,OH,62097,Yes,No,Yes,Telephone,Retired,110323.0,1
C106217,39,Male,4,Graduate,Married,NY,58704,Yes,Yes,Yes,Cellular,Salaried,60881.0,4
C106218,67,Female,4,Uneducated,Divorced,GA,39690,Yes,Yes,Yes,Email,Unemployed,18374.0,4
C106219,63,Male,1,High School,Unknown,NC,29565,Yes,Yes,No,Telephone,Retired,105539.0,3
C106220,27,Male,2,Uneducated,Married,GA,56706,No,Yes,Yes,Telephone,Businessman,29653.0,3
C106221,44,Male,2,Graduate,Unknown,GA,77441,Yes,Yes,No,Cellular,Salaried,109377.0,4
C106222,59,Male,3,Uneducated,nan,GA,27640,Yes,Yes,Yes,Telephone,Government,119284.0,1
C106223,52,Female,3,High School,Divorced,OH,58605,Yes,Yes,Yes,Cellular,Unemployed,29192.0,1
C106224,43,Female,0,College,Married,NY,65985,Yes,Yes,No,Email,Unemployed,176155.0,3
C106225,39,Male,2,Graduate,Unknown,GA,83777,No,No,Yes,Telephone,Businessman,101676.0,1
C106226,68,Female,5,Uneducated,Single,IL,10180,No,Yes,No,Email,Government,156014.0,4
C106227,23,Male,1,Graduate,Married,PA,88151,Yes,No,Yes,Email,Retired,128638.0,3
C106228,45,Female,2,College,Divorced,FL,63920,No,Yes,No,Cellular,Unemployed,124406.0,2
C106229,45,Male,2,Uneducated,Divorced,CA,52602,No,No,No,Telephone,Unemployed,109868.0,3
C106230,26,Female,3,Uneducated,Unknown,IL,83527,No,No,No,Email,Unemployed,102786.0,5
C106231,53,Female,5,Graduate,Married,TX,71553,No,No,Yes,Telephone,Government,160228.0,1
C106232,53,Male,4,Graduate,Single,NC,23562,Yes,Yes,No,Telephone,Student,65586.0,1
C106233,35,Male,4,High School,Single,FL,59682,No,No,No,Telephone,Self-employed,95728.0,4
C106234,40,Male,5,College,Single,MI,54155,No,No,Yes,Telephone,Salaried,148179.0,3
C106235,63,Male,2,High School,Unknown,NY,48870,Yes,Yes,No,Email,Businessman,172936.0,4
C106236,62,Male,2,Uneducated,Single,FL,79563,Yes,Yes,No,Telephone,Retired,174811.0,3
C106237,52,Female,2,Graduate,Married,TX,65069,No,No,Yes,Cellular,Government,39114.0,3
C106238,44,Male,2,Uneducated,Unknown,TX,89520,Yes,Yes,Yes,Cellular,Retired,74457.0,2
C106239,23,Female,3,Uneducated,Divorced,IL,55553,Yes,Yes,Yes,Telephone,Unemployed,149650.0,1
C106240,24,Male,2,Post-Graduate,Unknown,CA,94564,Yes,Yes,No,Telephone,Student,171924.0,5
C106241,64,Female,2,Post-Graduate,Unknown,IL,75311,Yes,No,No,Cellular,Businessman,123621.0,5
C106242,26,Female,0,Uneducated,Unknown,GA,84409,No,No,No,Telephone,Retired,95858.0,1
C106243,39,Male,0,Graduate,Married,MI,47768,Yes,Yes,Yes,Email,Student,56531.0,4
C106244,46,Male,2,Uneducated,Divorced,NC,66107,No,No,Yes,Telephone,Businessman,124404.0,5
C106245,68,Female,4,Post-Graduate,Divorced,CA,79768,Yes,Yes,No,Telephone,Student,142693.0,2
C106246,45,Female,1,Graduate,Unknown,NY,97677,No,Yes,No,Email,Student,36555.0,2
C106247,45,Male,0,Uneducated,Unknown,NY,17689,Yes,Yes,Yes,Telephone,Self-employed,62539.0,2
C106248,30,nan,2,College,Unknown,PA,97470,Yes,Yes,No,Email,Government,114955.0,5
C106249,58,Female,0,College,Married,CA,95214,Yes,Yes,No,Email,Salaried,25706.0,2
C106250,40,Female,2,Uneducated,Married,CA,34926,No,No,Yes,Cellular,Salaried,144406.0,2
C106251,25,Female,4,Graduate,Single,NY,25592,No,Yes,No,Cellular,Businessman,118713.0,4
C106252,62,Female,4,Uneducated,Divorced,FL,66624,Yes,No,Yes,Telephone,Businessman,150321.0,1
C106253,64,Female,0,Uneducated,Single,NY,23162,Yes,Yes,No,Cellular,Retired,169069.0,5
C106254,55,Male,5,Post-Graduate,Single,FL,70043,Yes,Yes,No,Telephone,Retired,76584.0,1
C106255,25,Male,1,College,Unknown,TX,34448,No,No,No,Telephone,Self-employed,89973.0,2
C106256,55,Male,1,Post-Graduate,Married,TX,30965,No,No,No,Cellular,Businessman,152670.0,4
C106257,23,Male,1,Post-Graduate,Single,NC,93873,No,No,Yes,Cellular,Salaried,98365.0,1
C106258,61,Female,5,Uneducated,Single,GA,92365,No,No,Yes,Telephone,Government,49546.0,3
C106259,52,Male,1,Post-Graduate,Single,MI,19304,Yes,Yes,No,Telephone,Self-employed,147319.0,5
C106260,56,Female,3,College,Unknown,NC,78879,No,Yes,No,Telephone,Unemployed,157336.0,2
C106261,50,Female,5,Post-Graduate,Unknown,CA,85293,No,No,No,Email,Businessman,112696.0,2
C106262,69,Male,2,College,Married,IL,83492,Yes,No,Yes,Telephone,Unemployed,61221.0,3
C106263,59,Male,4,Post-Graduate,Single,FL,93982,Yes,No,No,Telephone,Unemployed,75766.0,2
C106264,49,Female,1,College,Single,NC,67853,No,No,Yes,Telephone,Self-employed,85943.0,1
C106265,46,Male,3,Post-Graduate,Married,TX,26933,No,No,Yes,Cellular,Self-employed,102347.0,2
C106266,65,Male,2,Post-Graduate,Married,IL,42753,Yes,No,No,Cellular,Self-employed,171911.0,1
C106267,45,Female,3,Graduate,Married,GA,81140,No,No,Yes,Email,Businessman,114590.0,1
C106268,32,Female,0,College,Divorced,MI,26229,Yes,No,Yes,Telephone,Student,49778.0,5
C106269,38,Female,0,College,Married,IL,19432,No,Yes,Yes,Telephone,Businessman,80964.0,5
C106270,46,Female,1,College,Unknown,NC,84801,No,Yes,Yes,Telephone,Businessman,169698.0,5
C106271,35,Female,0,High School,Divorced,NY,32251,No,No,Yes,Telephone,Retired,147297.0,5
C106272,25,Female,2,Post-Graduate,Married,PA,38580,Yes,Yes,Yes,Telephone,Businessman,129433.0,3
C106273,53,Male,1,College,Unknown,IL,50378,No,No,Yes,Telephone,Businessman,116689.0,3
C106274,61,Male,3,High School,Married,NC,65311,Yes,Yes,Yes,Cellular,Businessman,128657.0,4
C106275,29,Male,4,Graduate,Married,OH,31486,Yes,No,Yes,Email,Self-employed,163072.0,1
C106276,52,Female,4,College,Divorced,GA,66929,No,Yes,Yes,Cellular,Unemployed,98366.0,4
C106277,33,Female,4,College,Unknown,OH,16887,No,No,Yes,Cellular,Self-employed,20127.0,3
C106278,63,Male,2,High School,Single,MI,86781,No,Yes,No,Cellular,Businessman,120821.0,4
C106279,48,Male,1,Post-Graduate,Married,MI,69181,Yes,Yes,Yes,Email,Retired,79721.0,1
C106280,43,Male,0,Graduate,Divorced,IL,64145,No,No,No,Telephone,Government,94895.0,5
C106281,44,Female,1,College,Unknown,IL,81983,Yes,Yes,No,Email,Retired,155057.0,2
C106282,61,Male,3,Post-Graduate,Married,FL,94985,Yes,Yes,No,Cellular,Government,82564.0,3
C106283,51,Male,4,Graduate,Single,NY,63384,No,Yes,No,Cellular,Student,62465.0,1
C106284,25,Male,1,Uneducated,Unknown,NC,83966,No,Yes,Yes,Cellular,Government,24627.0,2
C106285,66,Female,5,Uneducated,Unknown,MI,54598,No,No,Yes,Cellular,Salaried,58004.0,3
C106286,68,Male,1,Graduate,Divorced,MI,67431,No,No,Yes,Telephone,Salaried,98617.0,1
C106287,22,Male,5,High School,Married,MI,28660,Yes,No,No,Cellular,Government,59031.0,3
C106288,67,Female,0,Graduate,Married,MI,39102,No,Yes,Yes,Cellular,Businessman,22757.0,1
C106289,50,Female,3,Graduate,Unknown,TX,54306,Yes,No,No,Telephone,Government,58816.0,3
C106290,69,Female,4,High School,Married,TX,93524,No,Yes,No,Cellular,Unemployed,82046.0,3
C106291,25,Female,0,High School,Unknown,TX,73175,Yes,Yes,No,Telephone,Salaried,59216.0,5
C106292,30,Female,4,Post-Graduate,Single,GA,18790,Yes,Yes,No,Email,Government,125813.0,1
C106293,67,Male,0,Post-Graduate,Divorced,PA,15995,Yes,No,Yes,Telephone,Self-employed,94421.0,4
C106294,56,Male,0,High School,Married,CA,37115,Yes,No,No,Cellular,Student,98467.0,2
C106295,56,Female,4,Uneducated,Married,TX,91740,No,Yes,Yes,Telephone,Self-employed,35663.0,3
C106296,27,Female,3,Uneducated,Divorced,FL,81471,No,Yes,Yes,Cellular,Retired,134541.0,5
C106297,49,Female,2,Graduate,Single,NY,12085,No,No,No,Cellular,Self-employed,109409.0,4
C106298,52,Female,2,College,Single,PA,38872,No,Yes,Yes,Email,Unemployed,59809.0,3
C106299,47,Male,1,Graduate,Single,MI,28475,Yes,Yes,No,Cellular,Unemployed,30191.0,1
C106300,21,Male,1,Graduate,Single,CA,58338,No,No,No,Cellular,Student,25385.0,2
C106301,40,Female,3,College,Single,CA,45570,Yes,No,Yes,Cellular,Businessman,95847.0,4
C106302,54,Female,2,High School,Unknown,GA,26215,Yes,Yes,Yes,Telephone,Student,137279.0,2
C106303,56,Female,1,Uneducated,Married,FL,57590,Yes,No,Yes,Cellular,Businessman,156933.0,3
C106304,46,Female,2,Graduate,Married,CA,78242,Yes,Yes,Yes,Cellular,Unemployed,97094.0,5
C106305,43,Male,2,College,Married,OH,53723,Yes,Yes,Yes,Cellular,Salaried,150018.0,4
C106306,53,Female,2,Post-Graduate,Unknown,NC,57035,Yes,No,No,Email,Unemployed,26587.0,3
C106307,21,Female,1,Graduate,Divorced,MI,50103,Yes,Yes,Yes,Email,Government,99757.0,3
C106308,23,Male,1,Uneducated,Single,OH,59486,Yes,No,Yes,Telephone,Unemployed,30099.0,2
C106309,55,Female,3,High School,Divorced,CA,18048,Yes,No,No,Email,Unemployed,56433.0,5
C106310,55,Male,0,Graduate,Single,CA,93198,Yes,No,No,Email,Salaried,59174.0,4
C106311,33,Female,1,Graduate,Single,CA,38909,Yes,Yes,No,Telephone,Salaried,134668.0,2
C106312,53,Female,4,College,Divorced,GA,99510,No,No,Yes,Email,Salaried,96654.0,2
C106313,33,Male,0,Post-Graduate,Married,OH,82375,Yes,Yes,No,Cellular,Unemployed,168475.0,3
C106314,42,Female,2,Post-Graduate,Unknown,TX,42881,No,Yes,No,Cellular,Government,120180.0,3
C106315,25,Male,3,High School,Divorced,TX,67733,Yes,No,No,Cellular,Businessman,59355.0,3
C106316,37,Male,4,Uneducated,Married,TX,72329,Yes,Yes,Yes,Email,Student,110431.0,1
C106317,63,Male,5,High School,Single,NY,47554,Yes,No,Yes,Telephone,Unemployed,32226.0,4
C106318,30,Female,4,Graduate,Married,FL,42554,Yes,No,No,Email,Businessman,141723.0,4
C106319,47,Female,0,Graduate,Single,OH,68771,Yes,No,Yes,Telephone,Businessman,68816.0,5
C106320,35,Male,3,Post-Graduate,Single,NC,53682,No,Yes,Yes,Cellular,Unemployed,40323.0,1
C106321,65,Female,5,Uneducated,Married,TX,24645,No,No,Yes,Telephone,Self-employed,62971.0,5
C106322,62,Female,0,College,Single,MI,87776,Yes,No,No,Cellular,Government,60212.0,5
C106323,29,Female,5,Uneducated,Unknown,OH,19237,Yes,No,No,Email,Businessman,42780.0,1
C106324,27,Male,1,Graduate,Married,FL,31805,Yes,Yes,No,Email,Unemployed,91987.0,1
C106325,30,Male,5,College,Divorced,CA,49904,No,Yes,No,Telephone,Businessman,156642.0,1
C106326,61,Female,2,Uneducated,Single,IL,69317,No,No,No,Email,Salaried,28727.0,5
C106327,33,Male,5,Uneducated,Single,GA,74502,Yes,No,Yes,Telephone,Retired,88828.0,4
C106328,36,Female,3,College,Unknown,TX,21795,Yes,No,Yes,Email,Self-employed,154352.0,5
C106329,54,Female,1,Graduate,Unknown,MI,33000,Yes,Yes,No,Email,Student,142600.0,2
C106330,28,Female,2,Uneducated,nan,FL,78387,No,Yes,Yes,Email,Retired,72023.0,3
C106331,51,Male,2,College,Single,TX,44642,Yes,Yes,No,Telephone,Self-employed,99117.0,4
C106332,48,Male,1,Graduate,Divorced,MI,82441,Yes,No,Yes,Telephone,Salaried,105155.0,2
C106333,27,Female,3,College,Divorced,GA,67358,Yes,Yes,Yes,Telephone,Salaried,150719.0,4
C106334,54,Male,4,College,Single,MI,15718,No,No,No,Email,Unemployed,114095.0,2
C106335,53,Female,0,Uneducated,Divorced,GA,18807,Yes,Yes,No,Cellular,Salaried,146385.0,3
C106336,24,Male,3,Graduate,nan,FL,39964,Yes,No,Yes,Telephone,Unemployed,95144.0,3
C106337,58,Male,5,Uneducated,Unknown,NY,96705,Yes,Yes,Yes,Cellular,Government,40425.0,4
C106338,46,Male,4,High School,Unknown,TX,32220,No,Yes,No,Telephone,Unemployed,42872.0,5
C106339,22,Female,4,High School,Divorced,TX,13075,No,Yes,Yes,Telephone,Retired,118748.0,2
C106340,52,Female,5,Graduate,Single,FL,28536,Yes,Yes,No,Cellular,Salaried,42274.0,3
C106341,59,Female,4,College,Unknown,NY,46507,No,No,No,Cellular,Businessman,71399.0,2
C106342,62,Male,0,Uneducated,Divorced,NY,43500,Yes,No,No,Email,Government,93874.0,1
C106343,61,Female,0,Uneducated,Married,TX,40162,No,No,Yes,Cellular,Salaried,139277.0,5
C106344,22,Female,0,Graduate,Married,CA,14085,Yes,Yes,No,Telephone,Government,26799.0,5
C106345,46,Female,4,Graduate,Divorced,GA,64645,Yes,No,No,Cellular,Businessman,52206.0,4
C106346,67,Female,1,High School,Married,PA,99599,Yes,Yes,No,Cellular,Unemployed,165342.0,2
C106347,47,Male,0,Post-Graduate,Unknown,TX,45568,No,Yes,No,Cellular,Salaried,98919.0,2
C106348,35,Male,4,Graduate,Single,CA,56107,No,Yes,Yes,Cellular,Retired,177230.0,3
C106349,41,Female,3,Post-Graduate,Divorced,TX,46623,No,No,No,Email,Unemployed,41603.0,1
C106350,68,Male,4,Graduate,Unknown,CA,77742,Yes,Yes,No,Telephone,Salaried,81692.0,1
C106351,47,Male,0,College,Single,TX,56795,No,Yes,Yes,Telephone,Businessman,115156.0,2
C106352,54,Male,0,College,Married,FL,28349,Yes,Yes,No,Telephone,Salaried,55628.0,3
C106353,69,Male,0,High School,Married,PA,69982,No,Yes,No,Email,Businessman,79237.0,5
C106354,31,Male,1,High School,Married,OH,63549,Yes,No,No,Cellular,Salaried,38600.0,4
C106355,43,Female,2,Post-Graduate,Married,OH,54892,Yes,No,No,Telephone,Salaried,71309.0,5
C106356,42,Male,5,Graduate,Unknown,NC,87000,Yes,No,Yes,Telephone,Self-employed,166009.0,1
C106357,43,Female,5,Uneducated,Unknown,GA,49357,Yes,No,Yes,Cellular,Government,94421.0,1
C106358,21,Female,1,High School,Single,FL,88091,No,No,Yes,Telephone,Student,28469.0,2
C106359,32,Female,3,Uneducated,Divorced,PA,30558,Yes,Yes,Yes,Cellular,Self-employed,132776.0,1
C106360,45,Male,0,Uneducated,Single,CA,26051,No,No,Yes,Email,Self-employed,89158.0,3
C106361,26,Male,2,Graduate,Divorced,GA,75497,Yes,No,Yes,Telephone,Government,138805.0,5
C106362,69,Male,3,Post-Graduate,Married,PA,48090,Yes,No,No,Telephone,Self-employed,108790.0,2
C106363,69,Male,4,Graduate,Married,NY,14324,Yes,No,Yes,Cellular,Businessman,33719.0,3
C106364,54,Female,5,High School,Married,GA,23336,No,No,No,Email,Self-employed,94764.0,3
C106365,48,Female,2,Uneducated,Married,FL,34198,Yes,Yes,No,Telephone,Student,172151.0,4
C106366,45,Female,1,Graduate,Unknown,NC,91300,Yes,No,Yes,Cellular,Businessman,148873.0,1
C106367,38,Male,0,Graduate,Single,FL,21275,Yes,Yes,No,Email,Retired,37680.0,1
C106368,67,Female,2,Graduate,Divorced,CA,72579,Yes,No,No,Cellular,nan,122838.0,3
C106369,21,Female,3,High School,Divorced,OH,49715,No,Yes,No,Telephone,Government,108577.0,2
C106370,52,Female,1,Post-Graduate,Unknown,MI,66526,Yes,Yes,Yes,Telephone,Government,32322.0,3
C106371,49,Male,3,Graduate,Married,IL,43858,Yes,No,No,Telephone,Businessman,152311.0,3
C106372,40,Female,3,High School,Single,MI,37269,Yes,No,Yes,Cellular,Government,26610.0,1
C106373,66,Female,5,Uneducated,Married,IL,27063,No,No,Yes,Email,Government,23833.0,5
C106374,33,Male,0,College,Unknown,FL,34655,No,Yes,No,Telephone,Student,107814.0,1
C106375,32,Female,2,High School,Divorced,PA,55789,Yes,Yes,Yes,Telephone,Salaried,177093.0,4
C106376,28,Male,3,College,Unknown,CA,19651,No,No,No,Cellular,Unemployed,51293.0,4
C106377,59,Female,1,Graduate,Divorced,TX,12453,Yes,Yes,Yes,Telephone,Retired,57634.0,2
C106378,28,Male,3,Graduate,Single,OH,54198,No,No,Yes,Cellular,Salaried,67373.0,5
C106379,38,Male,3,High School,Divorced,GA,41220,Yes,Yes,Yes,Telephone,Salaried,73432.0,3
C106380,41,Male,1,College,Single,NC,25780,Yes,No,Yes,Email,Government,155284.0,5
C106381,48,Female,4,Graduate,Married,CA,95774,No,Yes,No,Telephone,Businessman,64268.0,1
C106382,51,Female,3,Uneducated,Married,FL,45233,Yes,No,Yes,Cellular,Government,38076.0,1
C106383,35,Male,1,Post-Graduate,Unknown,NY,33063,Yes,Yes,No,Telephone,Salaried,169263.0,3
C106384,59,Male,0,Post-Graduate,Single,NY,33764,No,Yes,No,Cellular,Student,95670.0,3
C106385,53,Male,2,Graduate,Married,CA,59318,Yes,No,No,Cellular,Government,92407.0,4
C106386,58,Male,1,College,Single,IL,34294,Yes,Yes,No,Cellular,Government,165611.0,1
C106387,43,Male,1,Graduate,Married,NY,68113,Yes,Yes,Yes,Email,Government,148851.0,1
C106388,36,Male,2,College,Married,FL,52958,No,No,Yes,Email,Businessman,147852.0,4
C106389,44,Male,1,Uneducated,Divorced,NC,16860,No,No,No,Telephone,Student,73972.0,2
C106390,41,Male,4,College,Unknown,TX,36137,Yes,No,No,Cellular,Student,31050.0,2
C106391,66,nan,0,Graduate,Divorced,GA,48516,No,Yes,No,Email,Unemployed,104491.0,4
C106392,28,Male,4,Uneducated,Single,MI,26569,Yes,Yes,Yes,Cellular,Student,57140.0,1
C106393,62,Male,3,High School,Married,PA,31383,No,No,Yes,Telephone,Student,80449.0,1
C106394,37,Male,5,Post-Graduate,Unknown,MI,64200,No,Yes,No,Cellular,Salaried,173031.0,2
C106395,35,Female,0,Graduate,Married,IL,66262,No,Yes,Yes,Email,Government,137713.0,3
C106396,34,Male,3,Graduate,Married,NY,70858,Yes,Yes,Yes,Email,Retired,51258.0,3
C106397,40,Female,2,Graduate,Divorced,TX,23164,No,No,Yes,Cellular,Student,61226.0,4
C106398,52,Female,1,Uneducated,Single,GA,42712,Yes,No,Yes,Cellular,Self-employed,56932.0,3
C106399,31,Female,1,High School,Unknown,NC,43444,Yes,No,No,Cellular,Self-employed,40635.0,2
C106400,58,Male,0,College,Unknown,OH,26327,No,No,Yes,Cellular,Retired,128413.0,5
C106401,52,Female,5,High School,Unknown,CA,22151,Yes,Yes,No,Cellular,Unemployed,89987.0,4
C106402,24,Male,5,Uneducated,Single,PA,27027,No,No,No,Cellular,Salaried,28496.0,1
C106403,49,Female,1,Graduate,Unknown,OH,82776,Yes,No,Yes,Telephone,Self-employed,49156.0,5
C106404,25,Male,1,Post-Graduate,Single,PA,94301,Yes,Yes,No,Telephone,Self-employed,136794.0,2
C106405,63,Male,3,Graduate,Unknown,MI,74991,Yes,No,Yes,Email,Self-employed,76710.0,1
C106406,32,Female,4,College,Married,NY,63645,No,Yes,Yes,Cellular,Salaried,140200.0,3
C106407,63,Female,1,Post-Graduate,Single,NC,94611,Yes,Yes,No,Telephone,Government,161171.0,4
C106408,59,Male,3,Graduate,Divorced,TX,93519,No,Yes,No,Cellular,Salaried,72576.0,3
C106409,43,Female,4,Post-Graduate,Unknown,PA,52626,Yes,Yes,Yes,Email,Businessman,80931.0,3
C106410,53,Male,1,High School,Divorced,PA,81613,Yes,Yes,No,Telephone,Businessman,136799.0,2
C106411,36,Male,0,Uneducated,Single,GA,77515,Yes,No,No,Cellular,Self-employed,135459.0,2
C106412,64,Male,0,Graduate,Married,FL,41889,Yes,Yes,Yes,Cellular,Self-employed,48589.0,1
C106413,31,Female,0,College,Divorced,PA,58614,No,No,Yes,Cellular,Government,45118.0,4
C106414,28,Male,2,High School,Divorced,CA,10779,Yes,No,No,Cellular,Unemployed,84883.0,5
C106415,53,Male,0,Graduate,Married,NC,82965,Yes,Yes,No,Cellular,Retired,27117.0,3
C106416,68,Male,1,High School,Married,NC,78419,Yes,Yes,Yes,Cellular,Self-employed,100228.0,4
C106417,54,Male,1,College,Single,OH,50511,Yes,No,Yes,Email,Businessman,42000.0,5
C106418,41,Female,5,Graduate,Unknown,CA,31892,No,Yes,Yes,Cellular,Self-employed,159068.0,3
C106419,58,Female,0,College,Divorced,TX,92671,Yes,No,Yes,Cellular,Government,120534.0,2
C106420,37,Female,5,Post-Graduate,Divorced,IL,92461,No,Yes,No,Telephone,Businessman,109087.0,2
C106421,69,Female,0,College,Single,FL,51105,Yes,Yes,Yes,Cellular,Self-employed,137194.0,1
C106422,54,Male,3,Post-Graduate,Unknown,IL,43759,No,Yes,Yes,Cellular,Government,45499.0,2
C106423,61,Male,4,Graduate,Single,OH,29107,No,No,Yes,Telephone,Unemployed,76679.0,2
C106424,23,Male,0,Post-Graduate,Divorced,NC,21605,Yes,Yes,Yes,Telephone,Unemployed,104285.0,2
C106425,44,Male,3,Graduate,Divorced,CA,62221,No,Yes,Yes,Cellular,Government,55248.0,4
C106426,42,Male,1,Graduate,Married,IL,32832,Yes,No,Yes,Email,Businessman,33142.0,1
C106427,30,Male,0,Uneducated,Married,TX,95983,Yes,No,Yes,Telephone,Businessman,54882.0,4
C106428,25,Female,3,Graduate,Unknown,TX,31441,No,No,No,Telephone,Retired,149925.0,5
C106429,61,Male,3,Post-Graduate,Divorced,NY,33157,Yes,Yes,Yes,Cellular,Businessman,155902.0,2
C106430,51,Male,4,Uneducated,Divorced,PA,15323,Yes,No,Yes,Telephone,Unemployed,88632.0,5
C106431,44,Male,1,Uneducated,Married,PA,11281,No,No,No,Cellular,Government,94273.0,5
C106432,66,Female,4,Graduate,Single,TX,23959,Yes,No,No,Email,Businessman,31190.0,4
C106433,31,Male,4,College,Single,CA,95225,Yes,Yes,No,Email,Unemployed,144766.0,2
C106434,68,Male,5,College,Divorced,OH,74077,No,Yes,No,Cellular,Unemployed,158616.0,4
C106435,34,Male,5,Uneducated,Divorced,NY,22662,No,Yes,Yes,Email,Businessman,77764.0,3
C106436,66,Female,4,Graduate,Unknown,GA,91780,Yes,No,No,Cellular,Government,133698.0,3
C106437,24,Male,1,College,Unknown,TX,90994,Yes,Yes,No,Telephone,Retired,21295.0,2
C106438,28,Male,0,Graduate,Married,CA,26995,No,Yes,No,Telephone,Government,54409.0,5
C106439,27,Female,4,Graduate,Divorced,MI,16302,Yes,No,Yes,Cellular,Businessman,80827.0,4
C106440,55,Male,2,Uneducated,Single,NC,61088,No,Yes,Yes,Cellular,Businessman,50497.0,5
C106441,52,Female,1,Uneducated,Unknown,IL,13688,Yes,Yes,Yes,Telephone,Unemployed,67503.0,3
C106442,42,Male,3,High School,Married,CA,45428,No,No,No,Cellular,Businessman,112113.0,4
C106443,42,Female,3,College,Married,MI,66719,Yes,No,Yes,Telephone,Retired,42999.0,4
C106444,66,Male,1,College,Single,PA,92990,Yes,No,Yes,Cellular,Unemployed,57520.0,4
C106445,63,Male,3,College,Unknown,MI,24721,No,No,Yes,Telephone,Government,77804.0,2
C106446,46,Female,1,Post-Graduate,Single,TX,38260,Yes,No,No,Email,Student,50212.0,2
C106447,56,Male,0,Graduate,Married,FL,50335,No,No,Yes,Email,Salaried,76098.0,2
C106448,49,Male,5,Uneducated,Divorced,GA,24303,No,No,Yes,Telephone,Self-employed,130262.0,4
C106449,24,Female,5,College,Single,IL,14409,No,No,No,Telephone,Salaried,94236.0,5
C106450,51,Male,1,High School,Married,PA,11732,Yes,Yes,Yes,Telephone,Retired,111734.0,1
C106451,42,Female,0,College,Divorced,MI,67108,Yes,Yes,No,Telephone,Government,48206.0,5
C106452,28,Male,1,Graduate,Divorced,FL,30996,No,Yes,Yes,Telephone,Unemployed,70987.0,3
C106453,41,Female,4,Graduate,Unknown,PA,72474,No,Yes,No,Email,Student,169697.0,3
C106454,35,Male,2,Uneducated,Unknown,TX,92695,No,Yes,Yes,Telephone,nan,111065.0,2
C106455,68,Male,0,Post-Graduate,Married,MI,27371,Yes,No,No,Cellular,Unemployed,32102.0,1
C106456,24,Female,2,Uneducated,Single,CA,94281,No,No,No,Email,Government,103431.0,2
C106457,62,Male,3,College,Divorced,PA,99399,No,No,No,Telephone,Businessman,145975.0,5
C106458,25,Female,0,High School,Unknown,CA,50607,Yes,Yes,No,Cellular,Retired,85811.0,2
C106459,56,Female,3,Uneducated,Unknown,MI,99408,No,Yes,Yes,Email,Self-employed,64155.0,3
C106460,22,Female,4,Post-Graduate,Single,TX,96436,Yes,No,No,Cellular,Salaried,125898.0,3
C106461,28,Male,5,Uneducated,Unknown,GA,65387,No,No,No,Telephone,Government,124401.0,2
C106462,67,Male,4,Graduate,Married,OH,64347,No,Yes,Yes,Cellular,Student,159189.0,5
C106463,24,Male,0,College,Single,GA,29829,No,Yes,No,Cellular,Businessman,43207.0,4
C106464,33,Female,0,College,Divorced,MI,62553,Yes,No,No,Email,Student,146834.0,5
C106465,34,Female,2,College,Married,MI,63192,Yes,Yes,No,Cellular,Self-employed,39669.0,2
C106466,29,Female,3,College,Divorced,NY,43802,Yes,Yes,Yes,Cellular,Student,164523.0,5
C106467,48,Male,2,College,Divorced,MI,10450,No,No,Yes,Email,Student,145822.0,3
C106468,58,Female,0,College,Unknown,OH,35240,No,No,Yes,Telephone,Unemployed,21499.0,1
C106469,32,Male,5,High School,Married,FL,49267,No,Yes,Yes,Cellular,Businessman,30483.0,3
C106470,48,Male,2,Post-Graduate,Married,CA,37554,No,No,No,Telephone,Student,27829.0,3
C106471,33,Male,0,College,Single,TX,53442,Yes,No,No,Email,Businessman,56769.0,4
C106472,41,Male,1,Post-Graduate,Married,IL,62555,No,Yes,Yes,Telephone,Self-employed,28490.0,2
C106473,58,Male,3,College,Single,MI,24977,No,Yes,No,Cellular,Government,132661.0,4
C106474,46,Male,4,Uneducated,Married,GA,93975,Yes,No,Yes,Cellular,Businessman,34928.0,4
C106475,45,Male,4,College,Divorced,NY,89090,No,Yes,yes,Telephone,Retired,44742.0,2
C106476,42,Male,2,Graduate,Single,NY,13173,Yes,No,Yes,Telephone,Unemployed,45106.0,5
C106477,28,Female,5,High School,Married,GA,18422,No,No,Yes,Cellular,Retired,76364.0,1
C106478,57,Male,4,Uneducated,Single,NC,28177,Yes,Yes,Yes,Email,Government,28402.0,4
C106479,60,Male,1,Uneducated,Unknown,MI,90160,No,No,Yes,Cellular,Unemployed,145077.0,4
C106480,65,Female,1,Graduate,Unknown,CA,68001,Yes,Yes,No,Cellular,Unemployed,153741.0,5
C106481,42,Female,2,College,Single,NY,16724,Yes,Yes,Yes,Telephone,Unemployed,133060.0,2
C106482,33,Female,4,High School,Single,FL,38209,No,Yes,Yes,Cellular,Salaried,98528.0,3
C106483,57,Female,4,Uneducated,Divorced,TX,17949,No,Yes,No,Telephone,Student,161328.0,5
C106484,34,Male,0,High School,Married,CA,50854,Yes,No,Yes,Email,Government,47985.0,3
C106485,38,nan,2,Uneducated,Unknown,FL,60074,Yes,No,Yes,Cellular,Student,104077.0,1
C106486,67,Female,0,College,Unknown,NY,62869,No,No,No,Email,Businessman,53429.0,4
C106487,53,Female,1,Uneducated,Married,MI,88925,Yes,Yes,No,Email,Student,144697.0,1
C106488,27,Female,5,Uneducated,Unknown,IL,80724,No,No,Yes,Cellular,Unemployed,119494.0,3
C106489,30,Male,2,Post-Graduate,Unknown,CA,69610,No,No,No,Telephone,Self-employed,164759.0,3
C106490,50,Female,5,College,Single,GA,46430,No,Yes,Yes,Telephone,Retired,19926.0,3
C106491,54,Female,0,Graduate,Unknown,MI,40815,No,Yes,Yes,Cellular,Government,154105.0,4
C106492,65,Female,5,Graduate,Unknown,NY,45506,No,No,No,Telephone,Student,133360.0,2
C106493,23,Female,1,College,Unknown,TX,16963,No,No,Yes,Telephone,Government,144901.0,2
C106494,60,Male,5,Graduate,nan,TX,74986,Yes,Yes,No,Email,Government,76089.0,4
C106495,32,Female,4,College,Divorced,FL,16146,No,Yes,No,Telephone,Self-employed,50725.0,2
C106496,56,Female,2,Graduate,Single,OH,38585,Yes,Yes,No,Telephone,Businessman,102706.0,2
C106497,51,Female,0,Post-Graduate,Divorced,NC,71934,No,No,Yes,Cellular,Student,154118.0,4
C106498,43,Male,5,Graduate,Unknown,TX,84292,No,No,Yes,Email,Salaried,74072.0,2
C106499,28,Female,5,Uneducated,Unknown,CA,79698,No,Yes,No,Telephone,Unemployed,30460.0,2
C106500,21,Female,3,College,Unknown,MI,87800,Yes,Yes,No,Cellular,Government,153973.0,5
C106501,55,Male,5,High School,Divorced,CA,93036,YES,No,No,Telephone,Businessman,27362.0,1
C106502,67,Female,4,High School,Married,PA,87591,No,Yes,No,Email,Salaried,32815.0,1
C106503,35,Male,5,College,Married,IL,20439,No,Yes,Yes,Email,Government,155569.0,1
C106504,48,Male,0,nan,Single,MI,14840,No,Yes,Yes,Email,Salaried,107899.0,5
C106505,32,Male,0,Graduate,Divorced,OH,81766,Yes,No,No,Email,Student,169869.0,1
C106506,21,Female,2,Post-Graduate,Married,OH,97868,Yes,No,Yes,Email,Student,24890.0,3
C106507,31,Male,3,High School,Single,TX,28744,No,Yes,No,Email,Retired,145884.0,1
C106508,57,Male,4,College,Unknown,OH,21640,No,No,No,Cellular,Government,99621.0,4
C106509,69,Female,4,College,Unknown,NC,35473,Yes,Yes,Yes,Email,Government,131712.0,1
C106510,22,Male,2,Post-Graduate,Single,GA,17522,No,No,No,Telephone,Retired,133496.0,3
C106511,65,Male,2,Post-Graduate,Married,TX,77683,Yes,No,No,Telephone,Student,68742.0,1
C106512,55,Female,2,Graduate,Divorced,MI,83653,Yes,Yes,Yes,Telephone,Businessman,51486.0,2
C106513,65,Male,3,Uneducated,Single,IL,71599,Yes,Yes,No,Telephone,Salaried,102366.0,3
C106514,28,Male,2,Uneducated,Married,GA,24753,Yes,No,No,Email,Government,63411.0,4
C106515,51,Male,3,Graduate,Single,NY,60173,Yes,No,Yes,Email,Government,77533.0,2
C106516,41,Male,3,Uneducated,Married,OH,97429,Yes,Yes,Yes,Cellular,Self-employed,74762.0,2
C106517,65,Male,1,High School,Unknown,MI,67739,Yes,Yes,Yes,Email,Salaried,120061.0,5
C106518,23,Male,2,Uneducated,Single,MI,27440,No,Yes,Yes,Telephone,Retired,123549.0,2
C106519,45,Female,2,Graduate,Divorced,OH,95359,Yes,Yes,Yes,Cellular,Unemployed,161899.0,1
C106520,61,Male,4,Uneducated,Single,GA,72849,No,Yes,No,Cellular,Student,60682.0,2
C106521,48,Female,2,College,Unknown,CA,39739,No,No,No,Cellular,Retired,69810.0,2
C106522,48,Female,3,Post-Graduate,Unknown,GA,22038,No,Yes,Yes,Cellular,Government,175605.0,5
C106523,22,Female,2,High School,Married,CA,45420,Yes,Yes,Yes,Email,Government,66679.0,1
C106524,28,Female,0,College,Unknown,TX,89057,Yes,Yes,Yes,Cellular,Student,83202.0,1
C106525,21,Female,4,College,Married,NC,19074,Yes,No,Yes,Email,Unemployed,175153.0,2
C106526,41,Female,5,Graduate,Unknown,FL,98843,No,No,Yes,Cellular,Salaried,132244.0,4
C106527,35,Female,0,Post-Graduate,Married,MI,91577,No,No,No,Email,Businessman,148954.0,4
C106528,28,Female,3,Post-Graduate,Divorced,NC,51243,No,Yes,Yes,Email,Student,116579.0,1
C106529,60,Male,0,High School,Married,CA,19292,No,Yes,Yes,Telephone,Businessman,18742.0,4
C106530,42,Female,5,Graduate,Married,GA,78621,Yes,No,No,Email,Government,40596.0,1
C106531,59,Female,3,High School,Divorced,TX,18543,No,No,Yes,Cellular,Businessman,148168.0,1
C106532,40,Female,4,Uneducated,Married,OH,59699,Yes,Yes,No,Cellular,Businessman,21232.0,3
C106533,33,Male,5,College,Married,NY,43572,No,No,Yes,Email,Student,139507.0,1
C106534,46,Female,1,High School,Divorced,OH,76197,Yes,No,No,Email,Retired,99704.0,3
C106535,59,Male,0,College,Unknown,OH,12359,No,Yes,Yes,Email,Government,48365.0,2
C106536,27,Female,4,Graduate,Single,NC,16180,Yes,No,Yes,Email,Salaried,47934.0,5
C106537,31,Female,1,Uneducated,Married,NY,67244,No,Yes,No,Telephone,Self-employed,96874.0,1
C106538,51,Male,3,Graduate,Unknown,GA,19612,Yes,No,No,Telephone,Businessman,25345.0,2
C106539,54,Female,3,Uneducated,Single,IL,19418,Yes,No,Yes,Telephone,Government,110137.0,1
C106540,31,Male,1,Uneducated,Divorced,MI,69930,Yes,Yes,No,Telephone,Self-employed,171226.0,1
C106541,44,Male,5,College,Married,NC,38637,No,No,Yes,Telephone,Salaried,126432.0,5
C106542,45,Female,5,Graduate,Married,GA,68541,Yes,Yes,No,Email,Self-employed,90313.0,3
C106543,53,Female,4,Graduate,Divorced,TX,23273,Yes,No,No,Telephone,Salaried,123137.0,1
C106544,49,Male,1,High School,Married,TX,27928,Yes,No,Yes,Telephone,Retired,101999.0,1
C106545,41,Male,0,Graduate,Single,MI,33371,Yes,Yes,Yes,Email,Self-employed,40700.0,3
C106546,69,Female,1,High School,Single,GA,40118,Yes,Yes,No,Email,Salaried,76897.0,4
C106547,53,Female,2,Post-Graduate,Divorced,NC,49151,No,No,Yes,Cellular,Retired,95851.0,5
C106548,65,Female,0,Post-Graduate,Married,NY,52665,Yes,Yes,No,Cellular,Unemployed,46464.0,5
C106549,26,Male,4,Post-Graduate,Unknown,TX,60575,No,Yes,Yes,Cellular,Unemployed,95070.0,1
C106550,57,Female,0,Graduate,Married,GA,78179,Yes,Yes,Yes,Telephone,Businessman,48995.0,5
C106551,22,Male,3,Graduate,Divorced,NY,73997,No,Yes,No,Email,Self-employed,87078.0,4
C106552,62,Female,3,High School,Unknown,GA,79706,No,No,Yes,Cellular,Salaried,136327.0,1
C106553,50,Male,3,Uneducated,Single,IL,43564,No,No,No,Cellular,Government,118660.0,3
C106554,48,Male,0,High School,Single,PA,92405,No,Yes,No,Telephone,Student,154618.0,3
C106555,52,Female,3,Post-Graduate,Unknown,MI,95145,No,No,Yes,Cellular,Retired,113331.0,1
C106556,47,Male,5,High School,Unknown,FL,63923,No,No,Yes,Email,Self-employed,136642.0,3
C106557,59,Male,5,Uneducated,Divorced,TX,76597,Yes,No,No,Email,Retired,165542.0,3
C106558,42,Male,4,Graduate,Married,GA,70165,Yes,No,No,Cellular,Self-employed,86885.0,1
C106559,35,Male,4,High School,Single,NC,46795,Yes,No,No,Email,Self-employed,117791.0,2
C106560,63,Male,0,Post-Graduate,Married,GA,66920,Yes,No,No,Cellular,Self-employed,153090.0,5
C106561,58,Female,1,Post-Graduate,Single,NC,53714,No,Yes,No,Cellular,Student,42371.0,5
C106562,45,Female,1,Graduate,Married,CA,44664,No,No,Yes,Email,Self-employed,163996.0,2
C106563,56,Male,4,High School,Single,IL,96897,No,No,No,Email,Retired,90158.0,3
C106564,58,Female,0,Uneducated,Married,OH,58099,Yes,Yes,No,Telephone,Businessman,65085.0,5
C106565,27,Male,4,Graduate,Divorced,GA,73477,Yes,Yes,No,Telephone,Businessman,135231.0,4
C106566,51,Male,3,High School,Single,NY,66889,No,No,No,Cellular,Government,81257.0,2
C106567,64,Female,3,College,Divorced,FL,48589,Yes,No,No,Email,Student,169767.0,3
C106568,50,Male,4,Post-Graduate,Single,OH,11663,No,No,No,Cellular,Retired,178731.0,4
C106569,34,Male,3,Uneducated,Single,IL,79115,No,No,No,Telephone,Unemployed,122382.0,2
C106570,54,Male,2,Uneducated,Single,CA,98545,Yes,Yes,No,Cellular,Government,92208.0,3
C106571,47,Female,5,Uneducated,Married,NY,45702,No,Yes,No,Email,Businessman,156428.0,1
C106572,43,Female,2,Post-Graduate,Single,IL,50938,Yes,Yes,No,Email,Self-employed,31911.0,3
C106573,23,Male,5,High School,Divorced,PA,60656,Yes,Yes,Yes,Telephone,Self-employed,174785.0,4
C106574,25,Male,5,Graduate,Married,CA,27212,Yes,Yes,Yes,Cellular,Salaried,169485.0,5
C106575,62,Male,2,High School,Married,TX,38096,Yes,Yes,Yes,Cellular,Student,161682.0,2
C106576,50,Male,1,Graduate,nan,PA,85296,No,No,No,Email,Salaried,98429.0,1
C106577,27,Male,1,Uneducated,Unknown,PA,54909,No,No,No,Telephone,Student,140007.0,2
C106578,61,Female,0,High School,Married,OH,57469,No,No,No,Email,Student,68221.0,3
C106579,38,Female,1,Uneducated,Single,MI,93159,No,Yes,No,Email,Self-employed,157902.0,1
C106580,58,Female,5,College,Divorced,TX,53130,Yes,No,No,Telephone,Self-employed,79940.0,5
C106581,30,Female,4,Uneducated,Unknown,CA,12375,Yes,Yes,Yes,Email,Government,66440.0,2
C106582,64,Male,0,Uneducated,Married,OH,51634,No,Yes,No,Cellular,Businessman,113303.0,2
C106583,54,Male,0,Graduate,Unknown,TX,20482,Yes,No,No,Cellular,Businessman,84445.0,4
C106584,53,Female,4,College,Married,IL,43738,Yes,No,No,Cellular,Self-employed,114129.0,3
C106585,52,Female,2,Uneducated,Unknown,FL,76168,No,No,No,Email,Businessman,65164.0,4
C106586,51,Male,1,Uneducated,Unknown,CA,36198,No,No,No,Telephone,Student,118003.0,1
C106587,48,Female,0,College,Divorced,OH,88101,Yes,Yes,No,Telephone,Businessman,54185.0,2
C106588,24,Male,2,College,Unknown,FL,91016,No,No,Yes,Telephone,Retired,26156.0,1
C106589,35,Male,5,High School,Divorced,CA,71354,Yes,Yes,No,Telephone,Government,134163.0,5
C106590,22,Male,3,Graduate,Single,PA,47927,Yes,Yes,Yes,Telephone,Businessman,36299.0,5
C106591,43,Female,5,College,Married,FL,30269,No,No,No,Email,Businessman,159555.0,4
C106592,43,Female,2,College,Divorced,FL,22115,No,Yes,No,Telephone,Unemployed,64863.0,4
C106593,55,Female,2,Post-Graduate,Married,NY,91607,No,No,No,Cellular,Government,139151.0,4
C106594,47,Female,5,College,Divorced,CA,93423,Yes,Yes,Yes,Email,Government,26823.0,2
C106595,46,Female,1,nan,Married,TX,93138,No,Yes,No,Cellular,Self-employed,171439.0,5
C106596,69,Male,3,Uneducated,Divorced,MI,85396,No,Yes,Yes,Telephone,Government,158706.0,5
C106597,54,Female,0,Uneducated,Married,IL,51716,No,No,No,Telephone,Retired,87607.0,4
C106598,33,Male,5,Uneducated,Single,NC,86911,No,No,No,Cellular,Self-employed,28263.0,5
C106599,60,Male,4,Uneducated,Married,OH,40268,Yes,No,No,Cellular,Student,51388.0,2
C106600,30,Male,0,Post-Graduate,Single,FL,27714,No,No,No,Email,Salaried,112822.0,3
C106601,59,Female,1,College,Single,GA,70719,Yes,Yes,Yes,Telephone,Businessman,122836.0,2
C106602,46,Female,5,Uneducated,Single,FL,67361,No,No,No,Telephone,Government,33757.0,1
C106603,24,Female,0,High School,Unknown,PA,87654,No,Yes,Yes,Telephone,Businessman,179572.0,1
C106604,38,Female,1,Uneducated,Married,CA,24856,No,No,Yes,Cellular,Student,123827.0,4
C106605,55,Female,1,College,Unknown,PA,53576,Yes,Yes,No,Telephone,Salaried,95904.0,1
C106606,67,Female,0,Uneducated,Unknown,MI,36300,No,Yes,Yes,Email,Government,138211.0,4
C106607,37,Female,4,Post-Graduate,Married,IL,54215,No,Yes,Yes,Email,Unemployed,34192.0,3
C106608,47,Female,4,Graduate,Single,NY,14359,No,Yes,No,Cellular,Self-employed,53471.0,2
C106609,28,Male,0,Graduate,Unknown,CA,72529,Yes,Yes,Yes,Cellular,Self-employed,18874.0,5
C106610,67,Female,3,College,Unknown,PA,79913,No,Yes,Yes,Email,Government,88230.0,1
C106611,33,Male,2,Graduate,Divorced,NY,81192,No,No,No,Cellular,Government,90842.0,3
C106612,66,Male,4,Graduate,Married,NC,17794,Yes,Yes,No,Cellular,Student,96915.0,2
C106613,42,Male,1,High School,Unknown,NC,32625,Yes,No,Yes,Telephone,Salaried,69567.0,3
C106614,56,Male,4,College,Married,CA,23920,Yes,No,Yes,Email,Government,41326.0,2
C106615,63,Female,5,College,Married,IL,44141,Yes,No,yes,Telephone,Self-employed,19228.0,1
C106616,50,Female,3,Graduate,Unknown,GA,70719,No,Yes,Yes,Email,Salaried,101436.0,4
C106617,55,Male,0,Graduate,Married,FL,90520,No,No,Yes,Telephone,Government,116786.0,2
C106618,65,Male,3,Graduate,Single,TX,30653,Yes,Yes,No,Email,Salaried,151692.0,2
C106619,24,Male,2,Post-Graduate,Unknown,IL,77997,Yes,Yes,Yes,Email,Student,135128.0,3
C106620,33,Female,4,Uneducated,Unknown,IL,98095,Yes,Yes,Yes,Email,Retired,106881.0,1
C106621,67,Male,5,Post-Graduate,Unknown,GA,56905,Yes,No,No,Cellular,Unemployed,132172.0,3
C106622,26,Male,1,College,Divorced,PA,69527,No,Yes,No,Telephone,Government,175180.0,4
C106623,38,Female,5,High School,Divorced,NY,26543,Yes,No,Yes,Cellular,Government,145838.0,5
C106624,28,Male,1,Uneducated,Divorced,CA,92541,Yes,Yes,No,Cellular,Unemployed,31044.0,3
C106625,61,Female,3,High School,Divorced,TX,83970,No,Yes,Yes,Email,Salaried,113406.0,5
C106626,40,Female,5,College,Unknown,NY,95180,No,No,No,Email,Government,161046.0,3
C106627,41,Male,5,College,Single,FL,46024,Yes,No,No,Cellular,Salaried,175384.0,2
C106628,52,Male,0,High School,Married,TX,29038,Yes,Yes,No,Cellular,Retired,35018.0,4
C106629,52,Male,2,High School,Married,NC,40013,Yes,Yes,No,Cellular,Salaried,139295.0,5
C106630,22,Female,0,High School,Unknown,IL,12237,No,No,No,Email,Government,61487.0,5
C106631,62,Female,4,College,Single,FL,62812,No,Yes,Yes,Email,Self-employed,52070.0,3
C106632,22,Female,5,Graduate,Married,MI,74867,No,Yes,Yes,Email,Unemployed,40006.0,4
C106633,61,Male,3,High School,Single,NC,96464,Yes,Yes,No,Telephone,Student,36067.0,3
C106634,52,Male,3,Uneducated,Unknown,FL,43034,Yes,Yes,No,Cellular,Salaried,54982.0,5
C106635,42,Male,1,College,Divorced,PA,52394,No,Yes,No,Cellular,Self-employed,118232.0,4
C106636,46,Male,4,Post-Graduate,Single,MI,52053,No,Yes,No,Telephone,Salaried,165155.0,3
C106637,61,Male,1,Post-Graduate,Married,CA,55655,No,No,Yes,Cellular,Self-employed,147360.0,2
C106638,65,Male,0,Uneducated,Married,NY,29785,Yes,Yes,No,Cellular,Government,86228.0,4
C106639,30,Female,3,Graduate,Married,FL,88945,No,No,No,Cellular,Student,59571.0,2
C106640,59,Female,3,High School,Divorced,NC,53262,No,Yes,Yes,Telephone,Unemployed,55852.0,4
C106641,65,Female,5,College,Single,PA,86581,No,No,No,Telephone,Self-employed,144316.0,5
C106642,25,Male,2,High School,Single,PA,70930,Yes,Yes,Yes,Cellular,Businessman,117531.0,4
C106643,32,Female,5,College,Married,NC,64570,No,No,No,Email,Salaried,106323.0,2
C106644,61,Female,0,Post-Graduate,Single,FL,12244,Yes,No,No,Cellular,Self-employed,20516.0,3
C106645,61,Female,4,High School,Married,TX,72426,Yes,Yes,Yes,Cellular,Student,113534.0,5
C106646,52,Male,2,Uneducated,Single,OH,77422,Yes,No,No,Email,Student,131845.0,2
C106647,60,Male,5,Graduate,Divorced,OH,96666,No,No,Yes,Cellular,Student,109637.0,1
C106648,38,Female,3,Uneducated,Divorced,NC,46358,Yes,Yes,Yes,Cellular,Unemployed,114105.0,4
C106649,30,Male,4,Graduate,Unknown,PA,31569,No,Yes,Yes,Telephone,Retired,44162.0,1
C106650,43,Male,1,High School,Unknown,NY,46554,Yes,No,Yes,Cellular,Self-employed,31399.0,2
C106651,21,Male,0,High School,Unknown,PA,51858,Yes,Yes,No,Email,Self-employed,92914.0,1
C106652,62,Male,1,Graduate,Single,GA,79112,Yes,No,No,Telephone,Government,118623.0,2
C106653,57,Female,3,Post-Graduate,Divorced,PA,93337,No,Yes,Yes,Telephone,Unemployed,123706.0,5
C106654,38,Male,2,College,Divorced,NC,47457,No,No,Yes,Email,Businessman,147091.0,3
C106655,50,Female,1,Uneducated,Divorced,FL,69216,No,No,Yes,Email,Retired,74381.0,3
C106656,39,Female,3,Uneducated,Married,TX,89298,No,No,Yes,Telephone,Self-employed,76398.0,4
C106657,65,Male,1,Uneducated,Single,IL,86112,Yes,No,Yes,Cellular,Retired,85712.0,5
C106658,58,Male,0,High School,Single,TX,32371,Yes,Yes,No,Cellular,Government,42893.0,1
C106659,37,Male,1,Uneducated,Unknown,NY,62795,Yes,No,No,Telephone,Unemployed,97616.0,5
C106660,48,Female,0,College,Married,NY,99977,Yes,Yes,Yes,Cellular,Salaried,144809.0,1
C106661,42,Female,0,College,Married,FL,14828,Yes,Yes,No,Telephone,Businessman,164575.0,5
C106662,66,Female,5,Graduate,Divorced,TX,48131,No,No,No,Email,Retired,24707.0,3
C106663,58,Female,4,High School,Unknown,NC,39325,Yes,No,Yes,Cellular,Student,126615.0,4
C106664,52,Female,2,College,Single,OH,59414,No,No,No,Cellular,Businessman,76722.0,3
C106665,45,Female,1,Post-Graduate,Married,PA,68815,No,No,Yes,Telephone,Salaried,52945.0,3
C106666,68,Female,5,High School,Divorced,MI,84939,No,Yes,Yes,Telephone,Unemployed,24571.0,5
C106667,29,Male,3,High School,Single,GA,88567,Yes,No,No,Cellular,Unemployed,160772.0,1
C106668,56,Female,4,College,Divorced,NC,95594,No,No,No,Cellular,Self-employed,119961.0,5
C106669,57,Female,2,Post-Graduate,Single,TX,12294,No,Yes,Yes,Cellular,Self-employed,113148.0,1
C106670,21,Female,4,Graduate,Divorced,MI,83538,No,Yes,No,Email,Retired,78774.0,2
C106671,49,Female,1,College,Single,OH,15462,No,No,Yes,Cellular,Government,59879.0,4
C106672,35,Male,5,Post-Graduate,Unknown,NC,18156,Yes,No,Yes,Cellular,Self-employed,136767.0,1
C106673,64,Female,1,High School,Single,CA,63905,Yes,No,Yes,Telephone,Self-employed,162900.0,2
C106674,66,Female,1,Post-Graduate,Single,MI,55439,Yes,No,Yes,Email,Businessman,111269.0,4
C106675,49,Male,2,High School,Single,NC,15143,No,No,Yes,Telephone,Salaried,88275.0,1
C106676,41,Male,4,College,Divorced,OH,22198,No,No,Yes,Cellular,Student,144173.0,3
C106677,32,Female,3,College,Married,MI,91464,Yes,No,Yes,Email,Student,77360.0,4
C106678,46,Female,4,Uneducated,Single,FL,11758,Yes,No,No,Cellular,Government,118373.0,4
C106679,65,Female,2,Uneducated,Single,PA,95353,No,No,No,Email,Unemployed,78229.0,5
C106680,51,Female,0,Uneducated,Unknown,PA,43616,No,No,Yes,Email,Unemployed,143925.0,4
C106681,55,Female,0,College,Single,PA,80256,Yes,Yes,No,Email,Salaried,67523.0,5
C106682,34,Female,0,Graduate,Unknown,NY,37386,Yes,Yes,No,Email,Businessman,48474.0,2
C106683,27,Male,3,College,Single,IL,66289,No,No,Yes,Email,Unemployed,43773.0,4
C106684,23,Male,2,Post-Graduate,Divorced,OH,97497,Yes,No,Yes,Email,Student,161639.0,1
C106685,61,Female,2,College,Married,PA,27765,Yes,No,No,Telephone,Unemployed,56023.0,4
C106686,24,Female,0,College,Married,TX,89794,No,No,Yes,Telephone,Government,42843.0,4
C106687,22,Female,2,High School,Married,IL,68992,Yes,No,No,Cellular,Self-employed,161753.0,1
C106688,55,Male,2,High School,Divorced,GA,71381,Yes,Yes,Yes,Email,Self-employed,22490.0,4
C106689,53,Female,1,High School,nan,IL,13825,No,No,Yes,Email,Unemployed,21301.0,5
C106690,57,Male,3,College,Married,MI,57550,Yes,Yes,Yes,Telephone,Retired,70758.0,1
C106691,61,Male,2,Graduate,Divorced,TX,11292,No,No,Yes,Cellular,Businessman,149349.0,3
C106692,33,Female,5,Post-Graduate,Divorced,NC,22267,Yes,No,No,Cellular,Student,173308.0,4
C106693,27,Male,0,Post-Graduate,Single,TX,44531,YES,No,Yes,Telephone,Retired,85605.0,4
C106694,59,Female,4,Graduate,Unknown,NY,54160,No,No,Yes,Telephone,Retired,95858.0,5
C106695,67,Male,4,Graduate,Divorced,PA,46948,Yes,No,Yes,Email,Retired,118748.0,1
C106696,47,Female,3,Post-Graduate,Unknown,GA,17627,Yes,No,No,Telephone,Self-employed,124517.0,4
C106697,69,Female,2,Uneducated,Married,PA,63042,No,No,No,Email,Government,177734.0,5
C106698,23,Male,1,High School,Married,CA,90273,No,No,Yes,Cellular,Unemployed,128149.0,3
C106699,37,Male,2,High School,Married,GA,74138,Yes,Yes,Yes,Email,Government,141758.0,3
C106700,45,Male,0,Post-Graduate,Single,CA,15080,Yes,No,Yes,Telephone,Student,170968.0,5
C106701,50,Female,5,Graduate,Single,NC,37127,Yes,No,Yes,Email,Retired,27233.0,1
C106702,34,Male,2,Uneducated,Unknown,GA,32879,No,No,No,Email,Businessman,33603.0,4
C106703,49,Male,4,Post-Graduate,Unknown,PA,34239,Yes,No,No,Telephone,Government,128828.0,5
C106704,25,Female,4,High School,Single,NY,74136,Yes,No,Yes,Email,Salaried,21808.0,5
C106705,27,Female,3,College,Divorced,NC,84085,No,Yes,Yes,Cellular,Government,97141.0,5
C106706,39,Male,5,Graduate,nan,GA,34737,No,No,No,Email,Businessman,168578.0,2
C106707,53,Male,0,College,Unknown,FL,41369,No,Yes,Yes,Telephone,Retired,38245.0,3
C106708,41,Male,3,Post-Graduate,Married,NY,62219,No,Yes,Yes,Telephone,Government,44464.0,2
C106709,41,Female,2,High School,Unknown,PA,36499,Yes,No,No,Telephone,Retired,97543.0,5
C106710,37,Female,5,Uneducated,Unknown,CA,52481,Yes,Yes,Yes,Email,Self-employed,94789.0,3
C106711,43,Male,1,College,Divorced,OH,40989,Yes,No,No,Cellular,Businessman,100539.0,4
C106712,47,Female,3,Uneducated,Unknown,CA,70660,No,Yes,Yes,Telephone,Self-employed,156268.0,4
C106713,51,Male,4,High School,Divorced,PA,97452,Yes,No,Yes,Telephone,Self-employed,106758.0,2
C106714,35,Male,0,College,Married,IL,26948,Yes,Yes,No,Cellular,Student,140488.0,2
C106715,60,Female,2,Uneducated,Single,MI,62413,Yes,No,No,Telephone,Unemployed,147103.0,3
C106716,60,Male,0,Uneducated,Married,TX,13992,No,Yes,No,Email,Retired,170521.0,4
C106717,21,Male,0,College,Divorced,PA,91930,Yes,Yes,No,Telephone,Retired,95855.0,2
C106718,40,Female,0,High School,Divorced,FL,59834,Yes,No,No,Telephone,Retired,140125.0,5
C106719,61,Male,4,Uneducated,Unknown,PA,84255,No,Yes,No,Email,Retired,153953.0,5
C106720,54,Male,1,Post-Graduate,Unknown,FL,66988,Yes,Yes,Yes,Cellular,Unemployed,18709.0,2
C106721,21,Female,3,College,Single,CA,18869,No,Yes,Yes,Cellular,Businessman,124449.0,1
C106722,52,Male,4,Graduate,Divorced,IL,67537,No,Yes,No,Telephone,Self-employed,114904.0,2
C106723,68,Male,5,Graduate,Divorced,GA,96843,Yes,No,Yes,Email,Student,116156.0,1
C106724,42,Female,1,High School,Married,PA,21320,No,Yes,Yes,Email,Student,90818.0,4
C106725,49,Female,2,Post-Graduate,Single,MI,76024,No,No,No,Cellular,Self-employed,151394.0,2
C106726,65,Female,3,Uneducated,Married,NC,18478,No,No,Yes,Cellular,Self-employed,22933.0,4
C106727,31,Male,1,Graduate,Unknown,FL,35844,Yes,Yes,No,Cellular,Salaried,51997.0,2
C106728,53,Female,2,High School,Unknown,MI,99152,No,Yes,No,Email,Businessman,119059.0,2
C106729,58,Male,5,Post-Graduate,Married,NC,35411,Yes,No,No,Email,Student,105988.0,5
C106730,21,Female,3,Post-Graduate,Unknown,GA,76659,Yes,No,No,Email,Businessman,78379.0,5
C106731,58,Male,5,High School,Married,TX,95502,No,No,No,Telephone,Retired,152372.0,1
C106732,29,Male,2,High School,Divorced,PA,17024,No,Yes,No,Telephone,Student,79213.0,4
C106733,33,Female,4,Uneducated,Divorced,FL,45980,Yes,Yes,No,Cellular,Government,73420.0,3
C106734,68,Male,2,High School,Unknown,CA,77693,No,Yes,No,Cellular,Government,168664.0,1
C106735,44,Male,5,Uneducated,Single,NC,61443,Yes,No,Yes,Telephone,Student,128947.0,2
C106736,56,Female,0,Uneducated,Divorced,FL,68409,Yes,Yes,No,Telephone,Salaried,112715.0,2
C106737,40,Male,4,College,Unknown,IL,46560,No,No,Yes,Telephone,Government,101150.0,5
C106738,63,Male,2,Post-Graduate,Single,TX,53059,No,No,No,Telephone,Unemployed,157226.0,1
C106739,65,Male,4,Post-Graduate,Unknown,FL,85105,No,No,Yes,Cellular,Retired,87252.0,2
C106740,21,Female,3,Post-Graduate,Married,NC,53088,No,No,No,Telephone,Retired,164986.0,4
C106741,55,Female,0,College,Unknown,OH,43115,No,No,No,Telephone,Unemployed,94901.0,3
C106742,63,Female,0,Uneducated,Married,GA,60911,No,Yes,Yes,Email,Businessman,46885.0,3
C106743,40,Female,2,Uneducated,Divorced,TX,40771,No,No,Yes,Cellular,Self-employed,156838.0,4
C106744,60,Female,3,High School,Divorced,TX,96912,No,Yes,No,Cellular,Businessman,163036.0,1
C106745,21,Female,4,College,Unknown,OH,80765,No,No,No,Email,Retired,170425.0,1
C106746,66,Female,2,High School,Single,GA,71412,No,Yes,Yes,Cellular,Businessman,125873.0,3
C106747,26,Female,1,College,Unknown,IL,92374,Yes,Yes,No,Cellular,Retired,171992.0,3
C106748,61,Male,2,High School,Unknown,CA,52270,No,No,Yes,Telephone,Businessman,131625.0,4
C106749,46,Male,1,Graduate,Divorced,TX,83818,No,Yes,No,Telephone,Retired,104419.0,3
C106750,49,Male,0,Post-Graduate,Divorced,IL,60695,No,Yes,No,Cellular,Student,129433.0,4
C106751,61,Male,2,Post-Graduate,Unknown,TX,45272,Yes,No,Yes,Email,Student,122276.0,4
C106752,35,Female,2,Uneducated,Divorced,CA,45771,No,No,No,Email,Businessman,170316.0,5
C106753,57,Male,0,Graduate,Married,OH,11163,No,No,No,Cellular,Self-employed,45274.0,5
C106754,39,Male,4,Post-Graduate,Unknown,CA,48403,No,Yes,No,Cellular,Salaried,178103.0,2
C106755,29,Male,5,Uneducated,Divorced,MI,28308,No,Yes,Yes,Cellular,Retired,65380.0,4
C106756,61,Male,2,Graduate,Unknown,PA,11789,No,Yes,No,Cellular,Salaried,78097.0,4
C106757,37,Male,3,Post-Graduate,Divorced,PA,66340,Yes,No,Yes,Telephone,Government,81971.0,2
C106758,52,Female,5,High School,Married,OH,15893,No,Yes,Yes,Telephone,Unemployed,146661.0,5
C106759,48,Female,0,College,Married,CA,89502,No,No,Yes,Cellular,Government,42343.0,4
C106760,35,Male,4,Graduate,Unknown,TX,48285,Yes,No,Yes,Email,Self-employed,126225.0,1
C106761,62,Male,5,Uneducated,Married,NC,69825,Yes,Yes,No,Telephone,Unemployed,29614.0,3
C106762,48,Male,0,Graduate,Married,NY,63293,Yes,Yes,Yes,Cellular,Unemployed,166678.0,3
C106763,29,Male,0,Uneducated,Divorced,IL,13893,No,No,Yes,Email,Businessman,166387.0,2
C106764,47,Female,4,Graduate,Unknown,TX,64552,No,No,No,Telephone,Retired,168308.0,5
C106765,39,Male,5,Uneducated,Divorced,IL,56271,Yes,Yes,No,Telephone,Student,154337.0,3
C106766,27,Female,4,Post-Graduate,Divorced,OH,42744,No,No,Yes,Cellular,Government,76522.0,2
C106767,45,Male,4,High School,Single,CA,85723,No,No,Yes,Email,Unemployed,139565.0,2
C106768,50,Female,5,Post-Graduate,Married,TX,81177,No,Yes,No,Cellular,Unemployed,167224.0,5
C106769,33,Female,5,High School,Divorced,PA,37327,No,No,No,Telephone,Businessman,93026.0,5
C106770,22,Female,3,Post-Graduate,Divorced,OH,81992,No,Yes,No,Email,Salaried,175168.0,1
C106771,38,Male,1,Post-Graduate,Divorced,MI,14429,Yes,Yes,Yes,Telephone,Self-employed,127859.0,2
C106772,60,Male,5,Graduate,Married,TX,44125,Yes,Yes,Yes,Cellular,Student,109964.0,2
C106773,28,Female,5,College,Married,FL,30448,Yes,No,Yes,Cellular,Student,112085.0,1
C106774,40,Male,0,Uneducated,Married,PA,38032,No,Yes,No,Telephone,Government,175187.0,4
C106775,29,Male,2,Uneducated,Unknown,IL,58843,Yes,Yes,Yes,Cellular,Businessman,74443.0,5
C106776,33,Female,1,Uneducated,Divorced,NC,35087,No,Yes,Yes,Cellular,Student,58947.0,1
C106777,41,Male,2,High School,Married,CA,78097,Yes,Yes,yes,Telephone,Salaried,87256.0,3
C106778,48,Female,2,Uneducated,Divorced,IL,47952,Yes,Yes,Yes,Email,Salaried,116584.0,2
C106779,64,Male,2,Uneducated,Unknown,CA,33772,Yes,Yes,No,Telephone,Self-employed,128147.0,2
C106780,27,Male,3,Graduate,Single,GA,94552,Yes,No,No,Telephone,Self-employed,99976.0,5
C106781,51,Female,3,Post-Graduate,Unknown,OH,46367,No,No,No,Email,Salaried,40852.0,4
C106782,43,Female,1,Uneducated,Married,IL,70229,Yes,No,No,Cellular,Salaried,83049.0,4
C106783,33,Female,4,College,Married,PA,53414,Yes,No,Yes,Email,Businessman,165546.0,5
C106784,65,Female,3,Uneducated,Unknown,FL,46244,Yes,Yes,Yes,Telephone,Student,18003.0,5
C106785,56,Male,0,High School,Divorced,NC,72404,No,No,No,Email,Businessman,116200.0,4
C106786,22,Male,1,High School,Married,TX,86889,Yes,No,Yes,Cellular,Self-employed,107546.0,5
C106787,54,Male,0,High School,Married,NY,13664,Yes,No,Yes,Email,Self-employed,92142.0,4
C106788,25,Female,2,Uneducated,Unknown,OH,57272,Yes,Yes,No,Email,Self-employed,125131.0,1
C106789,22,Male,0,Graduate,Divorced,NY,38251,Yes,Yes,Yes,Telephone,Unemployed,157526.0,2
C106790,67,Male,3,College,Unknown,PA,67919,Yes,Yes,No,Email,Student,92472.0,5
C106791,54,Male,0,Uneducated,Unknown,GA,56941,No,No,Yes,Telephone,Government,130218.0,3
C106792,22,Female,2,Graduate,Divorced,TX,30364,Yes,Yes,Yes,Cellular,Self-employed,40128.0,3
C106793,40,Female,2,Graduate,Divorced,TX,34244,No,Yes,No,Email,Self-employed,18310.0,3
C106794,28,Male,3,Uneducated,Single,TX,40471,No,Yes,No,Email,Businessman,40211.0,4
C106795,43,Male,1,Uneducated,nan,CA,79848,Yes,No,No,Telephone,Businessman,175192.0,1
C106796,57,Female,4,Graduate,Divorced,NC,74823,Yes,Yes,Yes,Telephone,Government,139657.0,1
C106797,36,Female,5,Graduate,Married,IL,17557,No,No,Yes,Cellular,Retired,106535.0,5
C106798,42,Female,1,Graduate,Single,NC,97599,Yes,No,Yes,Telephone,Government,137151.0,1
C106799,66,Female,4,Uneducated,Unknown,IL,86641,Yes,Yes,No,Telephone,Government,160787.0,3
C106800,28,Male,5,Graduate,Divorced,OH,99254,No,Yes,Yes,Cellular,Government,87692.0,1
C106801,63,Female,3,High School,Single,CA,41592,Yes,Yes,No,Telephone,Businessman,110226.0,5
C106802,63,Male,3,Uneducated,Single,NC,11734,No,Yes,No,Telephone,Self-employed,79812.0,2
C106803,46,Female,3,High School,Married,CA,49048,No,No,No,Telephone,Businessman,151366.0,3
C106804,60,Male,2,Post-Graduate,Single,FL,80322,Yes,No,Yes,Telephone,Unemployed,137206.0,4
C106805,43,Male,1,Uneducated,Unknown,OH,30361,Yes,No,No,Cellular,Salaried,176620.0,3
C106806,36,Female,4,Post-Graduate,Divorced,NC,97181,No,No,Yes,Cellular,Salaried,73563.0,5
C106807,41,Male,1,Graduate,Single,CA,57950,No,Yes,No,Telephone,Retired,138260.0,3
C106808,60,Male,4,Graduate,Single,PA,57267,Yes,No,No,Email,Self-employed,79206.0,1
C106809,49,Male,0,College,Unknown,MI,32553,No,No,Yes,Cellular,Government,144140.0,5
C106810,40,Female,1,Graduate,Married,IL,37069,No,Yes,No,Email,Self-employed,34996.0,5
C106811,32,Female,0,Post-Graduate,Married,TX,46895,Yes,No,Yes,Telephone,Salaried,25795.0,2
C106812,57,Female,3,Graduate,Divorced,MI,39233,Yes,Yes,No,Telephone,Retired,102731.0,3
C106813,46,Male,2,Uneducated,Unknown,NY,86077,No,Yes,Yes,Cellular,Self-employed,155995.0,3
C106814,23,Male,2,Graduate,Married,CA,85988,Yes,Yes,No,Email,Government,136006.0,3
C106815,38,Male,5,College,Divorced,NY,72954,No,No,No,Cellular,Unemployed,53503.0,5
C106816,21,Male,1,Graduate,Divorced,FL,64629,No,Yes,No,Cellular,Unemployed,142911.0,1
C106817,39,Female,0,Post-Graduate,Married,PA,80663,Yes,Yes,Yes,Cellular,Unemployed,159845.0,2
C106818,33,Male,0,Post-Graduate,Unknown,IL,99589,No,Yes,No,Telephone,Retired,119734.0,2
C106819,63,Male,4,Graduate,Single,FL,76762,No,No,No,Email,Retired,43092.0,4
C106820,53,Male,1,Post-Graduate,Married,GA,76777,No,No,Yes,Telephone,Businessman,115015.0,2
C106821,50,Female,1,Post-Graduate,Single,OH,35030,Yes,Yes,Yes,Telephone,Government,119106.0,3
C106822,42,Male,0,College,Single,FL,32829,Yes,No,Yes,Telephone,Businessman,167587.0,4
C106823,47,Female,5,Uneducated,Unknown,MI,20876,No,No,Yes,Cellular,Unemployed,141215.0,4
C106824,33,Female,5,College,Unknown,IL,35745,No,No,No,Telephone,Salaried,115342.0,1
C106825,28,Male,0,High School,Divorced,MI,27088,No,No,No,Telephone,Unemployed,178971.0,2
C106826,22,Male,5,College,Unknown,IL,83159,Yes,No,No,Telephone,Student,73766.0,2
C106827,39,Male,2,Graduate,Divorced,TX,35208,No,Yes,No,Telephone,Self-employed,75407.0,3
C106828,44,Male,1,Uneducated,Married,NC,82551,Yes,No,No,Telephone,Student,20301.0,1
C106829,25,Female,2,Graduate,Single,IL,57898,No,No,Yes,Telephone,Government,89064.0,5
C106830,28,Female,3,High School,Unknown,MI,69364,No,No,No,Email,Businessman,130252.0,5
C106831,40,Female,3,Uneducated,Married,NY,45499,Yes,No,Yes,Cellular,Government,165839.0,5
C106832,55,Female,0,Post-Graduate,Divorced,FL,15921,Yes,Yes,No,Telephone,Government,48817.0,4
C106833,22,Female,4,College,Unknown,FL,39907,Yes,Yes,No,Cellular,Salaried,155858.0,5
C106834,26,Female,0,Graduate,Single,IL,85625,No,No,Yes,Email,Government,158166.0,3
C106835,36,Female,1,High School,Married,GA,62413,No,Yes,Yes,Email,Self-employed,104274.0,5
C106836,67,Female,0,Post-Graduate,Unknown,IL,69534,Yes,No,No,Cellular,Salaried,167739.0,2
C106837,56,Female,2,College,Unknown,CA,78519,Yes,No,No,Email,Student,99733.0,1
C106838,22,Female,0,Post-Graduate,Married,NY,54962,No,Yes,No,Telephone,Government,134948.0,1
C106839,34,Male,2,College,Divorced,TX,43951,No,Yes,Yes,Email,Student,126971.0,2
C106840,58,Male,3,Uneducated,Divorced,TX,80997,Yes,No,No,Telephone,Self-employed,88399.0,1
C106841,46,Male,5,Post-Graduate,Unknown,MI,60247,No,No,Yes,Cellular,Self-employed,67577.0,1
C106842,40,Female,2,Post-Graduate,Divorced,PA,71057,Yes,Yes,Yes,Cellular,Self-employed,119939.0,2
C106843,49,Male,5,Post-Graduate,Divorced,NC,28774,No,No,Yes,Cellular,Unemployed,158739.0,3
C106844,24,Female,1,Uneducated,Married,MI,81958,Yes,No,Yes,Cellular,Student,26331.0,4
C106845,40,Female,0,High School,Divorced,CA,95079,No,Yes,Yes,Cellular,Student,114340.0,5
C106846,44,Male,1,College,Divorced,PA,51052,No,Yes,Yes,Cellular,Businessman,159422.0,2
C106847,21,Female,2,Post-Graduate,Married,NC,58574,No,Yes,Yes,Telephone,Salaried,168497.0,2
C106848,45,Male,2,Uneducated,Unknown,FL,89104,Yes,No,No,Cellular,Retired,83650.0,1
C106849,34,Female,2,High School,Unknown,MI,95550,Yes,No,Yes,Email,Government,179981.0,5
C106850,55,Female,2,College,Married,TX,63817,Yes,Yes,Yes,Telephone,Salaried,116343.0,4
C106851,41,Male,2,Uneducated,Single,PA,49646,No,Yes,No,Telephone,Self-employed,103425.0,4
C106852,56,Male,0,College,Married,PA,62938,No,No,No,Telephone,Government,112119.0,2
C106853,43,Male,4,Post-Graduate,Single,NY,91740,Yes,No,Yes,Telephone,Businessman,48469.0,3
C106854,66,Male,1,High School,Divorced,IL,27389,No,No,No,Cellular,Salaried,28970.0,3
C106855,40,Male,3,Uneducated,Unknown,CA,43232,Yes,Yes,No,Cellular,Self-employed,89615.0,2
C106856,46,Male,3,High School,Single,NC,32997,No,Yes,Yes,Cellular,Government,25522.0,3
C106857,47,Female,1,Post-Graduate,Single,NC,19741,No,No,No,Email,Unemployed,104571.0,5
C106858,61,Female,0,High School,Divorced,TX,85247,No,No,Yes,Cellular,Government,31188.0,3
C106859,34,Female,1,High School,Unknown,IL,56020,Yes,No,No,Cellular,Self-employed,154619.0,5
C106860,56,Female,2,Graduate,Divorced,TX,50741,Yes,No,Yes,Email,Student,170889.0,3
C106861,24,Male,4,High School,Unknown,OH,11630,Yes,Yes,No,Cellular,Unemployed,113121.0,4
C106862,46,Female,1,College,Unknown,CA,86762,No,Yes,Yes,Cellular,Salaried,156540.0,2
C106863,64,Female,5,Uneducated,Divorced,IL,88117,No,Yes,Yes,Telephone,Unemployed,25609.0,5
C106864,60,Male,0,Graduate,Single,PA,65035,No,Yes,Yes,Cellular,Government,99576.0,4
C106865,36,Female,2,Uneducated,Married,OH,97513,No,Yes,Yes,Email,Student,105202.0,2
C106866,63,Male,1,Uneducated,Unknown,TX,66935,Yes,No,No,Telephone,Businessman,38481.0,4
C106867,59,Male,1,Post-Graduate,Unknown,OH,51307,Yes,Yes,Yes,Email,Government,41313.0,5
C106868,40,Male,2,Post-Graduate,Married,FL,31774,No,Yes,No,Email,Government,29426.0,3
C106869,66,Female,0,Graduate,Married,MI,51666,Yes,Yes,No,Cellular,Unemployed,125438.0,2
C106870,44,Male,4,Post-Graduate,Divorced,PA,53906,No,No,Yes,Telephone,Businessman,98617.0,4
C106871,30,Female,4,Post-Graduate,Unknown,IL,62194,No,No,Yes,Cellular,Businessman,24175.0,3
C106872,22,Female,2,Post-Graduate,Divorced,FL,95248,Yes,Yes,No,Telephone,Retired,108096.0,1
C106873,65,Female,3,Uneducated,Married,PA,99689,Yes,Yes,No,Telephone,Retired,29632.0,5
C106874,29,Male,0,Graduate,Divorced,TX,68875,Yes,Yes,Yes,Telephone,Government,147930.0,5
C106875,38,Male,3,Uneducated,Unknown,TX,97845,No,Yes,Yes,Email,Self-employed,18777.0,3
C106876,62,Male,5,College,Single,IL,66026,No,No,Yes,Cellular,Businessman,114726.0,3
C106877,66,Female,3,Uneducated,Single,IL,78788,No,Yes,Yes,Telephone,Student,34485.0,2
C106878,50,Female,3,College,Unknown,NC,99071,Yes,Yes,No,Telephone,Businessman,145177.0,4
C106879,23,Male,0,High School,Divorced,FL,29286,Yes,Yes,Yes,Email,Government,122966.0,1
C106880,49,Female,3,nan,Married,IL,39311,Yes,Yes,Yes,Telephone,Government,129407.0,2
C106881,27,Male,2,College,Married,NC,25732,Yes,No,No,Telephone,Salaried,73540.0,2
C106882,45,Male,1,College,Single,FL,72462,Yes,Yes,Yes,Cellular,Student,153756.0,1
C106883,44,Female,2,Uneducated,Divorced,TX,33610,Yes,Yes,No,Email,Salaried,140774.0,5
C106884,63,Female,1,College,Married,OH,96663,Yes,Yes,Yes,Email,Businessman,168218.0,2
C106885,26,Male,4,Graduate,Married,OH,35741,No,Yes,Yes,Telephone,Salaried,156210.0,5
C106886,35,Female,3,High School,Unknown,GA,98112,Yes,Yes,Yes,Telephone,Government,120870.0,4
C106887,35,Male,4,High School,Divorced,FL,20908,Yes,No,No,Email,Unemployed,142003.0,3
C106888,60,Male,4,College,Divorced,FL,30152,No,No,Yes,Telephone,Self-employed,92505.0,4
C106889,47,Female,0,Post-Graduate,Married,NC,79084,No,Yes,No,Telephone,Businessman,67630.0,3
C106890,41,Male,3,Post-Graduate,Divorced,MI,32744,Yes,No,Yes,Email,Government,25626.0,2
C106891,65,Female,4,College,Divorced,OH,57779,No,Yes,Yes,Telephone,Businessman,58882.0,3
C106892,52,Male,1,Graduate,Divorced,TX,97165,Yes,Yes,Yes,Cellular,Salaried,84310.0,1
C106893,52,Female,1,Post-Graduate,Unknown,NC,74823,Yes,Yes,No,Telephone,Salaried,44022.0,1
C106894,32,Female,5,College,Married,IL,30991,Yes,Yes,Yes,Email,Retired,131961.0,4
C106895,64,Male,0,Graduate,Single,FL,98997,No,Yes,Yes,Cellular,Businessman,167859.0,1
C106896,29,Female,4,Graduate,Divorced,CA,80793,No,Yes,Yes,Telephone,nan,152325.0,4
C106897,40,Female,4,Uneducated,Married,NC,31362,Yes,No,No,Cellular,Businessman,176981.0,5
C106898,69,Male,4,Graduate,Single,PA,38547,No,Yes,No,Email,Salaried,179793.0,5
C106899,35,Female,5,Post-Graduate,Unknown,NY,99204,Yes,No,Yes,Cellular,Businessman,123462.0,4
C106900,33,Male,5,Post-Graduate,Married,OH,80786,Yes,No,No,Telephone,Retired,26294.0,4
C106901,66,Female,0,College,Unknown,TX,32970,No,No,No,Telephone,Salaried,98617.0,4
C106902,28,Male,3,College,Married,PA,96526,No,Yes,Yes,Email,Retired,41524.0,3
C106903,41,Male,4,Graduate,Unknown,GA,62437,No,Yes,No,Cellular,Businessman,167476.0,1
C106904,65,Male,5,High School,Married,TX,30965,Yes,Yes,No,Cellular,Unemployed,132255.0,3
C106905,45,Male,4,Uneducated,Unknown,IL,82417,No,Yes,No,Email,nan,69406.0,3
C106906,55,Female,2,High School,Single,PA,10913,No,Yes,No,Email,Businessman,126015.0,3
C106907,60,Male,1,Graduate,Married,CA,54730,No,No,Yes,Email,Businessman,136167.0,5
C106908,50,Female,5,Graduate,Single,MI,90058,Yes,No,No,Email,Unemployed,87881.0,5
C106909,51,Male,3,High School,Divorced,OH,50341,Yes,Yes,Yes,Telephone,Government,130745.0,3
C106910,26,Female,3,Uneducated,Single,FL,64335,YES,No,Yes,Telephone,Self-employed,65633.0,2
C106911,31,Male,3,High School,Married,MI,51151,Yes,No,Yes,Email,Salaried,161194.0,3
C106912,62,Female,4,College,Single,OH,79032,Yes,Yes,Yes,Email,Salaried,79332.0,2
C106913,28,Female,2,Post-Graduate,Married,OH,66002,No,Yes,No,Cellular,Student,153382.0,2
C106914,28,Male,3,College,Unknown,IL,79861,No,Yes,No,Telephone,Self-employed,46605.0,1
C106915,59,Male,0,Post-Graduate,Divorced,GA,51308,Yes,No,Yes,Cellular,Self-employed,138980.0,4
C106916,32,Male,0,Graduate,Single,GA,96479,No,No,No,Cellular,Businessman,44794.0,3
C106917,23,Female,5,Uneducated,Divorced,IL,75454,Yes,No,No,Telephone,Government,156078.0,3
C106918,63,Female,1,High School,Single,IL,27560,Yes,No,Yes,Email,Unemployed,37769.0,3
C106919,65,Female,2,Uneducated,Married,OH,72150,Yes,No,Yes,Telephone,Salaried,152178.0,4
C106920,36,Female,3,High School,Single,PA,17145,Yes,No,Yes,Cellular,Unemployed,136067.0,2
C106921,61,Male,2,College,Divorced,FL,26819,Yes,No,No,Telephone,Unemployed,95038.0,3
C106922,47,Male,0,College,Single,NY,17779,Yes,Yes,Yes,Email,Salaried,76142.0,3
C106923,36,Male,5,High School,Divorced,GA,73608,No,No,Yes,Telephone,Unemployed,167324.0,4
C106924,25,Male,3,Uneducated,Divorced,TX,24590,No,Yes,No,Email,Government,38713.0,5
C106925,60,Female,4,High School,Married,NY,76524,No,Yes,Yes,Email,Retired,41762.0,4
C106926,32,nan,0,Graduate,Unknown,MI,49274,No,No,No,Cellular,Government,26329.0,4
C106927,23,Male,1,College,Unknown,OH,32404,No,No,No,Cellular,Retired,136245.0,5
C106928,55,Female,3,Graduate,Single,MI,85642,No,Yes,Yes,Email,Retired,171854.0,1
C106929,65,Male,1,College,Divorced,PA,45777,Yes,No,Yes,Email,Self-employed,127360.0,4
C106930,23,Female,5,College,Married,GA,92206,Yes,Yes,Yes,Cellular,Retired,144211.0,4
C106931,51,Female,2,Post-Graduate,Unknown,PA,46808,Yes,No,Yes,Email,Government,179447.0,3
C106932,44,Female,1,Graduate,Married,OH,77112,Yes,No,No,Telephone,Government,154665.0,2
C106933,61,Female,1,Graduate,Married,NY,23020,No,Yes,Yes,Email,Businessman,41342.0,2
C106934,49,Female,4,Post-Graduate,Divorced,MI,55730,Yes,Yes,Yes,Email,Self-employed,173818.0,4
C106935,53,Female,1,Uneducated,Single,NY,78228,No,Yes,No,Cellular,Retired,46558.0,2
C106936,58,Male,4,Graduate,Divorced,PA,11435,No,Yes,Yes,Cellular,Student,130607.0,3
C106937,36,Female,1,High School,Unknown,NC,38970,No,No,Yes,Cellular,Student,69228.0,4
C106938,53,Male,4,Post-Graduate,Unknown,TX,29595,No,Yes,No,Telephone,Salaried,137285.0,4
C106939,30,Male,0,Graduate,Married,MI,21126,No,Yes,Yes,Email,Government,67692.0,4
C106940,50,Male,4,Uneducated,Divorced,GA,64890,No,Yes,No,Email,Businessman,88106.0,3
C106941,54,Male,0,Graduate,Divorced,IL,97163,Yes,No,Yes,Cellular,Government,179231.0,2
C106942,55,Male,0,College,Married,PA,95298,Yes,No,Yes,Email,Salaried,94745.0,4
C106943,27,Male,5,High School,Single,PA,23971,Yes,Yes,No,Email,Government,66929.0,5
C106944,26,Female,3,Post-Graduate,Married,MI,80689,Yes,No,No,Telephone,Student,68622.0,4
C106945,35,Female,0,College,Married,TX,45709,Yes,Yes,Yes,Email,Self-employed,39639.0,3
C106946,52,Female,3,Uneducated,Unknown,IL,86621,Yes,No,Yes,Telephone,Government,58564.0,1
C106947,22,Male,4,College,Divorced,CA,67798,Yes,Yes,No,Email,Retired,93519.0,1
C106948,52,Male,5,College,Unknown,NY,87435,No,Yes,Yes,Cellular,Student,118727.0,1
C106949,48,Male,2,Uneducated,Married,MI,98659,No,No,Yes,Cellular,Student,95429.0,5
C106950,41,Female,3,College,Divorced,TX,25927,Yes,Yes,Yes,Email,Salaried,122944.0,1
C106951,37,Female,5,Post-Graduate,Married,FL,29977,Yes,Yes,Yes,Cellular,Self-employed,92079.0,3
C106952,39,Female,2,Graduate,Married,NC,20430,No,Yes,Yes,Telephone,Salaried,44711.0,3
C106953,34,Male,5,College,Single,CA,99406,Yes,No,Yes,Cellular,Businessman,106452.0,1
C106954,69,Male,4,Post-Graduate,Unknown,TX,67904,No,No,No,Telephone,Retired,65184.0,1
C106955,54,Male,3,Graduate,Unknown,TX,73225,Yes,Yes,Yes,Email,Self-employed,162539.0,2
C106956,68,Female,4,Graduate,Married,PA,35156,No,Yes,Yes,Email,Businessman,54005.0,3
C106957,40,Male,2,College,Single,IL,52395,No,Yes,Yes,Cellular,Unemployed,179995.0,2
C106958,41,Male,4,Post-Graduate,Married,TX,62083,Yes,No,Yes,Email,Self-employed,175470.0,2
C106959,68,Male,2,College,Married,FL,91207,Yes,Yes,No,Email,Student,91263.0,1
C106960,23,Male,0,Uneducated,Married,OH,94295,No,Yes,Yes,Telephone,Unemployed,134939.0,2
C106961,34,Female,2,Graduate,Single,TX,25796,Yes,Yes,Yes,Telephone,Businessman,158007.0,1
C106962,41,Female,2,College,Divorced,NC,47218,Yes,No,Yes,Email,Self-employed,60754.0,1
C106963,47,Male,0,Graduate,Single,GA,43464,No,Yes,No,Cellular,Self-employed,126462.0,4
C106964,27,Male,3,Post-Graduate,Married,NY,21208,No,No,Yes,Cellular,Businessman,138180.0,3
C106965,62,Female,1,High School,Divorced,IL,55312,Yes,Yes,Yes,Cellular,Unemployed,84332.0,5
C106966,49,Female,3,College,Married,FL,15165,Yes,Yes,No,Email,Unemployed,109367.0,3
C106967,29,Male,1,College,Single,IL,42046,No,Yes,No,Cellular,Self-employed,65211.0,5
C106968,60,Female,0,Graduate,Single,TX,38391,No,No,No,Cellular,Salaried,175484.0,4
C106969,35,Female,3,Post-Graduate,Divorced,MI,30562,No,Yes,No,Email,Unemployed,165348.0,4
C106970,64,Male,4,Uneducated,Single,CA,90000,Yes,Yes,No,Telephone,Salaried,102912.0,3
C106971,48,Female,5,Post-Graduate,Married,GA,43612,No,Yes,Yes,Telephone,Businessman,145196.0,4
C106972,58,Female,4,College,Divorced,NC,42324,Yes,No,Yes,Email,Student,108618.0,4
C106973,35,Female,3,Uneducated,Unknown,GA,92596,No,Yes,Yes,Telephone,Government,74565.0,1
C106974,35,Female,4,Post-Graduate,Married,FL,80595,Yes,Yes,No,Cellular,Businessman,96812.0,4
C106975,50,Male,0,High School,Unknown,NY,90601,Yes,Yes,No,Email,Retired,102810.0,2
C106976,52,Female,4,Graduate,Divorced,FL,30598,No,No,Yes,Email,Businessman,104373.0,4
C106977,60,Female,5,Post-Graduate,Divorced,NC,73322,Yes,No,No,Telephone,Businessman,73833.0,5
C106978,32,Male,5,Post-Graduate,Married,MI,24437,No,No,No,Email,Unemployed,59574.0,3
C106979,40,Female,4,High School,Single,NC,45440,Yes,No,No,Email,Retired,144806.0,5
C106980,47,Male,1,College,Married,IL,76395,Yes,No,Yes,Cellular,Retired,38603.0,1
C106981,22,Male,5,Graduate,Single,IL,67756,Yes,Yes,No,Email,Retired,94744.0,4
C106982,61,nan,1,Post-Graduate,Single,MI,85578,No,No,Yes,Email,Businessman,142187.0,2
C106983,42,Female,2,Uneducated,Married,TX,45283,No,No,Yes,Email,Salaried,46821.0,1
C106984,46,Female,0,Post-Graduate,Divorced,PA,66984,Yes,No,No,Email,Businessman,117227.0,3
C106985,60,Female,4,Graduate,Married,OH,70453,No,No,Yes,Telephone,Student,108571.0,4
C106986,28,Female,0,Post-Graduate,Unknown,MI,54136,Yes,No,No,Email,Government,53519.0,3
C106987,56,Male,0,High School,Divorced,NC,95740,No,No,No,Cellular,Government,33314.0,1
C106988,46,Female,1,Post-Graduate,Single,OH,38198,No,Yes,Yes,Telephone,Student,89058.0,2
C106989,57,Male,5,Post-Graduate,Divorced,TX,74409,Yes,Yes,No,Email,Businessman,125603.0,3
C106990,37,Female,4,Uneducated,Married,OH,84722,Yes,No,Yes,Telephone,Unemployed,92341.0,4
C106991,27,Male,2,High School,Divorced,CA,19360,Yes,No,No,Email,Government,169214.0,5
C106992,21,Female,3,High School,Single,NY,35399,No,No,Yes,Email,Salaried,74147.0,5
C106993,47,Female,2,Post-Graduate,Single,FL,79882,Yes,No,Yes,Telephone,Government,168575.0,3
C106994,62,Female,1,Uneducated,Divorced,OH,75924,Yes,Yes,No,Telephone,Retired,75110.0,2
C106995,46,Female,2,Post-Graduate,Unknown,NC,98346,No,No,Yes,Telephone,Student,141345.0,1
C106996,52,Female,1,Post-Graduate,Single,IL,20991,No,Yes,Yes,Telephone,Government,29604.0,4
C106997,34,Male,1,Graduate,Unknown,GA,78903,Yes,Yes,Yes,Cellular,Student,70190.0,3
C106998,39,Female,0,Graduate,Single,OH,64713,Yes,Yes,No,Telephone,Businessman,22650.0,4
C106999,29,Female,5,Uneducated,Divorced,IL,40591,No,Yes,Yes,Cellular,Unemployed,130334.0,2
C107000,63,Female,4,College,Single,TX,41104,No,No,No,Email,Government,61108.0,5
C107001,64,Male,3,nan,Unknown,TX,58602,No,Yes,No,Email,Student,26731.0,1
C107002,21,Female,1,College,Unknown,PA,56000,No,No,Yes,Telephone,Salaried,167065.0,5
C107003,41,Male,1,High School,Divorced,MI,95681,Yes,No,No,Email,Salaried,130382.0,1
C107004,40,Female,0,Graduate,Unknown,FL,68406,Yes,Yes,No,Cellular,Self-employed,101523.0,5
C107005,69,Male,3,Graduate,Unknown,TX,35662,No,Yes,Yes,Cellular,Government,54017.0,3
C107006,53,Female,1,Uneducated,Divorced,FL,88397,Yes,Yes,No,Telephone,Businessman,154659.0,2
C107007,53,Female,4,College,Single,TX,57222,Yes,No,No,Telephone,Retired,70266.0,5
C107008,38,Male,4,Graduate,Divorced,MI,92401,Yes,Yes,No,Telephone,Self-employed,107811.0,2
C107009,61,Female,0,Graduate,Single,PA,51992,No,No,Yes,Cellular,Government,55608.0,5
C107010,37,Male,1,Uneducated,Single,OH,87357,Yes,No,No,Telephone,Salaried,24260.0,4
C107011,33,Female,3,Uneducated,Single,FL,87759,No,No,Yes,Cellular,Unemployed,37434.0,5
C107012,69,Female,0,College,Married,TX,81863,Yes,No,Yes,Cellular,Businessman,54318.0,1
C107013,63,Male,0,High School,Single,TX,15026,No,Yes,Yes,Email,Salaried,118984.0,4
C107014,69,Female,2,High School,Divorced,TX,73078,No,Yes,Yes,Email,Government,134424.0,3
C107015,29,Male,0,Post-Graduate,Divorced,NC,41068,No,Yes,No,Telephone,Retired,123720.0,3
C107016,66,Male,2,Graduate,Divorced,TX,41008,Yes,Yes,Yes,Telephone,Businessman,31000.0,3
C107017,21,Female,2,College,Married,TX,19929,Yes,Yes,No,Telephone,Businessman,79478.0,2
C107018,43,Female,5,Graduate,Unknown,GA,82747,Yes,Yes,No,Telephone,Self-employed,144344.0,3
C107019,60,Female,1,College,Married,FL,91293,Yes,No,Yes,Cellular,Businessman,62192.0,5
C107020,54,Male,4,College,Divorced,OH,94994,Yes,Yes,Yes,Telephone,Government,163578.0,4
C107021,56,Male,3,College,Divorced,TX,19428,No,No,No,Email,Retired,129600.0,1
C107022,65,Female,5,Graduate,Unknown,GA,30623,Yes,No,Yes,Telephone,Retired,164176.0,3
C107023,34,Male,0,Uneducated,Married,TX,46986,Yes,No,Yes,Cellular,Student,44317.0,1
C107024,41,Male,5,Graduate,Divorced,IL,59877,Yes,No,Yes,Email,Student,54176.0,2
C107025,63,Male,1,College,Single,CA,27848,Yes,Yes,No,Email,Businessman,44199.0,2
C107026,63,Male,3,Post-Graduate,Single,IL,31365,No,Yes,No,Telephone,Student,80192.0,1
C107027,41,Female,0,High School,Divorced,PA,58384,No,No,No,Email,Retired,95193.0,5
C107028,48,Female,4,College,Single,OH,28682,No,No,No,Email,Government,71393.0,1
C107029,52,Female,4,Post-Graduate,Unknown,NY,23929,No,Yes,Yes,Telephone,Self-employed,105304.0,4
C107030,50,Male,2,Uneducated,Divorced,NY,94794,Yes,No,No,Telephone,Salaried,61818.0,3
C107031,60,Male,2,College,Married,NC,29686,No,Yes,No,Cellular,Salaried,121521.0,5
C107032,32,Male,3,Post-Graduate,Divorced,MI,22757,Yes,No,No,Email,nan,59514.0,1
C107033,49,Male,0,College,Unknown,CA,80097,No,No,No,Telephone,Self-employed,138542.0,4
C107034,21,Female,2,Graduate,Married,NY,36362,No,Yes,No,Email,Government,21546.0,1
C107035,46,Male,1,Post-Graduate,Unknown,NY,35662,Yes,Yes,Yes,Telephone,Businessman,29752.0,3
C107036,36,Male,5,Graduate,Single,MI,77716,Yes,Yes,No,Cellular,Self-employed,23144.0,2
C107037,38,Female,5,Graduate,Single,OH,27486,No,Yes,Yes,Telephone,Retired,55079.0,1
C107038,53,Female,5,Post-Graduate,Single,PA,96888,Yes,Yes,No,Telephone,Student,92827.0,4
C107039,62,Female,2,High School,Unknown,NC,26224,Yes,Yes,No,Cellular,Businessman,62304.0,1
C107040,63,Male,3,Post-Graduate,Unknown,OH,42722,Yes,Yes,Yes,Telephone,Student,91371.0,3
C107041,43,Male,1,High School,Divorced,TX,71307,No,No,No,Cellular,Businessman,98617.0,4
C107042,68,Male,4,College,Married,TX,48306,No,Yes,Yes,Email,Businessman,117016.0,2
C107043,25,Male,1,College,Married,CA,97840,No,No,No,Email,Businessman,22976.0,3
C107044,41,Male,5,nan,Unknown,GA,84914,No,Yes,Yes,Email,Unemployed,122972.0,1
C107045,21,Male,3,College,Unknown,CA,93752,Yes,Yes,No,Telephone,Businessman,110429.0,5
C107046,51,Female,4,Uneducated,Single,NY,82227,Yes,No,Yes,Cellular,Unemployed,74977.0,1
C107047,38,Male,0,Graduate,Unknown,OH,26911,Yes,No,No,Telephone,Self-employed,133848.0,2
C107048,41,Female,3,Graduate,Single,CA,53827,Yes,No,Yes,Telephone,Self-employed,55402.0,1
C107049,27,Female,2,High School,Unknown,FL,24812,No,No,No,Telephone,Businessman,23469.0,5
C107050,21,Female,3,College,Married,NC,58933,Yes,Yes,No,Cellular,Government,29273.0,2
C107051,43,Male,3,High School,Divorced,GA,66307,No,Yes,Yes,Telephone,Businessman,117743.0,2
C107052,47,Male,3,Graduate,Unknown,GA,15158,No,Yes,Yes,Telephone,Businessman,111465.0,1
C107053,22,Female,4,Graduate,Single,TX,52645,No,Yes,Yes,Cellular,Government,118055.0,3
C107054,54,Male,3,College,Divorced,IL,76776,Yes,Yes,Yes,Cellular,Government,126531.0,2
C107055,36,Male,0,Uneducated,Single,FL,20250,Yes,No,No,Email,Businessman,111997.0,4
C107056,60,Female,3,Uneducated,Single,GA,75636,No,Yes,Yes,Cellular,Salaried,130653.0,2
C107057,30,Male,2,College,Divorced,OH,64710,No,Yes,Yes,Email,Salaried,113532.0,4
C107058,40,Male,5,College,Divorced,OH,85690,Yes,No,No,Email,Government,117481.0,3
C107059,68,Male,1,High School,Divorced,MI,83829,No,No,Yes,Telephone,Businessman,167091.0,5
C107060,57,Male,4,College,Unknown,MI,66683,Yes,No,Yes,Telephone,Retired,45654.0,4
C107061,45,Female,2,Uneducated,Divorced,OH,82984,No,Yes,Yes,Telephone,Student,149748.0,4
C107062,24,Female,0,College,Unknown,CA,13076,No,No,No,Telephone,Student,47617.0,5
C107063,52,Male,3,High School,Married,OH,79783,Yes,No,Yes,Telephone,Businessman,90897.0,2
C107064,65,Male,4,High School,Married,FL,28474,Yes,No,No,Telephone,Businessman,139116.0,4
C107065,48,Male,5,High School,Single,TX,71398,No,No,No,Telephone,Businessman,96803.0,4
C107066,60,Female,4,High School,Single,IL,66696,No,No,No,Email,Student,64455.0,5
C107067,33,Male,4,Post-Graduate,Unknown,NY,75372,Yes,Yes,No,Email,Student,81606.0,2
C107068,25,Male,5,College,Single,GA,62853,No,Yes,No,Telephone,Government,33030.0,1
C107069,37,Female,5,Graduate,Married,NC,16163,No,No,No,Telephone,Self-employed,34648.0,4
C107070,67,Male,2,College,Unknown,IL,15532,No,No,Yes,Email,Government,143303.0,3
C107071,27,Female,5,Post-Graduate,Unknown,TX,13608,No,No,Yes,Email,Government,68644.0,5
C107072,30,Male,1,High School,Divorced,MI,26347,No,No,Yes,Cellular,Unemployed,103090.0,4
C107073,47,Female,1,Post-Graduate,Unknown,OH,87036,No,No,No,Cellular,Salaried,103596.0,2
C107074,55,Male,5,Uneducated,Single,CA,26130,Yes,No,Yes,Telephone,Retired,170499.0,3
C107075,43,Male,0,Uneducated,Married,MI,57609,No,Yes,No,Telephone,Government,157658.0,1
C107076,36,Female,5,College,Single,TX,79756,Yes,No,No,Telephone,Government,24809.0,3
C107077,47,Female,2,College,Married,NC,76955,No,No,Yes,Email,Government,45859.0,4
C107078,35,Female,2,Graduate,Divorced,NY,17859,No,No,Yes,Telephone,Unemployed,70873.0,3
C107079,26,Female,2,nan,Married,NC,20911,Yes,No,Yes,Telephone,Unemployed,114884.0,1
C107080,62,Female,5,Uneducated,Divorced,CA,47784,Yes,Yes,Yes,Telephone,Government,116892.0,2
C107081,59,Male,3,High School,Single,FL,14626,Yes,No,Yes,Cellular,Self-employed,91375.0,1
C107082,44,Female,2,Post-Graduate,Divorced,MI,18378,Yes,Yes,No,Cellular,Salaried,78696.0,1
C107083,43,Female,2,Graduate,Unknown,PA,89891,Yes,No,No,Telephone,Student,-1000.0,5
C107084,25,Female,4,Graduate,Unknown,OH,21276,No,No,No,Email,Retired,19698.0,5
C107085,27,Female,5,High School,Married,TX,70754,Yes,No,Yes,Cellular,Businessman,43139.0,1
C107086,42,Male,5,High School,Single,NC,73372,Yes,No,No,Telephone,Student,77888.0,3
C107087,49,Male,4,College,Single,FL,65602,Yes,Yes,Yes,Cellular,Salaried,35291.0,3
C107088,51,Male,4,Post-Graduate,Married,IL,33530,No,No,No,Email,Government,136959.0,1
C107089,55,Male,2,High School,Unknown,GA,45334,No,Yes,Yes,Email,Student,73282.0,3
C107090,54,Male,2,Graduate,Divorced,TX,75409,No,Yes,No,Email,Government,73558.0,2
C107091,39,Female,5,Graduate,Married,GA,42730,Yes,No,No,Email,Retired,26276.0,3
C107092,54,Male,4,Uneducated,Divorced,CA,48279,No,Yes,No,Telephone,Self-employed,159876.0,3
C107093,50,Male,0,High School,Divorced,GA,49223,No,Yes,No,Email,Self-employed,162720.0,1
C107094,39,Female,0,College,Single,MI,82161,No,No,Yes,Telephone,Retired,150675.0,3
C107095,38,Female,1,Post-Graduate,Unknown,GA,20186,No,No,No,Email,Retired,155388.0,3
C107096,21,Male,3,College,Divorced,PA,70265,Yes,No,No,Telephone,Salaried,178368.0,5
C107097,61,Male,3,Graduate,Unknown,IL,53535,Yes,No,No,Email,Retired,128368.0,5
C107098,36,Female,1,College,Single,NC,94831,Yes,No,No,Telephone,Student,28183.0,3
C107099,60,Male,4,Graduate,Married,PA,62632,Yes,No,No,Cellular,Self-employed,30561.0,3
C107100,48,Female,4,Graduate,Married,CA,88109,Yes,Yes,Yes,Telephone,Retired,90286.0,1
C107101,31,Female,2,Graduate,Single,PA,49111,Yes,No,No,Telephone,Salaried,82318.0,2
C107102,68,Male,3,Graduate,Single,CA,48690,Yes,Yes,No,Email,Unemployed,58604.0,5
C107103,52,Male,2,Graduate,Divorced,PA,74974,Yes,No,No,Email,Salaried,89912.0,4
C107104,46,Male,2,Uneducated,Single,TX,93412,No,Yes,Yes,Cellular,Unemployed,89193.0,3
C107105,30,Female,3,College,Married,PA,39221,No,Yes,No,Email,Unemployed,109559.0,4
C107106,43,Female,4,Uneducated,Unknown,PA,69072,Yes,Yes,Yes,Telephone,Salaried,143488.0,1
C107107,68,Male,0,Uneducated,Unknown,CA,12143,Yes,No,No,Email,Student,50647.0,4
C107108,65,Male,4,High School,Unknown,NC,30883,No,Yes,Yes,Email,Retired,99584.0,2
C107109,59,Male,4,High School,Unknown,GA,26279,No,No,Yes,Telephone,Student,147215.0,2
C107110,53,Female,2,High School,Single,NY,89943,No,Yes,Yes,Cellular,Salaried,145148.0,1
C107111,34,Female,2,Post-Graduate,Single,NY,33517,Yes,No,Yes,Email,Businessman,161015.0,5
C107112,29,Female,2,High School,Unknown,IL,76103,No,No,Yes,Email,Unemployed,100612.0,3
C107113,34,Male,3,College,Single,MI,17117,Yes,Yes,Yes,Telephone,Unemployed,159006.0,4
C107114,56,Female,3,Uneducated,Divorced,NY,23095,No,No,No,Cellular,Retired,20471.0,1
C107115,61,nan,1,College,Single,CA,58409,No,No,No,Cellular,Retired,106527.0,2
C107116,22,Male,2,High School,Divorced,NY,81940,Yes,No,Yes,Email,Student,70982.0,2
C107117,31,Female,3,Post-Graduate,Divorced,IL,25576,No,Yes,Yes,Telephone,Student,36038.0,1
C107118,34,Male,1,Post-Graduate,Single,MI,73723,Yes,No,No,Email,Businessman,71441.0,1
C107119,56,Female,5,Uneducated,Unknown,OH,59474,No,No,Yes,Telephone,Student,147289.0,1
C107120,55,Male,2,College,Divorced,IL,77982,Yes,Yes,No,Telephone,Student,85836.0,4
C107121,62,Male,2,Graduate,Single,CA,76226,Yes,Yes,Yes,Email,Retired,47698.0,2
C107122,45,Female,0,College,Married,OH,99867,Yes,No,No,Telephone,Self-employed,107335.0,1
C107123,53,Male,3,High School,Unknown,PA,70663,No,Yes,Yes,Email,Businessman,159934.0,3
C107124,29,Female,1,Graduate,Married,OH,54966,Yes,No,Yes,Cellular,Unemployed,176360.0,1
C107125,33,Male,2,Post-Graduate,Divorced,NY,14316,No,Yes,No,Cellular,Self-employed,127244.0,1
C107126,63,Male,3,Uneducated,Married,IL,27889,No,Yes,No,Email,Retired,120640.0,4
C107127,30,Male,1,Uneducated,Single,GA,84470,Yes,Yes,Yes,Cellular,Businessman,36618.0,5
C107128,53,Female,0,Post-Graduate,Unknown,OH,52228,Yes,Yes,No,Cellular,Businessman,97453.0,2
C107129,65,Male,1,High School,Divorced,PA,51401,No,No,Yes,Cellular,Businessman,147664.0,1
C107130,29,Male,2,Post-Graduate,Single,PA,83382,No,Yes,Yes,Cellular,Student,76343.0,4
C107131,60,Female,4,High School,Unknown,CA,44057,Yes,No,Yes,Telephone,Salaried,46288.0,5
C107132,33,Male,4,Graduate,Divorced,CA,60943,No,No,Yes,Email,Government,89178.0,5
C107133,44,Male,0,Post-Graduate,Divorced,OH,88680,Yes,No,No,Email,Salaried,101663.0,5
C107134,60,Male,5,High School,Divorced,TX,78007,Yes,Yes,Yes,Cellular,Student,122438.0,1
C107135,37,Male,2,Graduate,Divorced,PA,89707,Yes,Yes,Yes,Email,Student,106166.0,1
C107136,53,Female,2,Post-Graduate,Married,IL,28888,No,Yes,No,Email,Unemployed,173142.0,4
C107137,43,Male,3,Uneducated,Married,TX,32453,No,Yes,No,Email,Unemployed,85749.0,2
C107138,47,Male,4,Post-Graduate,Married,PA,30094,No,No,Yes,Telephone,Government,34387.0,4
C107139,64,Female,3,College,Divorced,TX,65944,No,Yes,Yes,Cellular,Student,144691.0,5
C107140,64,Male,2,Post-Graduate,Married,GA,30586,Yes,No,Yes,Email,Businessman,148313.0,3
C107141,63,Male,0,College,Unknown,OH,40313,No,Yes,Yes,Telephone,Self-employed,119941.0,2
C107142,46,Female,5,Graduate,Divorced,NC,24000,Yes,Yes,No,Cellular,Self-employed,107335.0,4
C107143,44,Female,4,Post-Graduate,Unknown,IL,73566,Yes,No,Yes,Telephone,Businessman,149543.0,2
C107144,31,Female,3,Graduate,Unknown,CA,96913,No,Yes,No,Telephone,Unemployed,41453.0,3
C107145,49,Female,0,Graduate,Married,MI,70215,No,Yes,Yes,Telephone,Salaried,61506.0,5
C107146,68,Male,2,High School,Divorced,GA,72751,No,No,No,Email,Self-employed,43835.0,4
C107147,25,Female,1,Graduate,Married,NY,15968,Yes,Yes,No,Cellular,Businessman,23747.0,2
C107148,44,Male,1,Graduate,Married,PA,64247,No,No,Yes,Cellular,Salaried,72824.0,2
C107149,29,Female,4,Post-Graduate,Married,CA,67739,Yes,No,No,Email,Retired,82992.0,1
C107150,30,Male,5,Post-Graduate,Divorced,PA,49234,Yes,Yes,No,Cellular,Self-employed,97379.0,5
C107151,31,Female,5,Uneducated,Divorced,FL,14540,No,No,No,Cellular,Businessman,171349.0,4
C107152,51,Female,0,High School,Married,IL,80834,No,No,No,Telephone,Self-employed,179109.0,5
C107153,23,Male,3,Graduate,Unknown,MI,95822,No,Yes,Yes,Email,Self-employed,101709.0,1
C107154,45,Female,0,High School,Unknown,OH,97719,Yes,Yes,No,Telephone,Self-employed,44639.0,3
C107155,63,Female,4,College,Divorced,PA,60051,Yes,Yes,Yes,Cellular,Government,145759.0,5
C107156,60,Female,2,Graduate,Single,CA,91776,No,No,No,Cellular,Salaried,21169.0,1
C107157,47,Male,5,High School,Married,NC,84682,No,No,Yes,Email,Self-employed,121318.0,3
C107158,21,Female,0,Uneducated,Married,PA,78676,Yes,Yes,Yes,Telephone,Unemployed,166251.0,5
C107159,69,Female,4,Uneducated,Single,PA,82222,No,No,No,Telephone,Unemployed,172514.0,3
C107160,68,Male,4,Graduate,Divorced,NC,84819,No,No,Yes,Telephone,Unemployed,25737.0,4
C107161,36,Male,3,College,Unknown,MI,42954,Yes,Yes,No,Email,Businessman,124172.0,2
C107162,55,Female,2,Uneducated,Divorced,IL,89949,Yes,Yes,Yes,Telephone,Government,178361.0,3
C107163,35,Male,0,Uneducated,Unknown,PA,28958,No,Yes,No,Telephone,Student,102564.0,2
C107164,54,Male,4,College,Unknown,PA,51098,Yes,No,No,Cellular,Student,98617.0,4
C107165,31,Male,2,High School,Divorced,OH,58918,No,No,Yes,Cellular,Salaried,38866.0,3
C107166,29,Female,3,Uneducated,Married,NC,51663,Yes,Yes,Yes,Telephone,Businessman,149975.0,2
C107167,44,Female,4,Post-Graduate,Married,IL,51134,Yes,No,No,Telephone,Unemployed,117750.0,3
C107168,57,Male,3,Uneducated,Married,IL,84021,Yes,Yes,No,Cellular,Government,128538.0,1
C107169,55,Female,2,High School,Unknown,FL,10789,Yes,Yes,No,Email,Unemployed,54265.0,3
C107170,42,Male,3,High School,Married,MI,54419,No,Yes,No,Cellular,Businessman,138027.0,3
C107171,60,Female,0,Graduate,Unknown,FL,52387,Yes,No,Yes,Telephone,Government,39787.0,5
C107172,58,Male,3,Post-Graduate,Married,GA,73264,No,No,Yes,Email,Retired,109036.0,5
C107173,27,Female,1,High School,Divorced,NY,73465,Yes,No,Yes,Telephone,Retired,135523.0,4
C107174,64,Male,1,College,Single,MI,61454,No,No,Yes,Telephone,Retired,127790.0,4
C107175,50,Female,1,Post-Graduate,nan,GA,86568,Yes,No,No,Telephone,Government,99587.0,4
C107176,49,Female,1,Post-Graduate,Divorced,NY,33904,Yes,No,No,Email,Unemployed,39581.0,2
C107177,59,Male,0,College,Unknown,CA,84887,No,Yes,Yes,Telephone,Student,93939.0,4
C107178,61,Female,4,Uneducated,Unknown,MI,69950,Yes,Yes,No,Email,Retired,30512.0,4
C107179,29,Female,1,College,Divorced,NC,69762,No,Yes,No,Cellular,Unemployed,131940.0,5
C107180,21,Female,5,College,Married,GA,51086,No,Yes,Yes,Email,Salaried,169588.0,3
C107181,23,Female,1,Uneducated,Unknown,PA,93343,Yes,No,Yes,Telephone,Salaried,62001.0,3
C107182,25,Female,4,Uneducated,Single,FL,84453,Yes,Yes,Yes,Telephone,Businessman,136121.0,4
C107183,31,Female,1,Uneducated,Single,NY,54106,No,Yes,Yes,Cellular,Government,47457.0,3
C107184,24,Female,5,Uneducated,Divorced,GA,92007,Yes,Yes,Yes,Cellular,Unemployed,81944.0,5
C107185,64,Female,4,Uneducated,Single,TX,54731,Yes,No,Yes,Cellular,Retired,21601.0,5
C107186,53,Male,1,College,Divorced,MI,89894,No,Yes,Yes,Email,Government,19220.0,3
C107187,53,Female,5,Graduate,nan,FL,14124,Yes,Yes,No,Email,Self-employed,177819.0,5
C107188,65,Male,4,Graduate,Unknown,IL,96035,Yes,Yes,No,Email,Salaried,22856.0,5
C107189,40,Female,4,High School,Divorced,FL,81559,Yes,Yes,No,Email,Government,66751.0,1
C107190,57,Male,2,Graduate,Divorced,GA,14303,Yes,No,Yes,Cellular,Businessman,68964.0,2
C107191,40,Female,3,Graduate,Married,NC,18854,Yes,No,Yes,Telephone,Retired,85855.0,3
C107192,54,Male,4,College,Unknown,CA,82533,No,Yes,Yes,Telephone,Student,67250.0,2
C107193,41,Male,1,Uneducated,Single,NY,37135,Yes,Yes,No,Email,Retired,34481.0,3
C107194,27,Female,0,Uneducated,Married,FL,92573,Yes,No,Yes,Cellular,Student,93283.0,1
C107195,36,Male,4,College,Married,CA,65434,No,No,No,Cellular,Salaried,111771.0,3
C107196,52,Female,1,Graduate,Unknown,PA,51326,Yes,No,Yes,Cellular,Retired,84796.0,3
C107197,56,Female,4,College,Unknown,IL,61705,No,No,No,Telephone,Salaried,164720.0,3
C107198,31,Male,2,High School,Married,OH,90940,No,Yes,No,Telephone,Self-employed,123094.0,1
C107199,68,Female,0,Uneducated,Unknown,PA,57384,Yes,No,Yes,Email,Unemployed,71699.0,5
C107200,49,Male,0,Post-Graduate,Unknown,TX,66763,Yes,Yes,Yes,Telephone,Salaried,100991.0,4
C107201,62,Male,1,High School,Divorced,IL,30926,No,No,No,Cellular,Government,61633.0,2
C107202,54,Female,3,High School,Unknown,TX,48909,Yes,Yes,No,Telephone,Government,136142.0,2
C107203,30,Female,2,College,Divorced,NC,68440,YES,No,Yes,Telephone,Government,168606.0,2
C107204,23,Female,3,Graduate,Married,NY,71111,Yes,Yes,Yes,Telephone,Unemployed,76698.0,4
C107205,42,Female,0,Uneducated,Married,PA,71873,Yes,No,Yes,Email,Government,106388.0,5
C107206,52,Female,5,Post-Graduate,Single,NC,61434,No,No,Yes,Telephone,Self-employed,152335.0,1
C107207,64,Male,0,High School,Unknown,MI,89826,No,Yes,No,Email,Salaried,111943.0,3
C107208,40,Male,5,nan,Married,OH,45386,No,Yes,Yes,Telephone,Salaried,101690.0,3
C107209,22,Female,3,Graduate,Divorced,IL,16885,YES,No,No,Email,Salaried,150017.0,5
C107210,28,Female,5,Graduate,Married,NY,34413,No,Yes,Yes,Cellular,Unemployed,152024.0,1
C107211,61,Female,5,Post-Graduate,Unknown,NY,85616,No,Yes,No,Cellular,Self-employed,26235.0,3
C107212,45,Male,4,Uneducated,Single,FL,42840,No,No,Yes,Cellular,Self-employed,175407.0,1
C107213,31,Male,3,Graduate,Single,MI,45680,No,No,No,Email,Government,68879.0,5
C107214,44,Male,5,Post-Graduate,Married,NY,31590,No,No,Yes,Cellular,Retired,162439.0,5
C107215,46,Female,3,High School,Single,GA,83620,No,Yes,Yes,Email,Self-employed,104993.0,5
C107216,55,Female,5,Post-Graduate,Unknown,MI,39869,Yes,No,Yes,Email,Self-employed,147380.0,3
C107217,60,Male,4,Post-Graduate,Unknown,OH,26410,Yes,No,Yes,Email,Businessman,127022.0,1
C107218,25,Female,4,College,Single,OH,28402,No,Yes,No,Cellular,Government,125389.0,2
C107219,35,Female,5,Graduate,Divorced,TX,56495,Yes,Yes,Yes,Email,Government,149068.0,2
C107220,62,Male,4,Uneducated,Single,OH,99731,No,No,Yes,Telephone,Businessman,133256.0,3
C107221,34,Male,2,Uneducated,Single,GA,83490,Yes,Yes,Yes,Cellular,Salaried,18104.0,4
C107222,57,Female,0,College,Married,IL,37476,Yes,Yes,Yes,Telephone,Retired,48695.0,4
C107223,38,Male,5,Uneducated,Divorced,CA,84645,Yes,No,No,Cellular,Unemployed,46625.0,5
C107224,32,Female,0,Post-Graduate,Single,CA,79049,Yes,Yes,Yes,Email,Businessman,34027.0,1
C107225,23,Male,4,College,Married,FL,70662,Yes,Yes,No,Email,Businessman,114299.0,3
C107226,60,Male,5,High School,Married,NY,12366,No,Yes,Yes,Email,Retired,174865.0,5
C107227,66,Female,5,Graduate,Married,OH,72187,Yes,No,Yes,Cellular,Unemployed,86245.0,3
C107228,53,Female,4,Graduate,Unknown,TX,14126,Yes,Yes,No,Cellular,Retired,120647.0,4
C107229,24,Male,2,Graduate,Married,FL,86036,No,No,Yes,Email,Unemployed,19633.0,3
C107230,60,Female,2,Post-Graduate,Married,NC,90496,Yes,No,Yes,Cellular,Businessman,91764.0,1
C107231,46,Male,1,High School,Unknown,NY,52183,Yes,Yes,Yes,Telephone,Self-employed,48008.0,1
C107232,41,Female,3,College,Unknown,GA,14192,Yes,No,Yes,Email,Businessman,172250.0,1
C107233,65,Male,0,College,Married,CA,61001,Yes,No,Yes,Telephone,Student,39052.0,4
C107234,36,Male,5,Graduate,Single,TX,90191,Yes,No,No,Telephone,Businessman,155799.0,4
C107235,68,Male,0,High School,Divorced,FL,92765,Yes,Yes,Yes,Cellular,Salaried,158880.0,5
C107236,43,Female,2,High School,Unknown,PA,15440,Yes,No,Yes,Telephone,Salaried,130359.0,3
C107237,44,Male,3,High School,Divorced,CA,48033,No,No,Yes,Email,Retired,100798.0,2
C107238,29,Male,2,Uneducated,Unknown,GA,66117,No,No,No,Telephone,Unemployed,86870.0,2
C107239,39,Male,5,Uneducated,Married,NY,58632,No,No,No,Cellular,Salaried,115901.0,2
C107240,47,Male,1,Graduate,Unknown,IL,29174,Yes,No,No,Cellular,Businessman,79198.0,4
C107241,60,Female,5,High School,Married,PA,26454,Yes,No,Yes,Email,Government,117043.0,5
C107242,51,Female,1,High School,Divorced,GA,45323,No,No,Yes,Email,Salaried,138013.0,1
C107243,21,Male,1,College,Single,TX,97112,No,Yes,Yes,Email,Businessman,32429.0,1
C107244,33,Male,5,College,Married,NC,33970,No,Yes,Yes,Email,Salaried,139533.0,5
C107245,65,Female,5,Graduate,Divorced,IL,77031,Yes,Yes,Yes,Email,Self-employed,47881.0,4
C107246,24,Male,2,High School,Divorced,GA,74457,No,No,No,Telephone,Self-employed,148165.0,2
C107247,45,Female,3,Graduate,Unknown,FL,39192,Yes,No,Yes,Telephone,Businessman,79486.0,3
C107248,30,Male,5,College,Married,NC,80073,No,Yes,No,Cellular,Salaried,25971.0,4
C107249,43,Female,4,College,Divorced,GA,50306,No,No,No,Telephone,Salaried,74397.0,2
C107250,63,Male,0,Uneducated,Single,IL,71382,Yes,No,No,Email,Student,110675.0,1
C107251,50,Female,4,Graduate,Unknown,TX,73257,Yes,Yes,Yes,Email,Unemployed,83888.0,5
C107252,34,Female,3,Graduate,Unknown,CA,11954,Yes,No,Yes,Cellular,Retired,73030.0,5
C107253,52,Female,5,High School,Divorced,IL,49193,Yes,Yes,No,Email,Retired,120587.0,2
C107254,50,Male,2,High School,Married,IL,20209,Yes,Yes,No,Cellular,Salaried,153758.0,4
C107255,25,Female,2,Uneducated,Unknown,FL,64470,Yes,No,No,Telephone,Government,100149.0,2
C107256,65,Female,5,Post-Graduate,Married,MI,95518,No,Yes,No,Telephone,Self-employed,149392.0,4
C107257,35,Male,2,Post-Graduate,Divorced,MI,40086,Yes,No,No,Telephone,Salaried,167989.0,1
C107258,37,Male,1,Post-Graduate,Divorced,GA,72930,Yes,No,Yes,Cellular,Unemployed,130071.0,5
C107259,68,Male,1,Graduate,Married,TX,43895,Yes,Yes,No,Email,Government,122966.0,4
C107260,53,Male,1,Graduate,Single,MI,85556,No,No,No,Cellular,Retired,76967.0,1
C107261,32,Female,4,College,Unknown,NC,43828,No,No,Yes,Telephone,Unemployed,-1000.0,3
C107262,45,Male,5,Graduate,Divorced,TX,60379,Yes,Yes,No,Cellular,Businessman,108304.0,2
C107263,39,Male,5,Graduate,Single,FL,83721,Yes,No,No,Email,Self-employed,98617.0,4
C107264,43,Male,0,Graduate,Single,PA,35234,Yes,No,No,Cellular,Businessman,156059.0,2
C107265,59,Male,2,Uneducated,Married,NC,49913,Yes,Yes,No,Telephone,Retired,18808.0,2
C107266,25,Male,2,Graduate,Married,MI,14368,Yes,No,Yes,Email,Retired,101753.0,5
C107267,60,Male,4,High School,Married,NY,12124,Yes,No,Yes,Telephone,Salaried,22514.0,2
C107268,41,Male,5,High School,Single,NY,50495,No,No,No,Email,Businessman,130033.0,3
C107269,56,Female,0,College,Unknown,NY,44486,Yes,Yes,No,Email,Retired,172005.0,5
C107270,34,Female,0,Uneducated,Married,IL,42826,Yes,Yes,No,Telephone,Unemployed,63476.0,2
C107271,26,Female,4,High School,Unknown,PA,41437,Yes,Yes,No,Telephone,Self-employed,53131.0,3
C107272,39,Female,2,Uneducated,Married,TX,35598,Yes,No,Yes,Telephone,Businessman,118730.0,4
C107273,24,Female,3,Uneducated,Single,TX,64503,No,Yes,Yes,Cellular,Unemployed,29049.0,1
C107274,44,Male,3,College,Unknown,NY,39156,Yes,Yes,Yes,Telephone,Businessman,117198.0,3
C107275,46,Male,0,Uneducated,Unknown,PA,70718,No,Yes,No,Email,Businessman,164512.0,4
C107276,62,Male,0,Graduate,Single,CA,29984,Yes,Yes,Yes,Cellular,Government,86510.0,4
C107277,39,Male,2,Uneducated,Unknown,NC,77293,Yes,No,No,Cellular,Government,113093.0,4
C107278,52,Female,0,College,Single,MI,75401,Yes,Yes,No,Cellular,Salaried,71892.0,1
C107279,62,Female,4,College,Single,FL,76331,No,No,Yes,Cellular,Businessman,20247.0,2
C107280,65,Male,3,College,Divorced,NY,33452,No,Yes,No,Cellular,Government,33631.0,2
C107281,55,Male,3,High School,Married,PA,98468,Yes,No,Yes,Cellular,Self-employed,78930.0,2
C107282,60,Female,0,Graduate,Divorced,IL,18247,Yes,Yes,Yes,Telephone,Self-employed,117449.0,3
C107283,62,Female,4,High School,Single,TX,34883,Yes,No,No,Email,Retired,54067.0,1
C107284,22,Female,5,Post-Graduate,Single,TX,97109,Yes,Yes,Yes,Telephone,Businessman,72816.0,5
C107285,53,Male,0,Graduate,Unknown,IL,36456,Yes,No,No,Email,Salaried,172207.0,1
C107286,30,Male,0,Uneducated,Single,FL,30681,Yes,Yes,No,Cellular,Retired,86881.0,5
C107287,65,Female,5,College,Single,IL,63345,Yes,No,Yes,Telephone,Government,170835.0,4
C107288,53,Female,4,Post-Graduate,Single,NY,37042,No,Yes,Yes,Telephone,Retired,159659.0,2
C107289,43,Male,4,Graduate,Married,CA,96766,No,No,Yes,Telephone,Government,30962.0,5
C107290,54,Male,1,High School,Divorced,IL,26795,Yes,Yes,Yes,Email,Government,112071.0,2
C107291,62,Male,3,College,Divorced,CA,35189,Yes,No,Yes,Cellular,Retired,98417.0,1
C107292,56,Male,0,High School,Married,TX,26993,Yes,Yes,No,Cellular,Salaried,153332.0,2
C107293,50,Female,2,Graduate,Married,GA,81024,Yes,Yes,No,Cellular,Student,158768.0,2
C107294,59,Female,0,Graduate,Married,GA,41005,Yes,Yes,Yes,Email,Government,93748.0,3
C107295,25,Female,0,Post-Graduate,Divorced,NC,18166,Yes,No,Yes,Telephone,Unemployed,177931.0,5
C107296,41,Male,2,Uneducated,Divorced,CA,23091,No,Yes,Yes,Email,Businessman,115387.0,3
C107297,36,Male,5,High School,Single,FL,85028,No,Yes,No,Cellular,Government,177510.0,1
C107298,27,Male,3,Post-Graduate,Divorced,PA,97699,No,Yes,No,Email,Government,172226.0,4
C107299,29,Female,1,College,Unknown,OH,23594,Yes,No,No,Email,Student,148081.0,4
C107300,61,Female,4,Uneducated,Divorced,IL,82558,No,No,Yes,Email,Retired,90280.0,2
C107301,63,Female,1,Post-Graduate,Married,OH,36547,Yes,Yes,No,Cellular,Unemployed,141183.0,4
C107302,44,Male,0,High School,Divorced,MI,18386,No,Yes,Yes,Telephone,Businessman,50839.0,3
C107303,69,Male,0,Graduate,Single,GA,41421,Yes,No,Yes,Cellular,Businessman,40149.0,2
C107304,46,Female,2,College,Divorced,MI,64159,No,No,Yes,Email,Unemployed,94375.0,2
C107305,52,Male,5,High School,Married,PA,94525,Yes,No,No,Telephone,Businessman,49443.0,5
C107306,63,Female,2,Uneducated,Unknown,FL,76234,No,Yes,No,Telephone,Government,154450.0,2
C107307,47,Female,0,Uneducated,Married,CA,16017,No,Yes,Yes,Cellular,Government,60856.0,4
C107308,61,Female,1,Graduate,Unknown,IL,71257,No,No,Yes,Cellular,Self-employed,98617.0,5
C107309,39,Female,1,Graduate,Single,MI,33626,Yes,Yes,Yes,Telephone,Student,28322.0,3
C107310,28,nan,3,College,Single,MI,30499,Yes,No,No,Email,nan,19664.0,4
C107311,57,Male,5,College,Divorced,MI,46915,Yes,No,No,Cellular,Unemployed,107858.0,4
C107312,26,Male,0,Graduate,Single,FL,38040,Yes,No,Yes,Telephone,Businessman,97872.0,4
C107313,39,Male,5,Graduate,Single,IL,33238,Yes,No,Yes,Telephone,Businessman,61374.0,3
C107314,63,Male,4,Uneducated,Married,FL,11222,No,Yes,Yes,Email,Self-employed,147028.0,5
C107315,43,Male,4,Graduate,Married,NC,40214,Yes,No,Yes,Telephone,Government,42219.0,5
C107316,22,Female,1,Post-Graduate,Divorced,TX,39027,Yes,Yes,No,Cellular,Unemployed,156223.0,4
C107317,23,Male,2,High School,Divorced,TX,48124,Yes,Yes,No,Telephone,Unemployed,61076.0,2
C107318,22,Male,2,Graduate,Divorced,MI,30747,No,No,No,Email,Self-employed,84130.0,2
C107319,33,Male,1,College,Divorced,OH,66571,No,Yes,Yes,Email,Unemployed,23004.0,4
C107320,52,Female,3,Post-Graduate,Married,NY,24246,No,Yes,No,Email,Self-employed,50733.0,2
C107321,63,Male,0,College,Divorced,NC,34411,Yes,Yes,No,Cellular,Government,82711.0,3
C107322,45,Female,4,Post-Graduate,Divorced,GA,73002,Yes,No,No,Cellular,Salaried,82075.0,5
C107323,63,Male,1,Graduate,Single,PA,52568,No,No,Yes,Cellular,Retired,176202.0,3
C107324,33,Male,5,High School,Divorced,NC,87913,Yes,No,No,Telephone,Unemployed,55148.0,4
C107325,50,Male,2,College,Unknown,TX,97123,Yes,Yes,No,Email,Student,61969.0,2
C107326,39,Female,0,Post-Graduate,Single,FL,40514,Yes,Yes,Yes,Email,Salaried,164209.0,4
C107327,44,Female,4,Uneducated,Married,OH,28362,Yes,No,Yes,Email,Salaried,71696.0,3
C107328,65,Male,3,Graduate,Unknown,CA,11562,Yes,No,Yes,Cellular,Student,27417.0,5
C107329,53,Male,1,High School,Divorced,CA,63164,No,No,Yes,Email,Salaried,164453.0,1
C107330,33,Male,0,Graduate,Single,CA,50423,No,No,No,Telephone,Government,164100.0,4
C107331,51,Female,5,Uneducated,Divorced,GA,31784,No,No,Yes,Telephone,Salaried,115780.0,4
C107332,58,Female,4,High School,Single,PA,16989,Yes,Yes,No,Cellular,Unemployed,56146.0,4
C107333,28,Male,3,Uneducated,Divorced,TX,57291,No,Yes,Yes,Cellular,Salaried,152829.0,4
C107334,50,Female,2,Graduate,Unknown,MI,69341,Yes,No,Yes,Cellular,Retired,45000.0,5
C107335,39,Female,0,Post-Graduate,Married,OH,99681,No,No,No,Email,Salaried,174888.0,5
C107336,52,Female,5,Graduate,Unknown,PA,20731,Yes,No,Yes,Email,Government,168696.0,3
C107337,50,Female,1,Graduate,Unknown,IL,77201,Yes,Yes,Yes,Email,Self-employed,137308.0,1
C107338,66,Male,4,Graduate,Married,TX,75675,No,No,No,Telephone,Businessman,46221.0,4
C107339,58,Male,2,College,Single,FL,96292,No,No,No,Telephone,Student,172022.0,3
C107340,37,Female,5,Uneducated,Single,CA,44335,No,Yes,Yes,Email,Student,150010.0,5
C107341,54,Female,5,Uneducated,Married,NC,95740,Yes,Yes,Yes,Telephone,Government,51108.0,2
C107342,36,Female,2,Uneducated,Divorced,IL,54199,No,Yes,Yes,Telephone,Businessman,120778.0,5
C107343,57,Male,4,College,Single,NY,71887,No,No,No,Cellular,Salaried,28023.0,5
C107344,26,Male,4,Post-Graduate,Unknown,NC,47219,No,Yes,No,Email,Unemployed,156628.0,2
C107345,22,Female,4,Graduate,Married,OH,76483,No,No,Yes,Telephone,Unemployed,178992.0,2
C107346,25,Female,0,Post-Graduate,Unknown,GA,88901,Yes,No,No,Telephone,Retired,165010.0,3
C107347,62,Female,1,College,Single,TX,27524,Yes,No,No,Email,Student,128908.0,1
C107348,39,Female,2,Uneducated,Married,OH,60153,Yes,Yes,Yes,Email,Unemployed,133593.0,1
C107349,21,Male,3,Graduate,Married,CA,13137,No,No,Yes,Cellular,Salaried,88144.0,5
C107350,58,Male,4,High School,Single,PA,11232,No,Yes,Yes,Cellular,Retired,98617.0,2
C107351,45,Male,1,High School,Single,MI,15873,No,Yes,Yes,Email,Government,159291.0,5
C107352,36,nan,3,Post-Graduate,Married,PA,26493,Yes,Yes,No,Telephone,Retired,153195.0,1
C107353,50,Male,0,Uneducated,Divorced,MI,60956,No,No,Yes,Cellular,Government,56746.0,1
C107354,50,Male,2,High School,Married,PA,27397,Yes,Yes,Yes,Email,Retired,90310.0,4
C107355,30,Female,1,Post-Graduate,Divorced,TX,43352,No,No,No,Cellular,Government,153562.0,1
C107356,60,Female,1,College,Unknown,PA,21001,Yes,No,No,Telephone,Self-employed,162084.0,4
C107357,44,Male,2,Post-Graduate,Divorced,TX,35710,Yes,Yes,No,Telephone,nan,98617.0,5
C107358,41,Male,2,Post-Graduate,Divorced,MI,14126,No,No,No,Email,Salaried,58597.0,3
C107359,59,Male,5,Post-Graduate,Single,NC,76979,No,Yes,No,Cellular,Self-employed,126470.0,1
C107360,35,Female,4,Graduate,Married,OH,58518,Yes,Yes,No,Telephone,Salaried,62675.0,4
C107361,25,Female,2,Post-Graduate,Unknown,FL,79990,Yes,Yes,No,Telephone,Retired,117972.0,3
C107362,56,Female,1,Post-Graduate,Married,TX,55653,No,Yes,Yes,Cellular,Government,167758.0,3
C107363,62,Female,4,Graduate,Divorced,PA,34094,Yes,No,Yes,Email,Self-employed,152351.0,5
C107364,42,Male,2,Graduate,Divorced,NC,66144,No,Yes,No,Cellular,Retired,157666.0,2
C107365,28,Female,3,College,Divorced,TX,75343,No,No,Yes,Cellular,Businessman,51806.0,3
C107366,51,Male,3,Uneducated,Married,GA,76267,Yes,No,No,Cellular,Government,102274.0,3
C107367,21,Female,2,High School,Divorced,PA,67131,Yes,Yes,Yes,Cellular,Unemployed,23272.0,2
C107368,40,Female,5,High School,Married,FL,52060,No,No,No,Cellular,Self-employed,63259.0,3
C107369,48,Female,1,Post-Graduate,Unknown,IL,92219,Yes,Yes,No,Telephone,Retired,174640.0,5
C107370,51,Female,4,College,Unknown,TX,76282,Yes,Yes,No,Email,Self-employed,127929.0,5
C107371,44,Male,5,Post-Graduate,Married,NY,91652,No,Yes,No,Email,Self-employed,98967.0,4
C107372,65,Male,4,High School,Unknown,NC,82151,Yes,No,No,Telephone,Student,42244.0,5
C107373,27,Male,4,Graduate,Single,TX,22214,Yes,Yes,No,Email,Self-employed,46738.0,3
C107374,22,Male,0,Uneducated,Divorced,PA,62711,Yes,No,Yes,Email,Businessman,86779.0,3
C107375,29,Male,2,College,Divorced,IL,24830,Yes,Yes,Yes,Cellular,Government,149877.0,1
C107376,39,Male,5,Graduate,Divorced,MI,38787,No,No,Yes,Email,Government,178444.0,3
C107377,61,Male,0,Uneducated,Single,GA,83075,Yes,Yes,Yes,Cellular,Government,178324.0,2
C107378,69,Female,5,College,Divorced,IL,74961,Yes,No,Yes,Email,Self-employed,72317.0,1
C107379,45,Male,0,College,Married,GA,10164,Yes,Yes,Yes,Telephone,Government,104118.0,5
C107380,43,Female,3,High School,Divorced,IL,12841,Yes,No,No,Email,Businessman,135563.0,1
C107381,30,Male,4,Graduate,Married,MI,28645,No,Yes,No,Telephone,Unemployed,29295.0,2
C107382,43,Female,0,College,Unknown,PA,18485,No,No,Yes,Cellular,Unemployed,169291.0,1
C107383,53,Male,1,College,Married,IL,48009,No,Yes,No,Cellular,Student,85028.0,2
C107384,63,Female,2,Uneducated,Married,NY,10396,Yes,No,Yes,Cellular,Businessman,25457.0,5
C107385,39,Male,1,High School,Married,MI,97968,No,Yes,Yes,Cellular,Student,121745.0,1
C107386,54,Male,4,Post-Graduate,Divorced,MI,69313,No,Yes,No,Telephone,Government,96964.0,3
C107387,57,Male,3,High School,Single,PA,94390,Yes,Yes,No,Email,Unemployed,108932.0,3
C107388,23,Male,1,Post-Graduate,Single,OH,62304,Yes,No,Yes,Cellular,Retired,139480.0,2
C107389,65,Female,1,Graduate,Married,TX,20177,No,No,No,Cellular,Salaried,61678.0,2
C107390,27,Male,5,Graduate,Divorced,TX,18044,No,Yes,No,Cellular,Unemployed,169351.0,2
C107391,63,Male,0,College,Single,OH,76941,Yes,No,Yes,Telephone,Unemployed,146375.0,5
C107392,69,Female,1,Graduate,Unknown,MI,57386,Yes,Yes,Yes,Telephone,Student,43161.0,2
C107393,21,Male,3,College,Unknown,FL,90441,Yes,Yes,Yes,Telephone,Businessman,112616.0,3
C107394,56,Female,1,High School,Divorced,NY,96926,No,Yes,Yes,Email,Businessman,142800.0,3
C107395,21,Female,1,Graduate,Unknown,NC,35016,Yes,No,No,Email,Retired,109060.0,2
C107396,61,Male,4,High School,Unknown,NC,98390,No,Yes,Yes,Cellular,Unemployed,21541.0,4
C107397,50,Male,5,High School,Unknown,PA,47161,No,No,No,Telephone,Unemployed,172578.0,2
C107398,52,Female,3,Graduate,Single,NY,98115,No,No,No,Email,Salaried,52492.0,4
C107399,69,Male,1,High School,Unknown,TX,36051,Yes,Yes,Yes,Email,Student,163314.0,1
C107400,39,Female,4,Graduate,Married,IL,22789,No,No,No,Telephone,Student,119611.0,1
C107401,67,Male,2,Graduate,Married,IL,74363,No,No,Yes,Email,Businessman,18594.0,3
C107402,30,Male,1,Graduate,Unknown,NC,21185,No,No,No,Telephone,Student,62826.0,1
C107403,64,Female,1,Post-Graduate,Married,MI,85762,No,Yes,No,Telephone,Salaried,57145.0,1
C107404,68,Male,4,High School,Single,TX,49681,Yes,Yes,No,Telephone,Student,39019.0,1
C107405,64,Male,5,Uneducated,Divorced,NY,12707,No,No,Yes,Cellular,Student,147161.0,5
C107406,53,Male,4,Graduate,Married,MI,79975,Yes,No,No,Email,Salaried,132053.0,5
C107407,65,Female,4,High School,Unknown,GA,37885,Yes,Yes,Yes,Cellular,Government,116133.0,2
C107408,24,Male,1,College,Divorced,OH,45400,No,Yes,No,Telephone,Student,49389.0,4
C107409,40,Female,0,Graduate,Divorced,NC,79758,No,No,Yes,Email,Retired,126012.0,3
C107410,64,Male,0,Graduate,Unknown,TX,31019,Yes,Yes,No,Email,Businessman,146707.0,5
C107411,35,Female,4,Uneducated,Married,PA,93482,Yes,Yes,No,Cellular,Self-employed,143117.0,5
C107412,61,Male,0,Post-Graduate,Single,IL,86129,Yes,No,No,Cellular,Businessman,84921.0,3
C107413,50,Male,2,Post-Graduate,Married,IL,90683,Yes,Yes,Yes,Email,Unemployed,99071.0,5
C107414,27,Female,0,Graduate,Married,MI,83320,No,No,No,Cellular,Retired,82663.0,3
C107415,58,Male,0,High School,Single,GA,52992,No,No,Yes,Cellular,Businessman,115479.0,2
C107416,61,Female,1,College,Divorced,CA,53048,No,No,No,Telephone,Government,26465.0,2
C107417,38,Male,5,College,Single,CA,29145,No,No,Yes,Email,Government,120920.0,1
C107418,50,Female,0,High School,Single,TX,22490,Yes,Yes,No,Telephone,Businessman,37907.0,3
C107419,28,Male,4,Graduate,Unknown,NY,37165,Yes,Yes,No,Telephone,Student,42065.0,3
C107420,41,Female,1,College,Unknown,NY,21605,No,Yes,No,Email,Unemployed,110954.0,2
C107421,65,Male,0,Post-Graduate,Married,NY,35847,No,Yes,Yes,Email,Businessman,156641.0,5
C107422,27,Female,2,High School,Unknown,FL,50053,No,No,Yes,Telephone,Retired,94449.0,3
C107423,64,Female,1,Uneducated,Single,CA,61114,Yes,Yes,No,Email,Student,100357.0,3
C107424,25,Male,5,Graduate,Single,MI,83490,No,No,Yes,Telephone,Salaried,125530.0,5
C107425,52,Female,1,High School,Unknown,NC,62561,Yes,No,Yes,Telephone,Unemployed,19473.0,2
C107426,36,Female,1,College,Unknown,IL,14086,Yes,No,No,Cellular,Salaried,128878.0,3
C107427,60,Male,0,Graduate,Unknown,IL,95653,Yes,Yes,No,Telephone,Unemployed,125435.0,3
C107428,46,Male,5,Post-Graduate,Single,NC,97870,Yes,No,No,Email,Government,177799.0,5
C107429,47,Male,4,Graduate,Divorced,IL,68779,No,No,No,Telephone,Self-employed,18344.0,1
C107430,59,Male,3,Graduate,Divorced,GA,59248,Yes,Yes,Yes,Telephone,Self-employed,25401.0,5
C107431,48,Male,5,Post-Graduate,Unknown,CA,42874,Yes,No,Yes,Email,Retired,18146.0,5
C107432,53,Male,3,Post-Graduate,Married,CA,14317,No,Yes,No,Email,Government,61295.0,1
C107433,22,Female,3,Graduate,Married,FL,64447,No,Yes,Yes,Cellular,Salaried,112627.0,3
C107434,61,Female,0,Post-Graduate,Divorced,GA,33005,Yes,No,Yes,Email,Government,170134.0,1
C107435,35,Female,2,High School,Unknown,TX,89386,No,No,Yes,Telephone,Salaried,120029.0,4
C107436,59,Male,1,Post-Graduate,Single,CA,12953,No,Yes,No,Email,Student,148426.0,1
C107437,27,Male,1,Post-Graduate,Married,NC,23915,Yes,Yes,No,Email,Retired,49404.0,2
C107438,40,Female,5,Graduate,Married,NC,44171,No,No,No,Cellular,Unemployed,42832.0,3
C107439,33,Female,4,High School,Single,NC,75932,Yes,No,No,Telephone,Salaried,160515.0,4
C107440,52,Male,5,Uneducated,Single,NC,84256,Yes,No,No,Cellular,Unemployed,74096.0,4
C107441,49,Female,1,Uneducated,Unknown,NY,41535,No,No,Yes,Cellular,Salaried,107249.0,1
C107442,24,Male,4,College,Single,FL,42578,No,No,No,Telephone,Salaried,153006.0,4
C107443,39,Male,5,Post-Graduate,Single,NY,86339,No,No,No,Email,Self-employed,167693.0,3
C107444,30,Female,0,Post-Graduate,Single,OH,80119,Yes,No,Yes,Telephone,Salaried,113051.0,3
C107445,56,Male,3,High School,Divorced,TX,54315,No,No,No,Cellular,Businessman,66591.0,5
C107446,32,Male,5,Uneducated,Single,NC,67415,Yes,No,Yes,Cellular,Student,49503.0,5
C107447,42,Male,4,College,Married,OH,37528,No,No,Yes,Telephone,Unemployed,138778.0,2
C107448,47,Male,4,High School,Unknown,GA,33046,Yes,Yes,No,Cellular,Self-employed,160981.0,1
C107449,55,Female,1,Post-Graduate,Unknown,NC,41352,No,Yes,Yes,Email,Unemployed,-1000.0,4
C107450,60,Male,0,Uneducated,Unknown,GA,47887,Yes,Yes,Yes,Email,Businessman,159008.0,5
C107451,37,Male,3,College,Divorced,OH,24907,No,Yes,Yes,Telephone,Self-employed,73206.0,3
C107452,26,Female,0,Graduate,Married,NC,48479,No,No,No,Telephone,Self-employed,128474.0,4
C107453,65,Male,3,Uneducated,Single,CA,77512,No,Yes,Yes,Email,Businessman,47324.0,1
C107454,68,Male,2,College,Married,FL,90109,No,No,Yes,Telephone,Unemployed,125084.0,4
C107455,63,Female,0,High School,Unknown,FL,24509,No,No,Yes,Email,Government,58984.0,4
C107456,34,Female,2,Graduate,Single,IL,23151,Yes,No,Yes,Email,Retired,173259.0,2
C107457,53,Male,3,College,Unknown,GA,78289,Yes,No,Yes,Email,Retired,79332.0,1
C107458,64,Male,4,College,Unknown,MI,20418,No,No,No,Email,Retired,32890.0,4
C107459,48,Female,2,Post-Graduate,Unknown,CA,72397,Yes,Yes,Yes,Telephone,Government,98617.0,3
C107460,58,Male,3,Uneducated,Married,PA,18070,Yes,Yes,Yes,Email,Salaried,151075.0,3
C107461,27,Male,3,Post-Graduate,Married,NC,80378,No,Yes,No,Email,Businessman,178666.0,2
C107462,31,Male,2,Graduate,Unknown,MI,27156,No,No,Yes,Cellular,Salaried,168159.0,5
C107463,53,Female,5,College,Unknown,GA,17545,Yes,Yes,Yes,Cellular,Retired,90055.0,1
C107464,23,Male,0,Post-Graduate,Single,NY,48889,Yes,Yes,Yes,Cellular,Government,49789.0,4
C107465,42,Female,5,Uneducated,Unknown,OH,57250,No,No,No,Cellular,Businessman,33875.0,2
C107466,33,Female,4,Graduate,Unknown,IL,69566,No,No,No,Telephone,Businessman,21586.0,3
C107467,49,Female,3,High School,Unknown,NY,22141,No,Yes,No,Cellular,Businessman,153517.0,4
C107468,26,Female,0,Post-Graduate,Unknown,CA,33286,Yes,No,Yes,Cellular,Salaried,111468.0,3
C107469,62,Male,3,Graduate,Married,NY,72254,No,No,Yes,Cellular,Self-employed,148550.0,4
C107470,59,Female,3,High School,Unknown,MI,97957,Yes,Yes,No,Telephone,Self-employed,168005.0,1
C107471,63,Male,3,Post-Graduate,Divorced,PA,11639,No,Yes,No,Email,Retired,87908.0,3
C107472,48,Female,0,Graduate,Unknown,GA,37806,No,No,No,Cellular,Self-employed,47408.0,2
C107473,35,Female,1,Graduate,Married,TX,57808,Yes,No,No,Email,Unemployed,67334.0,2
C107474,44,Male,4,Post-Graduate,Divorced,IL,85305,No,Yes,No,Cellular,Businessman,100530.0,2
C107475,63,Female,4,Graduate,Divorced,NY,71841,Yes,Yes,Yes,Telephone,Government,64499.0,2
C107476,46,Female,1,College,Unknown,GA,66325,Yes,Yes,Yes,Telephone,Salaried,153206.0,5
C107477,21,Male,3,Post-Graduate,Unknown,FL,56793,Yes,No,Yes,Telephone,nan,108673.0,4
C107478,46,Female,1,Graduate,Married,MI,28507,No,Yes,Yes,Email,Government,168299.0,4
C107479,66,Female,5,High School,Divorced,PA,30454,No,Yes,Yes,Telephone,Self-employed,85603.0,4
C107480,51,Female,2,High School,Divorced,TX,83648,No,Yes,Yes,Email,Retired,112698.0,5
C107481,43,Male,2,College,Married,GA,42104,Yes,No,Yes,Telephone,nan,31720.0,2
C107482,52,Female,0,Post-Graduate,Unknown,GA,35038,YES,No,Yes,Cellular,Government,115453.0,1
C107483,64,Male,0,Graduate,Single,TX,74120,No,Yes,Yes,Cellular,Self-employed,165231.0,2
C107484,21,Male,2,Graduate,Single,NC,85302,No,No,No,Cellular,Businessman,173582.0,5
C107485,38,Male,5,High School,Divorced,MI,13854,No,Yes,Yes,Cellular,nan,20927.0,1
C107486,37,Female,5,College,Divorced,IL,83438,No,Yes,Yes,Email,Self-employed,57793.0,5
C107487,66,Female,1,High School,Unknown,MI,57035,Yes,Yes,Yes,Telephone,Salaried,39803.0,3
C107488,64,Female,5,High School,Single,NC,82129,No,No,No,Email,Student,24739.0,4
C107489,48,Female,0,College,Divorced,OH,56747,No,Yes,No,Email,Student,107096.0,4
C107490,21,Male,1,Post-Graduate,Unknown,MI,39593,No,No,yes,Cellular,Student,100380.0,5
C107491,56,Male,0,Graduate,Single,TX,12744,Yes,No,Yes,Telephone,Self-employed,150133.0,1
C107492,25,Female,4,Post-Graduate,Married,PA,42836,No,Yes,Yes,Email,Self-employed,134181.0,3
C107493,25,Female,1,nan,Divorced,MI,63947,Yes,No,Yes,Email,Businessman,20171.0,3
C107494,22,Male,2,Uneducated,Married,NY,86539,Yes,Yes,No,Email,Student,169076.0,2
C107495,31,Female,2,Uneducated,Single,PA,92897,No,Yes,No,Email,Unemployed,176870.0,2
C107496,55,Female,5,College,Unknown,IL,95195,Yes,Yes,Yes,Telephone,nan,88730.0,1
C107497,50,Female,0,High School,Unknown,TX,91740,Yes,Yes,No,Cellular,Retired,30278.0,2
C107498,52,Female,1,Post-Graduate,Single,OH,18195,Yes,No,No,Cellular,Student,89311.0,4
C107499,28,Female,3,Graduate,Married,FL,29663,No,Yes,No,Email,Government,73334.0,5
C107500,22,Female,2,Uneducated,Unknown,PA,92489,Yes,Yes,No,Telephone,Government,64555.0,4
C107501,56,Male,2,Post-Graduate,Divorced,NC,60501,No,Yes,Yes,Telephone,Salaried,157132.0,3
C107502,59,Male,1,Uneducated,Married,PA,49711,No,Yes,No,Email,Self-employed,54465.0,3
C107503,45,Male,1,Uneducated,Married,FL,56092,Yes,No,No,Telephone,Retired,29418.0,5
C107504,39,Male,0,Graduate,Divorced,MI,66156,Yes,No,Yes,Email,Unemployed,130073.0,1
C107505,27,Female,5,College,Single,NY,64732,Yes,Yes,Yes,Cellular,Student,37245.0,3
C107506,60,Female,5,High School,Unknown,NC,53626,No,No,Yes,Cellular,Retired,174501.0,1
C107507,34,Male,3,College,Married,FL,46190,No,Yes,Yes,Cellular,Government,99324.0,4
C107508,24,Male,2,Post-Graduate,Unknown,FL,10787,Yes,Yes,No,Email,Salaried,156527.0,2
C107509,66,Male,1,College,Unknown,NY,27301,Yes,Yes,Yes,Email,Unemployed,123078.0,5
C107510,53,Male,2,Post-Graduate,Married,IL,19425,No,No,No,Cellular,Unemployed,104192.0,2
C107511,57,Male,3,Post-Graduate,Single,PA,24350,No,Yes,Yes,Email,Businessman,111223.0,1
C107512,63,Female,5,High School,Married,MI,77315,No,No,No,Telephone,Government,97876.0,1
C107513,50,Female,5,Graduate,Single,PA,10331,Yes,No,Yes,Cellular,Government,86711.0,4
C107514,67,Male,4,High School,Divorced,TX,92461,Yes,Yes,Yes,Telephone,Student,66629.0,4
C107515,40,Male,4,College,Single,NC,73346,No,No,No,Telephone,Self-employed,69702.0,1
C107516,34,Female,3,Post-Graduate,Single,OH,40401,No,Yes,Yes,Email,Government,174424.0,4
C107517,47,Female,1,Uneducated,Married,TX,74775,Yes,No,Yes,Email,Government,47126.0,5
C107518,33,Female,4,Uneducated,Unknown,FL,30878,No,No,Yes,Cellular,Unemployed,28897.0,3
C107519,27,Male,1,Post-Graduate,Unknown,OH,44448,Yes,No,Yes,Email,Student,118269.0,5
C107520,38,Female,0,High School,Single,GA,52837,No,No,Yes,Email,Self-employed,177463.0,1
C107521,58,Male,2,Graduate,Single,PA,39581,No,Yes,Yes,Telephone,Retired,111184.0,3
C107522,59,Male,0,High School,Married,FL,90210,No,Yes,Yes,Email,Businessman,31552.0,1
C107523,29,Female,4,Post-Graduate,Single,NY,81069,No,Yes,Yes,Cellular,Retired,152861.0,5
C107524,43,Female,4,Post-Graduate,Married,MI,35045,Yes,Yes,Yes,Email,Unemployed,18727.0,1
C107525,51,Female,1,Graduate,Divorced,GA,25741,No,Yes,Yes,Cellular,Businessman,168096.0,4
C107526,22,Male,4,College,Single,CA,47855,No,Yes,No,Telephone,Businessman,171835.0,1
C107527,60,Female,1,College,Divorced,NC,30541,Yes,Yes,No,Telephone,Businessman,97380.0,5
C107528,58,Female,3,Graduate,Single,GA,37647,Yes,No,No,Telephone,Self-employed,51977.0,4
C107529,61,Male,4,College,Single,TX,46411,Yes,No,No,Cellular,Businessman,122313.0,3
C107530,59,Female,3,Uneducated,Divorced,MI,85352,No,Yes,Yes,Telephone,Student,98617.0,5
C107531,25,Female,3,College,Divorced,FL,89279,Yes,Yes,No,Telephone,Student,118065.0,2
C107532,43,Male,5,College,Married,MI,50710,No,No,Yes,Email,Student,122003.0,2
C107533,69,Male,2,College,Married,FL,76336,Yes,No,Yes,Cellular,Unemployed,52775.0,5
C107534,52,Male,5,Uneducated,Divorced,NY,66607,No,Yes,No,Telephone,Businessman,20911.0,5
C107535,59,Male,1,College,Single,MI,76422,Yes,Yes,Yes,Email,Student,144184.0,2
C107536,36,Male,3,Uneducated,Married,IL,45849,Yes,No,No,Email,Unemployed,52829.0,2
C107537,31,Female,2,Graduate,Single,TX,99603,Yes,No,No,Telephone,Student,107808.0,2
C107538,34,Female,4,High School,Unknown,CA,54005,No,No,No,Cellular,Salaried,124290.0,5
C107539,23,Male,4,Graduate,Married,NY,95402,No,No,No,Telephone,Businessman,137156.0,4
C107540,28,Female,3,High School,Married,OH,19101,Yes,No,Yes,Email,Student,87377.0,1
C107541,35,Female,5,Graduate,Married,CA,36274,No,Yes,No,Cellular,Retired,127233.0,1
C107542,29,Male,4,High School,Unknown,NY,26683,No,No,No,Email,Self-employed,120931.0,4
C107543,36,Male,1,High School,Divorced,MI,57837,No,Yes,Yes,Telephone,Student,28459.0,1
C107544,46,Male,4,Post-Graduate,Single,OH,62897,No,No,No,Cellular,Salaried,69084.0,4
C107545,52,Female,0,High School,Unknown,CA,88149,No,Yes,Yes,Telephone,Self-employed,122696.0,4
C107546,38,Male,4,High School,Divorced,OH,40287,Yes,Yes,No,Telephone,Self-employed,132864.0,1
C107547,28,Female,3,Post-Graduate,Married,GA,62426,No,Yes,No,Telephone,Retired,53972.0,1
C107548,59,Female,2,College,Divorced,NY,11860,Yes,Yes,Yes,Email,Unemployed,129540.0,1
C107549,52,Female,1,College,Divorced,FL,50805,Yes,Yes,Yes,Cellular,Unemployed,146864.0,3
C107550,30,Female,1,Post-Graduate,Divorced,OH,73871,Yes,No,Yes,Cellular,Retired,142424.0,1
C107551,32,Male,2,Uneducated,Single,CA,25407,No,Yes,No,Email,Unemployed,43652.0,5
C107552,32,Female,1,High School,Divorced,PA,74445,No,No,No,Cellular,Retired,57182.0,5
C107553,30,Male,5,High School,Divorced,IL,97269,Yes,Yes,No,Cellular,Unemployed,53665.0,3
C107554,54,Female,3,Post-Graduate,Divorced,PA,97853,Yes,No,Yes,Telephone,Government,103763.0,5
C107555,50,Male,3,Post-Graduate,Divorced,GA,84086,Yes,Yes,Yes,Telephone,Salaried,99313.0,1
C107556,64,Male,2,Uneducated,Unknown,CA,17776,Yes,Yes,No,Email,Unemployed,152892.0,3
C107557,51,Male,3,College,Unknown,TX,85480,No,No,Yes,Cellular,Salaried,52004.0,2
C107558,58,Female,0,Graduate,Divorced,NC,20580,Yes,No,No,Email,Student,54561.0,2
C107559,45,Female,3,College,Divorced,GA,19136,Yes,No,No,Email,Unemployed,37251.0,4
C107560,44,Female,1,High School,Divorced,FL,60086,No,No,Yes,Email,Salaried,30451.0,1
C107561,53,Male,2,Post-Graduate,Married,MI,90232,Yes,No,Yes,Email,Self-employed,29874.0,4
C107562,29,Female,5,Uneducated,Divorced,NC,33876,No,Yes,No,Telephone,Self-employed,33033.0,2
C107563,45,Female,0,College,Divorced,OH,79609,Yes,Yes,Yes,Email,Student,175921.0,5
C107564,40,Female,3,Uneducated,Unknown,NY,76763,No,Yes,No,Cellular,Self-employed,173565.0,3
C107565,68,Male,0,College,Unknown,CA,11291,No,No,Yes,Telephone,Unemployed,62456.0,2
C107566,37,Female,4,High School,Unknown,CA,66080,No,Yes,Yes,Telephone,Student,46495.0,4
C107567,26,Female,4,Graduate,Single,TX,22353,Yes,No,Yes,Email,Retired,153579.0,5
C107568,56,Male,0,Uneducated,Married,MI,68849,No,Yes,No,Telephone,Government,131973.0,3
C107569,61,Male,4,Uneducated,Divorced,NY,22999,Yes,No,No,Telephone,Salaried,72523.0,5
C107570,40,Male,4,Graduate,Unknown,FL,51799,No,No,No,Telephone,Salaried,179310.0,2
C107571,46,Male,4,Uneducated,Single,GA,18705,No,Yes,No,Telephone,Salaried,147031.0,5
C107572,60,Male,5,Uneducated,Divorced,IL,74737,No,No,Yes,Telephone,Government,162326.0,5
C107573,32,Male,5,College,Divorced,IL,94423,Yes,Yes,Yes,Telephone,Salaried,39329.0,4
C107574,27,Female,2,College,Unknown,PA,13076,No,Yes,No,Cellular,Retired,175615.0,5
C107575,60,Female,2,Graduate,Divorced,IL,65890,No,No,No,Telephone,Government,69427.0,3
C107576,50,Male,4,High School,Divorced,IL,44190,No,Yes,No,Telephone,Government,112815.0,2
C107577,42,Female,1,Uneducated,Divorced,OH,73732,No,No,Yes,Email,Student,19615.0,1
C107578,62,Male,4,High School,Unknown,PA,52831,Yes,No,Yes,Telephone,Retired,118117.0,5
C107579,49,Female,4,Graduate,Single,MI,61026,Yes,Yes,Yes,Telephone,Businessman,92010.0,2
C107580,42,Male,4,Graduate,Divorced,NY,24980,No,No,No,Email,Unemployed,30264.0,5
C107581,44,Male,1,College,Single,CA,54994,No,No,No,Cellular,Businessman,74103.0,5
C107582,23,Female,1,Uneducated,Divorced,CA,86971,No,Yes,Yes,Cellular,Student,82357.0,4
C107583,61,Female,5,Post-Graduate,Unknown,FL,36650,No,No,No,Telephone,Student,64012.0,2
C107584,44,Female,4,Graduate,Single,NY,37860,Yes,No,No,Cellular,Student,109367.0,3
C107585,46,Female,3,Uneducated,Unknown,PA,79510,No,No,Yes,Cellular,Salaried,45465.0,1
C107586,25,Female,5,High School,Married,NC,53173,No,No,No,Cellular,Unemployed,22259.0,5
C107587,33,Female,0,College,Divorced,MI,17807,Yes,Yes,Yes,Cellular,Unemployed,50198.0,2
C107588,57,Female,2,High School,Married,MI,12704,No,Yes,No,Telephone,Self-employed,172482.0,2
C107589,42,Female,0,Graduate,Married,GA,88886,No,Yes,No,Telephone,Student,116434.0,5
C107590,54,Male,2,Graduate,Married,FL,52689,Yes,Yes,No,Email,Government,51867.0,1
C107591,59,Female,5,High School,Divorced,NY,78229,No,Yes,Yes,Telephone,Businessman,158511.0,5
C107592,23,Female,0,Graduate,Unknown,CA,55663,Yes,Yes,Yes,Telephone,Salaried,171150.0,1
C107593,52,Male,5,Uneducated,Married,OH,54459,No,No,No,Cellular,Retired,20418.0,2
C107594,44,Male,1,Graduate,Single,MI,15152,Yes,No,No,Cellular,Self-employed,100269.0,5
C107595,29,Male,4,College,Divorced,TX,41939,Yes,No,Yes,Telephone,Businessman,121305.0,2
C107596,23,Male,2,Uneducated,Unknown,PA,59534,No,No,No,Telephone,Businessman,122357.0,5
C107597,42,Male,4,Post-Graduate,Unknown,IL,87283,No,No,No,Cellular,Businessman,26211.0,5
C107598,44,Female,4,Graduate,Married,IL,59110,No,Yes,Yes,Telephone,Government,33374.0,3
C107599,58,Male,5,Graduate,Divorced,NY,76144,No,Yes,No,Telephone,Government,173028.0,4
C107600,30,Male,1,College,Married,NC,52263,Yes,No,No,Cellular,Government,28078.0,5
C107601,55,Female,2,College,Single,FL,77814,No,Yes,No,Cellular,Self-employed,83938.0,5
C107602,40,Female,3,High School,Unknown,MI,21626,No,Yes,No,Email,Unemployed,93754.0,2
C107603,61,Female,1,High School,Unknown,CA,37016,No,Yes,Yes,Telephone,Businessman,87255.0,1
C107604,64,Female,4,High School,Divorced,NY,14827,Yes,Yes,Yes,Cellular,Student,120825.0,2
C107605,32,Male,5,College,Unknown,NC,16125,Yes,Yes,Yes,Cellular,Self-employed,76133.0,4
C107606,68,Female,2,nan,Divorced,OH,80931,Yes,No,No,Telephone,Government,103613.0,5
C107607,63,Male,1,nan,Married,MI,37754,Yes,No,Yes,Telephone,Government,61501.0,2
C107608,32,Male,1,Post-Graduate,Single,NY,31932,Yes,Yes,No,Cellular,Government,42937.0,1
C107609,37,Male,3,High School,Divorced,OH,41468,No,Yes,No,Telephone,Unemployed,157132.0,4
C107610,24,Female,0,Graduate,Married,FL,98567,No,Yes,No,Email,Retired,41805.0,4
C107611,62,Male,2,College,Single,MI,53869,No,No,Yes,Cellular,Salaried,131594.0,5
C107612,69,Female,2,Uneducated,Unknown,NY,62140,Yes,Yes,No,Cellular,Retired,58495.0,4
C107613,28,Male,2,Post-Graduate,Single,FL,69651,No,Yes,No,Telephone,Businessman,20257.0,1
C107614,27,Female,2,College,Single,IL,63216,Yes,Yes,No,Cellular,Student,73322.0,2
C107615,38,Male,0,College,Single,FL,52480,Yes,Yes,Yes,Telephone,Businessman,143375.0,4
C107616,46,Male,1,Graduate,Unknown,TX,30048,Yes,No,No,Email,Self-employed,30137.0,3
C107617,51,Female,1,High School,Divorced,PA,59730,Yes,No,Yes,Email,Salaried,36548.0,2
C107618,28,Female,5,Graduate,Divorced,CA,93963,Yes,Yes,Yes,Email,Self-employed,76942.0,1
C107619,54,Male,0,High School,Single,GA,29307,No,No,No,Cellular,Unemployed,133114.0,1
C107620,66,Male,1,High School,Married,IL,91722,No,Yes,No,Email,Unemployed,167701.0,5
C107621,36,Female,0,College,Married,GA,51571,No,No,Yes,Telephone,Government,59115.0,4
C107622,40,Male,0,High School,Single,MI,95276,No,Yes,Yes,Telephone,Government,168684.0,5
C107623,30,Female,1,Post-Graduate,Single,FL,75707,Yes,No,Yes,Email,Student,26593.0,4
C107624,25,Female,5,Post-Graduate,Married,FL,91649,No,No,Yes,Email,Businessman,92346.0,2
C107625,68,Male,1,Post-Graduate,Single,IL,41307,No,Yes,No,Telephone,Self-employed,70525.0,5
C107626,31,Female,0,College,Single,IL,74110,Yes,Yes,No,Email,Retired,117128.0,5
C107627,58,Male,3,Graduate,Divorced,PA,51488,Yes,Yes,Yes,Email,Government,169544.0,5
C107628,59,Female,4,Uneducated,Divorced,IL,52073,Yes,No,Yes,Email,Student,21811.0,5
C107629,42,Female,2,High School,Single,IL,72231,No,No,Yes,Telephone,Student,50563.0,3
C107630,31,Male,0,Uneducated,Single,GA,73675,No,No,No,Telephone,Self-employed,139105.0,3
C107631,38,Female,1,Graduate,Unknown,PA,79991,No,No,Yes,Email,Businessman,170116.0,5
C107632,38,Male,5,Graduate,Divorced,NY,20531,Yes,Yes,Yes,Telephone,Salaried,157276.0,4
C107633,51,Female,0,College,Single,FL,19433,Yes,No,Yes,Email,Unemployed,179514.0,5
C107634,40,Female,1,Post-Graduate,Unknown,FL,13709,Yes,No,Yes,Email,Student,147655.0,3
C107635,43,Female,0,Post-Graduate,Unknown,IL,56249,Yes,No,Yes,Email,Unemployed,134252.0,3
C107636,60,Female,1,Graduate,Unknown,PA,96389,Yes,No,Yes,Cellular,Self-employed,143557.0,5
C107637,30,Male,3,College,Unknown,IL,31869,Yes,Yes,Yes,Cellular,Government,172333.0,5
C107638,37,Female,5,College,Divorced,PA,21649,No,Yes,Yes,Email,Salaried,76517.0,4
C107639,61,Female,4,High School,Unknown,GA,85770,Yes,No,No,Cellular,Salaried,31534.0,3
C107640,65,Female,1,Post-Graduate,Divorced,FL,38518,Yes,No,No,Email,Businessman,151417.0,5
C107641,28,Male,5,Graduate,Unknown,TX,22566,Yes,Yes,No,Cellular,Self-employed,109623.0,1
C107642,51,Male,3,Uneducated,Unknown,NC,29744,Yes,Yes,Yes,Email,Businessman,57681.0,5
C107643,69,Male,4,Post-Graduate,Married,TX,25006,Yes,No,No,Cellular,Student,58231.0,3
C107644,68,Male,1,High School,Divorced,GA,69479,Yes,No,Yes,Telephone,Student,104390.0,1
C107645,68,Female,2,College,Married,MI,87818,Yes,No,No,Telephone,Retired,96233.0,1
C107646,60,Female,0,Graduate,Married,IL,41343,Yes,No,Yes,Cellular,Unemployed,90597.0,1
C107647,46,Female,0,Post-Graduate,Unknown,NC,10339,Yes,Yes,No,Email,Self-employed,42935.0,4
C107648,62,Male,0,Uneducated,Divorced,TX,71895,No,Yes,No,Cellular,Government,46369.0,5
C107649,64,Male,1,High School,Single,MI,20651,No,Yes,Yes,Cellular,Retired,59674.0,1
C107650,29,Female,2,High School,Unknown,MI,19114,No,Yes,No,Telephone,Retired,143627.0,4
C107651,52,Female,2,Post-Graduate,Divorced,GA,87970,No,Yes,No,Telephone,Student,98617.0,3
C107652,43,Female,2,Uneducated,Married,OH,14188,Yes,Yes,No,Telephone,Student,19255.0,1
C107653,52,Male,5,High School,Divorced,OH,20059,No,No,No,Cellular,Government,105378.0,5
C107654,56,Female,4,Graduate,Unknown,MI,33490,No,Yes,Yes,Telephone,Retired,51662.0,1
C107655,25,Female,5,High School,Divorced,NC,15713,Yes,No,Yes,Telephone,Salaried,152928.0,3
C107656,68,Male,1,Uneducated,Married,GA,65997,Yes,Yes,Yes,Telephone,Unemployed,65352.0,3
C107657,21,Male,3,College,Divorced,TX,92606,Yes,No,Yes,Email,Self-employed,28129.0,1
C107658,51,Female,4,College,Divorced,PA,79308,Yes,Yes,Yes,Email,Unemployed,49809.0,5
C107659,51,Male,1,Post-Graduate,Married,PA,99244,No,Yes,No,Cellular,Salaried,104383.0,4
C107660,29,Female,2,Uneducated,Unknown,IL,42155,Yes,No,Yes,Telephone,Businessman,125088.0,1
C107661,53,Female,5,High School,Single,TX,81849,Yes,No,Yes,Cellular,Government,69095.0,3
C107662,55,Female,1,High School,Married,NC,58755,Yes,No,Yes,Cellular,Self-employed,59149.0,4
C107663,46,Female,2,College,Married,OH,41009,No,No,Yes,Telephone,Government,107292.0,5
C107664,22,Male,3,College,Unknown,FL,25922,No,Yes,Yes,Cellular,Government,85312.0,1
C107665,54,Male,2,Graduate,Unknown,PA,39080,Yes,Yes,Yes,Telephone,Salaried,61763.0,3
C107666,37,Male,4,College,Divorced,IL,78218,No,Yes,No,Telephone,Salaried,141659.0,4
C107667,26,Female,1,Graduate,Married,CA,14971,Yes,Yes,No,Email,Businessman,22194.0,2
C107668,57,Female,0,High School,Divorced,NY,39531,No,Yes,Yes,Cellular,Self-employed,120271.0,4
C107669,51,Female,2,Graduate,Divorced,CA,10020,Yes,No,Yes,Cellular,Government,173995.0,3
C107670,48,Male,2,Graduate,Unknown,NC,92713,No,Yes,Yes,Telephone,Unemployed,81241.0,3
C107671,41,Male,0,nan,Unknown,NC,33607,No,Yes,No,Email,Retired,109180.0,2
C107672,31,Female,4,College,Divorced,IL,45243,No,No,Yes,Email,Unemployed,87335.0,2
C107673,61,Male,3,Graduate,Married,GA,93893,Yes,Yes,No,Cellular,Businessman,145323.0,2
C107674,56,Male,5,High School,Married,MI,77250,No,No,No,Email,Government,119734.0,5
C107675,59,Male,3,Uneducated,Divorced,FL,55111,No,Yes,Yes,Cellular,Unemployed,139736.0,3
C107676,65,Male,4,Graduate,Single,CA,27293,No,Yes,No,Cellular,Businessman,113843.0,1
C107677,68,Female,1,College,Single,FL,27585,Yes,Yes,No,Email,Government,77746.0,5
C107678,47,Male,3,Post-Graduate,Unknown,OH,79089,No,No,Yes,Telephone,Salaried,107537.0,3
C107679,40,Female,5,High School,Married,NY,33676,Yes,No,No,Cellular,Student,55817.0,4
C107680,69,Male,5,Post-Graduate,Divorced,NY,42394,Yes,No,No,Cellular,Businessman,174411.0,2
C107681,40,Female,5,Uneducated,Divorced,PA,62060,Yes,Yes,Yes,Cellular,Businessman,40376.0,4
C107682,22,Female,4,Graduate,Married,NC,25329,Yes,No,Yes,Cellular,Student,109621.0,1
C107683,57,Male,5,Graduate,Unknown,TX,20507,Yes,Yes,No,Email,Salaried,78566.0,5
C107684,47,Female,2,College,Unknown,OH,70794,No,Yes,Yes,Email,Businessman,175938.0,4
C107685,38,Female,5,Graduate,Single,MI,45447,Yes,No,Yes,Email,Salaried,94628.0,1
C107686,33,Male,0,High School,Married,NC,47070,No,No,Yes,Email,Unemployed,39532.0,4
C107687,38,Female,1,Uneducated,Married,NC,67188,No,No,Yes,Cellular,Unemployed,130867.0,3
C107688,31,Male,1,Post-Graduate,Divorced,FL,24057,Yes,Yes,No,Telephone,Unemployed,29370.0,4
C107689,34,Female,5,Uneducated,Married,NY,96036,Yes,No,Yes,Telephone,Unemployed,79125.0,2
C107690,64,Male,2,Graduate,Single,CA,94040,Yes,Yes,Yes,Email,Retired,140003.0,2
C107691,24,Male,3,Post-Graduate,Married,PA,41713,No,Yes,Yes,Cellular,Government,161029.0,3
C107692,59,Male,1,College,Divorced,IL,50531,No,No,Yes,Email,Retired,174943.0,5
C107693,33,Male,0,Uneducated,Single,PA,24128,No,Yes,No,Telephone,Unemployed,50283.0,2
C107694,39,Male,2,Post-Graduate,Divorced,OH,78897,No,No,No,Email,Government,178731.0,4
C107695,63,Female,1,Post-Graduate,Married,NC,81967,No,Yes,No,Cellular,Student,95544.0,2
C107696,59,Female,5,Post-Graduate,Unknown,MI,53955,No,Yes,No,Cellular,Unemployed,102710.0,3
C107697,45,Male,2,High School,Married,MI,59400,No,Yes,No,Cellular,Self-employed,102317.0,5
C107698,35,Female,3,Uneducated,Married,PA,51278,No,No,Yes,Email,Unemployed,167617.0,3
C107699,40,Female,5,Post-Graduate,Divorced,PA,15036,No,Yes,No,Telephone,Salaried,175364.0,4
C107700,37,Female,4,Uneducated,Unknown,TX,27101,Yes,Yes,Yes,Cellular,Unemployed,90840.0,2
C107701,21,Male,2,Post-Graduate,Married,GA,49590,No,Yes,No,Telephone,Self-employed,87685.0,4
C107702,49,Male,3,College,Single,NC,15937,Yes,No,Yes,Telephone,Self-employed,33690.0,2
C107703,64,nan,1,College,Single,CA,29723,Yes,Yes,No,Email,Salaried,163272.0,2
C107704,39,Male,1,College,Divorced,PA,43051,No,Yes,Yes,Email,Unemployed,84650.0,1
C107705,50,Male,3,Graduate,Divorced,OH,88309,No,No,No,Telephone,Self-employed,141378.0,3
C107706,45,Female,1,Post-Graduate,Unknown,GA,39242,No,Yes,Yes,Cellular,Businessman,97369.0,1
C107707,48,Male,1,Graduate,Divorced,MI,96976,No,No,No,Cellular,Unemployed,148510.0,4
C107708,57,Male,1,Uneducated,Unknown,GA,19409,No,No,Yes,Email,Government,23060.0,4
C107709,62,Male,3,Graduate,Married,OH,12575,No,No,No,Cellular,Retired,20311.0,5
C107710,31,Male,5,Uneducated,Single,GA,91899,Yes,Yes,Yes,Telephone,Student,34069.0,2
C107711,36,Male,3,Uneducated,Single,NC,54377,Yes,Yes,Yes,Cellular,Unemployed,151932.0,1
C107712,38,Female,2,Uneducated,Single,MI,95249,No,Yes,No,Email,Salaried,80218.0,5
C107713,61,Male,0,Graduate,Divorced,OH,66851,Yes,Yes,Yes,Telephone,Student,39693.0,1
C107714,29,Male,4,Post-Graduate,Divorced,TX,31688,Yes,Yes,No,Telephone,Retired,85798.0,4
C107715,48,Female,5,Graduate,Married,NC,71120,Yes,Yes,Yes,Cellular,Government,21290.0,5
C107716,47,Female,5,Post-Graduate,Divorced,CA,44594,Yes,No,Yes,Cellular,Student,151484.0,3
C107717,66,Male,1,Post-Graduate,Unknown,GA,13648,Yes,No,No,Telephone,Salaried,83492.0,5
C107718,58,Female,0,Uneducated,Single,PA,99866,Yes,No,Yes,Email,Student,123656.0,2
C107719,64,Male,5,Graduate,Married,TX,49100,No,Yes,Yes,Email,Self-employed,74714.0,4
C107720,43,Female,0,Post-Graduate,Unknown,NC,48567,Yes,No,Yes,Cellular,Self-employed,55557.0,3
C107721,63,Male,3,College,Unknown,PA,48637,Yes,No,No,Email,Government,84942.0,4
C107722,42,Female,3,Post-Graduate,Divorced,OH,43056,Yes,Yes,No,Telephone,Unemployed,112001.0,2
C107723,24,Male,0,College,Divorced,NY,19267,Yes,Yes,Yes,Email,Self-employed,71603.0,4
C107724,52,Female,3,Graduate,Single,CA,25130,No,No,No,Telephone,Student,143787.0,3
C107725,44,Male,2,Graduate,Married,CA,32073,Yes,No,No,Cellular,Businessman,111499.0,5
C107726,58,Male,2,Graduate,Unknown,TX,48076,No,Yes,No,Email,Student,108918.0,5
C107727,48,Male,4,Post-Graduate,Divorced,TX,44999,Yes,No,Yes,Telephone,Businessman,130178.0,5
C107728,26,Female,4,High School,Divorced,GA,36374,No,No,No,Cellular,Student,62934.0,3
C107729,53,Female,5,Post-Graduate,Married,OH,71943,Yes,Yes,Yes,Telephone,Businessman,64548.0,5
C107730,51,Male,5,Post-Graduate,Married,MI,37143,Yes,No,No,Email,Unemployed,51915.0,1
C107731,30,Male,4,Uneducated,Divorced,GA,71378,Yes,Yes,Yes,Telephone,Businessman,154315.0,1
C107732,32,Male,5,Uneducated,Divorced,CA,63366,No,Yes,Yes,Cellular,Salaried,178267.0,5
C107733,27,Male,1,Post-Graduate,Single,FL,30831,No,No,Yes,Cellular,Salaried,60311.0,2
C107734,44,Female,2,College,Married,GA,88455,No,No,Yes,Email,Retired,96319.0,3
C107735,48,Female,1,Uneducated,Unknown,MI,70770,No,Yes,No,Cellular,Student,145540.0,2
C107736,31,Female,2,Post-Graduate,Divorced,NY,59362,Yes,Yes,No,Email,Self-employed,158476.0,4
C107737,52,Male,5,High School,Divorced,OH,31737,Yes,No,No,Cellular,Salaried,54718.0,2
C107738,40,Male,0,College,Divorced,GA,14220,No,Yes,No,Email,Businessman,67174.0,2
C107739,48,Female,1,Graduate,Divorced,NC,49915,Yes,No,No,Cellular,Student,62465.0,2
C107740,21,Female,4,Post-Graduate,Single,OH,26974,Yes,No,Yes,Email,Self-employed,24807.0,5
C107741,47,Female,2,Post-Graduate,Married,NC,51093,Yes,Yes,Yes,Telephone,Student,42768.0,4
C107742,36,Female,5,College,Divorced,NY,22503,No,No,No,Telephone,Businessman,22978.0,4
C107743,56,Male,4,Uneducated,Married,CA,46608,No,No,No,Email,Salaried,81871.0,5
C107744,26,Male,3,Uneducated,Unknown,CA,47889,Yes,Yes,No,Cellular,Salaried,155638.0,1
C107745,30,Male,2,Uneducated,Unknown,FL,18532,No,No,Yes,Cellular,Government,78453.0,1
C107746,59,Female,5,Graduate,Unknown,CA,62459,No,Yes,Yes,Email,Government,70990.0,4
C107747,64,Male,5,College,Unknown,OH,37261,No,Yes,Yes,Cellular,Retired,137548.0,3
C107748,39,Female,2,College,Married,GA,77173,No,No,No,Email,Retired,143771.0,5
C107749,30,Female,4,Uneducated,Unknown,TX,36378,Yes,Yes,Yes,Telephone,Retired,157529.0,2
C107750,46,Female,4,Uneducated,Unknown,CA,46087,No,Yes,No,Email,Student,98617.0,3
C107751,54,Female,4,High School,Divorced,TX,74819,No,No,No,Cellular,Student,37659.0,1
C107752,61,Female,2,High School,Divorced,NY,80469,Yes,No,Yes,Cellular,Self-employed,80284.0,4
C107753,21,Male,0,Post-Graduate,Divorced,PA,56157,No,No,No,Email,Retired,28318.0,1
C107754,30,Male,3,Post-Graduate,Single,OH,80424,Yes,No,No,Email,Salaried,122829.0,4
C107755,53,Male,5,College,Divorced,NC,87424,Yes,Yes,Yes,Email,Retired,48749.0,5
C107756,46,Female,4,College,Unknown,IL,67819,No,Yes,Yes,Email,Salaried,74562.0,4
C107757,54,Male,5,Graduate,Married,FL,12360,Yes,Yes,No,Telephone,Retired,107216.0,3
C107758,57,Female,0,Graduate,Unknown,CA,62602,Yes,No,No,Cellular,Government,159905.0,3
C107759,69,Male,5,High School,Married,PA,77812,No,Yes,No,Cellular,Businessman,52086.0,3
C107760,33,Female,4,Post-Graduate,Unknown,GA,41467,No,No,No,Email,Businessman,32219.0,3
C107761,58,Female,2,High School,Single,FL,20020,No,No,No,Email,Retired,106241.0,2
C107762,50,Male,0,High School,Divorced,CA,73032,Yes,No,No,Email,Government,75323.0,1
C107763,44,Female,5,Post-Graduate,Unknown,IL,68124,Yes,Yes,No,Telephone,Student,59352.0,5
C107764,62,Male,2,Graduate,Divorced,MI,13530,Yes,Yes,No,Telephone,Retired,147456.0,5
C107765,54,Male,1,Post-Graduate,Single,IL,91620,Yes,No,yes,Email,Unemployed,129235.0,5
C107766,57,Male,4,Uneducated,Single,NY,19278,Yes,No,Yes,Cellular,Retired,171596.0,1
C107767,39,Female,3,Uneducated,Divorced,PA,33033,Yes,No,No,Telephone,Unemployed,57130.0,4
C107768,22,Female,0,Uneducated,Divorced,MI,44240,No,No,Yes,Cellular,Unemployed,101547.0,5
C107769,50,Female,1,College,Married,NC,89900,Yes,Yes,No,Telephone,Salaried,42599.0,5
C107770,42,Female,4,Graduate,Divorced,PA,25857,Yes,Yes,Yes,Email,Salaried,159308.0,2
C107771,52,Male,1,Graduate,Divorced,GA,64940,No,No,Yes,Email,Retired,110739.0,5
C107772,53,Female,0,College,Married,MI,80490,Yes,Yes,No,Cellular,Salaried,168971.0,5
C107773,60,Male,3,High School,Unknown,TX,17763,Yes,No,Yes,Email,Businessman,122701.0,4
C107774,35,Male,0,Uneducated,Married,MI,69856,Yes,No,Yes,Cellular,Student,161003.0,5
C107775,26,Female,3,Uneducated,Unknown,NY,73748,No,No,Yes,Email,Unemployed,81155.0,5
C107776,56,Female,5,High School,Unknown,FL,40653,No,No,Yes,Email,Retired,174990.0,1
C107777,64,Male,2,Post-Graduate,Unknown,NC,62073,No,Yes,No,Cellular,Businessman,135600.0,2
C107778,36,Female,4,Post-Graduate,Married,NC,29354,No,No,Yes,Email,Student,58477.0,1
C107779,41,Male,1,Graduate,Married,TX,59260,Yes,Yes,No,Telephone,Government,89106.0,5
C107780,54,Female,2,College,Single,CA,13422,Yes,No,Yes,Email,Student,155874.0,2
C107781,60,Female,4,Graduate,Unknown,CA,98710,No,No,Yes,Cellular,Unemployed,81911.0,4
C107782,58,Male,1,Post-Graduate,Married,FL,21236,Yes,Yes,No,Email,Businessman,60260.0,1
C107783,55,Male,2,High School,Single,FL,36267,Yes,Yes,Yes,Telephone,Salaried,30064.0,4
C107784,53,Male,4,Graduate,Unknown,MI,14840,Yes,Yes,No,Email,Businessman,40024.0,5
C107785,28,Female,4,Uneducated,Married,PA,12529,No,No,No,Email,Government,155265.0,5
C107786,32,Female,2,Uneducated,Married,IL,99077,Yes,No,No,Telephone,Salaried,95855.0,2
C107787,59,Female,0,High School,Married,PA,41954,No,Yes,Yes,Email,Businessman,91622.0,4
C107788,69,Male,3,Post-Graduate,Divorced,MI,33226,Yes,Yes,Yes,Email,Salaried,72998.0,5
C107789,65,Male,5,Uneducated,Single,OH,48740,Yes,No,No,Cellular,Unemployed,115139.0,4
C107790,38,Female,3,Uneducated,Married,OH,99791,No,No,No,Cellular,Government,124383.0,4
C107791,68,Male,5,College,Divorced,MI,23427,No,Yes,Yes,Cellular,Student,77284.0,2
C107792,60,Female,5,Graduate,Single,MI,54449,Yes,Yes,Yes,Cellular,Student,143886.0,2
C107793,41,Male,5,Post-Graduate,Single,NC,90735,No,No,No,Telephone,Unemployed,146075.0,5
C107794,47,Female,0,Graduate,Divorced,PA,58229,No,No,Yes,Cellular,Unemployed,45221.0,5
C107795,32,Female,4,Post-Graduate,Single,GA,72841,Yes,No,No,Cellular,Self-employed,80055.0,4
C107796,26,Female,1,Uneducated,Divorced,NY,54883,No,No,Yes,Email,Salaried,121849.0,1
C107797,51,Male,0,College,Unknown,GA,74865,No,No,No,Telephone,Retired,55828.0,5
C107798,54,Male,4,Graduate,Married,NC,37217,No,Yes,Yes,Telephone,Government,38121.0,4
C107799,27,Female,2,Uneducated,Divorced,FL,94001,No,No,Yes,Cellular,Businessman,133123.0,4
C107800,51,Female,2,Post-Graduate,Single,IL,64884,No,Yes,Yes,Email,Retired,100010.0,3
C107801,24,Female,5,Graduate,Single,IL,72789,No,No,Yes,Telephone,Businessman,35372.0,3
C107802,68,Female,4,Graduate,Unknown,NY,35850,Yes,No,No,Telephone,Self-employed,118175.0,1
C107803,37,Female,5,Uneducated,Unknown,IL,67903,No,No,Yes,Cellular,Businessman,161543.0,2
C107804,49,Female,2,Graduate,Unknown,NC,63119,No,No,No,Cellular,Unemployed,33321.0,1
C107805,23,Male,3,College,Unknown,FL,70077,Yes,Yes,No,Cellular,Government,120407.0,1
C107806,44,Male,0,College,Unknown,MI,86059,No,No,No,Email,Government,97050.0,5
C107807,23,Male,3,Uneducated,Married,TX,94103,No,No,Yes,Cellular,Unemployed,127826.0,4
C107808,66,Male,4,Post-Graduate,Divorced,OH,98506,Yes,No,No,Telephone,Student,47696.0,1
C107809,66,Female,0,Uneducated,Unknown,GA,10526,Yes,Yes,No,Telephone,Salaried,57251.0,2
C107810,59,Female,2,College,Unknown,MI,55956,No,No,No,Cellular,nan,88223.0,4
C107811,47,Female,0,High School,Married,PA,85378,No,No,No,Telephone,Businessman,19986.0,5
C107812,21,Male,0,High School,Divorced,PA,52832,Yes,Yes,No,Email,Salaried,129429.0,3
C107813,35,Male,2,Graduate,Unknown,IL,31851,No,No,Yes,Cellular,Unemployed,108090.0,1
C107814,34,Female,5,Graduate,Divorced,PA,14518,No,Yes,Yes,Telephone,Self-employed,113140.0,4
C107815,24,Male,1,High School,Divorced,NC,36516,Yes,Yes,Yes,Telephone,Salaried,111416.0,3
C107816,24,Male,2,College,Married,NY,45840,Yes,No,Yes,Cellular,Retired,148594.0,5
C107817,45,Female,3,Graduate,Married,MI,41278,Yes,No,Yes,Telephone,Unemployed,109126.0,2
C107818,31,Female,5,Uneducated,Unknown,TX,92067,No,Yes,Yes,Telephone,Businessman,143414.0,5
C107819,53,Female,1,Uneducated,Single,CA,97703,Yes,No,No,Cellular,Salaried,95633.0,2
C107820,31,Male,3,College,Married,FL,37070,No,No,No,Email,Retired,48375.0,2
C107821,32,Female,4,Graduate,Divorced,NY,95616,Yes,Yes,No,Telephone,Government,167582.0,2
C107822,35,Female,3,Uneducated,Divorced,PA,62508,Yes,Yes,Yes,Email,Government,127950.0,5
C107823,46,Female,5,Graduate,Unknown,CA,44644,No,No,No,Email,Student,46865.0,1
C107824,44,Male,5,Graduate,Unknown,GA,25777,Yes,No,No,Email,Unemployed,134250.0,3
C107825,67,Male,5,Uneducated,Unknown,MI,87519,No,No,Yes,Email,Student,40871.0,4
C107826,46,Female,0,High School,Divorced,PA,84256,No,No,Yes,Email,Student,173226.0,1
C107827,47,Female,5,Uneducated,Married,NC,51087,No,Yes,Yes,Telephone,Student,101058.0,1
C107828,56,Male,5,College,Single,PA,65582,No,No,Yes,Telephone,Salaried,156334.0,4
C107829,47,Male,4,Post-Graduate,Married,MI,71337,No,No,Yes,Email,Unemployed,31254.0,4
C107830,58,Female,1,Uneducated,Single,OH,40798,Yes,No,No,Cellular,Unemployed,103501.0,3
C107831,22,Male,3,Graduate,Married,IL,25905,Yes,Yes,No,Email,Retired,35433.0,1
C107832,43,Female,4,Graduate,Unknown,GA,53165,No,Yes,Yes,Cellular,Businessman,67404.0,3
C107833,29,Female,3,Uneducated,Divorced,GA,67509,No,No,Yes,Telephone,Salaried,151569.0,1
C107834,28,Male,0,Post-Graduate,Single,MI,99277,No,Yes,Yes,Cellular,Businessman,38879.0,4
C107835,60,Female,0,Uneducated,Married,NC,64280,No,Yes,Yes,Telephone,Businessman,129864.0,2
C107836,62,Female,1,Post-Graduate,Divorced,PA,25105,Yes,No,Yes,Cellular,Businessman,53158.0,3
C107837,69,Male,2,Post-Graduate,Single,CA,86095,Yes,Yes,No,Email,Businessman,136307.0,3
C107838,21,Female,5,College,Single,NC,15848,Yes,Yes,No,Telephone,Government,38464.0,2
C107839,41,Male,2,Graduate,Divorced,TX,53515,Yes,No,Yes,Cellular,Retired,133981.0,1
C107840,46,Female,0,Graduate,Unknown,NC,70097,Yes,Yes,Yes,Email,Businessman,60248.0,2
C107841,35,Female,4,Post-Graduate,Divorced,OH,10686,Yes,Yes,Yes,Cellular,Salaried,46711.0,2
C107842,63,Male,1,Graduate,Unknown,TX,23227,No,No,Yes,Cellular,Businessman,55844.0,5
C107843,45,Male,3,High School,Married,NC,82202,Yes,No,No,Cellular,Government,75756.0,1
C107844,59,Male,3,Post-Graduate,Married,OH,93006,Yes,Yes,Yes,Telephone,Salaried,163031.0,2
C107845,36,Male,4,Graduate,Divorced,OH,61123,No,No,Yes,Telephone,Unemployed,81688.0,2
C107846,55,Male,2,High School,Unknown,OH,95549,No,No,Yes,Email,Retired,31330.0,5
C107847,43,Male,0,College,Married,NY,38361,No,Yes,No,Cellular,Self-employed,139314.0,5
C107848,32,Female,0,Graduate,Unknown,FL,52600,No,Yes,No,Cellular,Salaried,24775.0,5
C107849,68,Male,1,High School,Unknown,MI,77373,No,No,Yes,Telephone,Unemployed,27754.0,4
C107850,39,Female,0,Uneducated,Unknown,GA,81253,Yes,No,Yes,Telephone,Government,40228.0,3
C107851,54,Male,2,Uneducated,Divorced,NY,54127,No,No,No,Cellular,Retired,167707.0,5
C107852,28,Male,2,High School,Unknown,FL,54738,No,Yes,Yes,Cellular,Government,155851.0,1
C107853,43,Female,4,Post-Graduate,Divorced,MI,27651,No,Yes,No,Cellular,Student,112148.0,4
C107854,31,Male,1,Post-Graduate,Married,GA,10225,Yes,Yes,Yes,Telephone,Self-employed,179848.0,3
C107855,63,Female,1,Graduate,Married,TX,91857,No,No,No,Cellular,Businessman,103174.0,4
C107856,54,Female,0,Uneducated,Single,PA,77697,No,Yes,No,Cellular,Unemployed,37910.0,5
C107857,25,Female,5,Post-Graduate,Single,NY,53699,Yes,Yes,Yes,Telephone,Government,106802.0,2
C107858,57,Male,3,Post-Graduate,Married,GA,10200,No,No,Yes,Telephone,Student,92665.0,2
C107859,45,Male,1,Uneducated,Unknown,GA,93759,Yes,Yes,No,Telephone,Student,114074.0,4
C107860,44,Female,0,College,Unknown,CA,67238,Yes,No,Yes,Telephone,Retired,171815.0,3
C107861,44,Male,3,Post-Graduate,Married,TX,74413,No,No,Yes,Cellular,Businessman,30473.0,3
C107862,62,Male,0,High School,Married,NY,44088,Yes,No,Yes,Telephone,Unemployed,19288.0,1
C107863,54,Female,4,Graduate,Single,OH,61843,No,No,Yes,Telephone,Unemployed,163132.0,5
C107864,67,Female,1,Post-Graduate,Unknown,OH,58561,No,No,No,Cellular,Unemployed,171454.0,2
C107865,38,Male,0,Post-Graduate,Married,FL,80937,No,Yes,No,Email,Retired,27543.0,3
C107866,32,Male,4,College,Single,GA,26082,Yes,No,No,Cellular,Salaried,161830.0,1
C107867,62,Male,0,High School,Single,TX,81804,Yes,No,Yes,Cellular,Self-employed,98617.0,4
C107868,59,Female,2,Graduate,Unknown,NC,60270,Yes,No,Yes,Cellular,Businessman,164569.0,1
C107869,35,Male,0,Post-Graduate,Single,IL,90985,Yes,No,Yes,Cellular,Retired,38146.0,2
C107870,67,Male,2,Graduate,Single,NY,82418,Yes,Yes,Yes,Cellular,Businessman,55042.0,5
C107871,32,Male,1,Uneducated,Divorced,NC,90984,No,Yes,No,Cellular,Salaried,81425.0,1
C107872,49,Female,0,Post-Graduate,Married,CA,85568,No,Yes,Yes,Cellular,Salaried,92567.0,4
C107873,49,Female,4,Post-Graduate,Unknown,GA,25520,No,Yes,No,Email,Government,40420.0,1
C107874,40,Female,1,Uneducated,Married,PA,17043,Yes,No,Yes,Cellular,Salaried,172632.0,4
C107875,35,Male,1,College,Divorced,CA,73405,Yes,No,No,Cellular,Salaried,50367.0,1
C107876,23,Male,5,Post-Graduate,Unknown,FL,41321,Yes,No,Yes,Cellular,Self-employed,43130.0,2
C107877,36,Female,2,Graduate,Married,TX,29053,No,Yes,No,Cellular,Retired,44155.0,3
C107878,39,Male,1,High School,Single,OH,29704,No,No,Yes,Cellular,Retired,76043.0,5
C107879,27,Male,0,Graduate,Unknown,OH,44611,Yes,Yes,No,Email,Unemployed,26431.0,4
C107880,69,Male,0,College,Divorced,PA,40801,No,No,Yes,Telephone,Unemployed,178665.0,2
C107881,56,Female,2,High School,Single,MI,89737,Yes,No,Yes,Telephone,Self-employed,127309.0,4
C107882,42,Male,0,Graduate,Divorced,MI,58654,No,Yes,Yes,Cellular,Self-employed,176170.0,3
C107883,35,Male,5,Graduate,Single,GA,95218,Yes,No,Yes,Email,Businessman,92837.0,4
C107884,29,Female,2,Uneducated,Married,OH,91744,Yes,No,No,Email,Unemployed,173831.0,3
C107885,37,Male,3,College,Married,FL,80688,No,No,No,Email,Self-employed,163069.0,3
C107886,53,Female,2,Uneducated,Married,OH,44986,No,No,No,Telephone,Self-employed,149824.0,4
C107887,22,Male,4,High School,Divorced,CA,55690,Yes,No,Yes,Telephone,Student,54243.0,2
C107888,27,Female,4,Uneducated,Unknown,TX,79584,No,Yes,Yes,Email,Self-employed,157683.0,1
C107889,51,Female,5,College,Married,NY,17079,No,No,Yes,Telephone,Businessman,179244.0,2
C107890,34,Male,0,Post-Graduate,Divorced,OH,56784,No,No,Yes,Telephone,Retired,157078.0,2
C107891,57,Male,3,Post-Graduate,Single,NC,54259,Yes,Yes,No,Cellular,Student,73159.0,2
C107892,24,Female,4,High School,Married,IL,14925,No,No,No,Cellular,Unemployed,67972.0,4
C107893,65,Male,4,Post-Graduate,Single,NC,55902,No,No,No,Cellular,Businessman,40199.0,1
C107894,30,Female,4,Uneducated,Married,GA,29333,No,No,No,Email,Businessman,67067.0,1
C107895,65,Male,0,High School,Single,CA,83261,No,No,No,Cellular,Student,87826.0,3
C107896,42,Male,1,College,Divorced,NY,72770,Yes,No,Yes,Email,Student,135099.0,1
C107897,44,Male,1,High School,Married,PA,65691,Yes,No,No,Cellular,Student,84082.0,2
C107898,64,Male,5,High School,Divorced,IL,14902,Yes,Yes,No,Email,Student,51152.0,4
C107899,38,Female,1,Graduate,Divorced,OH,70856,No,Yes,No,Telephone,Businessman,109072.0,1
C107900,31,Female,5,Graduate,Single,NC,16051,Yes,No,No,Email,Student,88624.0,3
C107901,64,Male,0,High School,Married,FL,58065,No,No,Yes,Telephone,Salaried,153791.0,1
C107902,21,Male,1,Post-Graduate,Unknown,GA,45078,Yes,No,Yes,Cellular,Retired,177170.0,4
C107903,52,Male,5,Graduate,Unknown,FL,52664,Yes,No,Yes,Telephone,Unemployed,57522.0,2
C107904,36,Male,2,College,Divorced,TX,49679,No,No,No,Telephone,Self-employed,108471.0,1
C107905,34,Male,0,Uneducated,Single,NY,96413,No,Yes,No,Cellular,Unemployed,150474.0,4
C107906,53,Female,0,Graduate,Single,GA,23849,No,No,No,Email,Unemployed,71420.0,3
C107907,27,Female,3,High School,Single,GA,97766,Yes,Yes,Yes,Email,Unemployed,151711.0,2
C107908,39,Male,4,nan,Married,TX,17761,No,No,Yes,Email,Self-employed,47422.0,3
C107909,45,Female,3,Uneducated,Married,CA,14046,No,Yes,Yes,Cellular,Retired,62400.0,5
C107910,25,Female,1,Graduate,Single,PA,21587,No,Yes,No,Email,Salaried,140978.0,3
C107911,69,Male,0,Post-Graduate,Unknown,IL,20820,Yes,Yes,Yes,Telephone,Retired,78320.0,3
C107912,30,Female,5,Post-Graduate,Unknown,GA,25222,No,Yes,Yes,Cellular,Businessman,33545.0,1
C107913,24,Female,0,Post-Graduate,Married,PA,52927,Yes,No,Yes,Email,Businessman,120290.0,1
C107914,44,Female,1,High School,Single,FL,56812,Yes,No,No,Telephone,Self-employed,97993.0,3
C107915,66,Female,5,College,Unknown,MI,45330,No,No,No,Telephone,Government,96537.0,4
C107916,26,Male,4,Post-Graduate,Unknown,MI,97728,No,No,Yes,Email,Retired,133124.0,5
C107917,32,Female,3,Uneducated,Married,NY,90388,No,No,Yes,Cellular,Unemployed,133599.0,1
C107918,40,Female,4,Graduate,Married,GA,29132,No,Yes,Yes,Telephone,Salaried,119405.0,2
C107919,46,Female,1,Uneducated,Unknown,IL,40769,Yes,No,Yes,Telephone,Salaried,69144.0,4
C107920,32,Male,3,High School,Single,GA,84828,No,Yes,No,Telephone,Self-employed,173276.0,1
C107921,53,Female,3,High School,Unknown,IL,68341,No,No,No,Telephone,Unemployed,119478.0,2
C107922,32,Female,4,Uneducated,Unknown,PA,88636,Yes,Yes,Yes,Email,Student,165520.0,2
C107923,58,Female,4,College,Single,MI,79353,Yes,No,Yes,Cellular,Retired,106353.0,3
C107924,24,Male,0,High School,Married,IL,42606,No,Yes,Yes,Telephone,Government,125840.0,5
C107925,37,Male,0,High School,Single,TX,65125,No,Yes,Yes,Telephone,Businessman,60600.0,1
C107926,30,Male,4,Uneducated,Single,MI,74568,No,No,Yes,Telephone,Businessman,110201.0,3
C107927,39,Male,5,High School,Single,GA,42732,No,Yes,No,Cellular,Businessman,97684.0,3
C107928,63,Male,1,College,Single,TX,89146,No,Yes,No,Telephone,Businessman,21039.0,5
C107929,53,Female,4,College,Married,FL,15938,Yes,No,No,Cellular,Salaried,40729.0,4
C107930,57,Male,5,College,Unknown,PA,32725,Yes,Yes,Yes,Cellular,Salaried,50215.0,3
C107931,48,Female,0,Graduate,Divorced,NY,19442,Yes,Yes,Yes,Cellular,Student,130377.0,4
C107932,66,Male,3,College,Married,OH,46064,No,No,No,Cellular,Salaried,117038.0,5
C107933,65,Male,5,College,Single,IL,20075,No,Yes,Yes,Email,Student,89723.0,3
C107934,22,Male,1,Graduate,Unknown,MI,34131,No,Yes,No,Email,Unemployed,86399.0,1
C107935,66,Female,0,Post-Graduate,Unknown,IL,71800,No,Yes,Yes,Email,Student,159105.0,4
C107936,58,Female,1,High School,Single,IL,62979,Yes,Yes,No,Telephone,Unemployed,56383.0,5
C107937,58,Female,1,College,Married,NY,76604,Yes,No,No,Cellular,Businessman,26009.0,2
C107938,41,Male,3,High School,Single,MI,74937,No,No,Yes,Cellular,Businessman,159088.0,3
C107939,43,Male,5,Uneducated,Unknown,NC,93640,No,No,Yes,Email,Salaried,19551.0,3
C107940,53,Male,0,High School,Unknown,TX,20755,No,No,Yes,Email,Unemployed,53951.0,3
C107941,46,Male,4,Graduate,Married,OH,45186,Yes,No,No,Cellular,Salaried,98090.0,1
C107942,63,Male,1,High School,nan,IL,98632,Yes,No,No,Email,Student,125855.0,1
C107943,50,Male,1,High School,Single,MI,30263,No,Yes,Yes,Telephone,Self-employed,40478.0,2
C107944,24,Female,3,High School,Divorced,MI,97720,No,Yes,No,Telephone,Businessman,60858.0,3
C107945,26,Female,5,Post-Graduate,Unknown,IL,64567,Yes,Yes,No,Telephone,Unemployed,149141.0,5
C107946,54,Male,0,Post-Graduate,Divorced,FL,59772,No,No,No,Cellular,Government,151242.0,1
C107947,40,Female,5,Uneducated,Single,MI,12115,Yes,No,Yes,Email,Self-employed,27842.0,1
C107948,57,Female,1,Graduate,Single,PA,48629,No,Yes,No,Telephone,Businessman,168747.0,2
C107949,35,Female,1,High School,Unknown,OH,35921,Yes,Yes,Yes,Telephone,Businessman,163554.0,5
C107950,60,Male,2,High School,Married,OH,13587,No,No,Yes,Telephone,Salaried,79280.0,4
C107951,69,Male,2,High School,Married,GA,44175,Yes,Yes,No,Telephone,Government,164493.0,1
C107952,43,Male,1,High School,Unknown,IL,41875,Yes,No,No,Telephone,Retired,158937.0,5
C107953,62,Male,5,Post-Graduate,Single,OH,71282,No,Yes,Yes,Email,Government,38535.0,4
C107954,29,Female,5,Uneducated,Married,FL,36612,Yes,No,No,Telephone,Businessman,161114.0,1
C107955,54,Male,5,College,Divorced,NC,73892,No,Yes,No,Telephone,Retired,143645.0,1
C107956,63,Male,3,Graduate,Unknown,IL,35995,Yes,No,Yes,Telephone,Retired,179359.0,5
C107957,54,Male,4,High School,Divorced,TX,68195,No,Yes,Yes,Cellular,Student,109526.0,1
C107958,47,Female,2,Uneducated,Single,IL,28139,No,No,No,Email,Government,157075.0,4
C107959,36,Female,2,College,Married,NC,83368,Yes,Yes,No,Telephone,Self-employed,88783.0,1
C107960,24,Female,0,Uneducated,Single,GA,58326,No,Yes,Yes,Email,Student,51672.0,3
C107961,48,Female,4,Post-Graduate,Divorced,CA,59217,No,Yes,No,Telephone,Salaried,52056.0,4
C107962,37,Female,2,College,Single,IL,67683,No,No,Yes,Cellular,Businessman,166767.0,5
C107963,61,Male,4,Uneducated,Single,PA,31876,No,Yes,Yes,Cellular,Businessman,100265.0,5
C107964,32,Female,4,Post-Graduate,Unknown,MI,15754,Yes,Yes,Yes,Cellular,Self-employed,80776.0,1
C107965,25,Female,0,Uneducated,Unknown,NY,19376,Yes,No,Yes,Cellular,Self-employed,27362.0,4
C107966,55,Male,1,Uneducated,Single,PA,48590,No,Yes,Yes,Telephone,Retired,51652.0,5
C107967,58,Male,1,College,Unknown,NC,22215,Yes,Yes,No,Email,Salaried,23443.0,3
C107968,59,Male,2,Post-Graduate,Single,FL,61778,No,Yes,No,Telephone,Salaried,117647.0,2
C107969,56,Female,0,High School,Divorced,TX,30238,No,Yes,Yes,Cellular,Retired,151772.0,3
C107970,50,Male,2,Graduate,Unknown,NC,66366,No,Yes,Yes,Cellular,Retired,111421.0,3
C107971,34,Female,2,College,Single,NY,73181,Yes,Yes,Yes,Telephone,Government,76505.0,4
C107972,34,Male,5,Post-Graduate,Unknown,NC,25666,No,Yes,Yes,Telephone,Student,147683.0,1
C107973,22,Female,1,Uneducated,Single,MI,93773,No,No,Yes,Email,Businessman,72699.0,5
C107974,48,Female,0,Post-Graduate,Unknown,NY,17569,Yes,Yes,Yes,Email,Government,152855.0,1
C107975,41,Female,4,Graduate,Married,MI,32043,No,No,No,Email,Salaried,83599.0,4
C107976,35,Female,1,Graduate,Single,TX,29326,Yes,Yes,Yes,Email,Self-employed,43038.0,4
C107977,64,Male,2,High School,Married,OH,22598,Yes,No,Yes,Cellular,Government,69697.0,5
C107978,66,Male,2,High School,Single,NY,17709,Yes,No,No,Cellular,Self-employed,68710.0,3
C107979,43,Female,3,Graduate,Married,CA,97473,No,Yes,No,Email,Retired,77702.0,4
C107980,30,Male,0,College,Single,NC,27433,No,No,Yes,Email,Student,47102.0,5
C107981,46,Female,4,College,Unknown,PA,27752,No,Yes,Yes,Cellular,Unemployed,108347.0,3
C107982,55,Male,4,Uneducated,Married,NC,85760,No,No,Yes,Cellular,Self-employed,177377.0,2
C107983,54,Male,2,High School,Unknown,TX,86900,No,No,Yes,Cellular,Unemployed,104161.0,2
C107984,22,Female,3,Uneducated,Single,TX,37031,No,No,Yes,Email,Unemployed,128209.0,4
C107985,51,Female,3,High School,Unknown,MI,69952,No,No,Yes,Email,Businessman,-1000.0,5
C107986,63,Male,0,Graduate,Single,TX,28084,No,Yes,No,Cellular,Student,31545.0,2
C107987,64,Female,2,College,Unknown,NY,74935,No,Yes,Yes,Cellular,Self-employed,36338.0,1
C107988,67,Male,2,College,Married,PA,16201,No,No,Yes,Telephone,Government,140761.0,1
C107989,64,Male,2,Graduate,Single,TX,92011,No,No,No,Telephone,Businessman,163939.0,5
C107990,63,Male,0,Uneducated,Unknown,IL,26578,No,Yes,Yes,Cellular,Businessman,74888.0,1
C107991,66,Female,4,Uneducated,Single,IL,32922,Yes,No,No,Cellular,Salaried,19676.0,4
C107992,25,Female,1,Post-Graduate,Single,MI,54528,Yes,No,No,Telephone,Salaried,22724.0,2
C107993,39,Male,3,High School,Single,TX,96216,No,Yes,No,Email,Government,155751.0,2
C107994,50,Male,4,Uneducated,Divorced,TX,40729,No,No,Yes,Cellular,Retired,39438.0,5
C107995,69,Female,1,Graduate,Single,CA,91140,Yes,No,No,Cellular,Salaried,39618.0,3
C107996,67,Male,4,Uneducated,Unknown,PA,86360,Yes,No,No,Cellular,Self-employed,123261.0,2
C107997,37,Female,4,College,Divorced,TX,93739,No,Yes,Yes,Email,Retired,159244.0,3
C107998,49,Female,4,High School,Unknown,CA,80463,No,No,No,Telephone,Salaried,85914.0,3
C107999,32,Male,4,Post-Graduate,Divorced,MI,20154,No,No,No,Email,Businessman,59918.0,5
C108000,28,Female,2,High School,Single,NC,27621,No,Yes,No,Email,Government,22642.0,3
C108001,35,Male,4,College,Married,CA,42041,No,Yes,Yes,Cellular,Self-employed,90140.0,3
C108002,54,Female,1,College,Married,IL,86194,Yes,Yes,No,Cellular,Businessman,161085.0,5
C108003,48,Female,1,College,Single,IL,98925,No,Yes,No,Telephone,Businessman,54830.0,5
C108004,41,Male,3,College,Divorced,NY,30140,Yes,Yes,Yes,Email,Student,72645.0,5
C108005,37,Male,5,Graduate,Unknown,CA,49376,Yes,No,No,Telephone,Salaried,151034.0,5
C108006,62,Female,0,Post-Graduate,Married,PA,60433,No,No,Yes,Email,Unemployed,143003.0,5
C108007,38,Male,1,College,Single,OH,99005,No,No,No,Cellular,Retired,56422.0,1
C108008,44,Male,1,College,Single,NC,32063,Yes,No,Yes,Telephone,Self-employed,23599.0,4
C108009,44,Female,1,Uneducated,Divorced,GA,17574,No,No,Yes,Email,Government,86591.0,2
C108010,32,Male,1,Post-Graduate,Married,MI,65892,Yes,Yes,No,Cellular,Government,43088.0,5
C108011,21,Female,0,High School,Single,TX,15798,Yes,Yes,No,Cellular,Government,131871.0,3
C108012,56,Female,0,Post-Graduate,Married,NC,97063,No,Yes,Yes,Email,Student,174209.0,2
C108013,52,Male,5,Post-Graduate,Unknown,CA,60079,No,Yes,No,Cellular,Self-employed,126746.0,5
C108014,25,Female,4,Post-Graduate,Single,PA,92617,No,No,Yes,Email,Businessman,26193.0,1
C108015,46,Male,5,College,nan,MI,11233,Yes,Yes,No,Email,Retired,124127.0,3
C108016,23,Female,1,College,Unknown,NY,85772,Yes,No,No,Email,Student,116383.0,1
C108017,53,Male,1,Graduate,Single,MI,14131,Yes,No,Yes,Email,Retired,62186.0,4
C108018,59,Male,3,High School,Divorced,NC,50642,No,Yes,No,Cellular,Retired,140275.0,4
C108019,40,Female,3,Uneducated,Unknown,NC,92101,Yes,No,No,Email,Salaried,116016.0,5
C108020,32,Male,3,Post-Graduate,Divorced,GA,90282,No,Yes,No,Email,Businessman,174825.0,4
C108021,58,Male,3,High School,Unknown,OH,42543,No,Yes,No,Email,Government,42838.0,5
C108022,40,Male,4,High School,Unknown,PA,50136,Yes,Yes,Yes,Cellular,Salaried,159093.0,5
C108023,37,Female,2,Graduate,Divorced,NY,73440,No,Yes,Yes,Telephone,Self-employed,150787.0,4
C108024,63,Female,3,Uneducated,Unknown,FL,36508,Yes,Yes,Yes,Email,Self-employed,85889.0,4
C108025,28,Male,3,Post-Graduate,Married,MI,51141,No,No,Yes,Telephone,Unemployed,22551.0,1
C108026,63,Male,0,Uneducated,Divorced,OH,32099,No,No,No,Telephone,Unemployed,73399.0,1
C108027,33,Female,5,Graduate,Unknown,PA,19662,Yes,No,Yes,Email,Retired,39276.0,1
C108028,29,Female,1,College,Divorced,NC,37706,No,Yes,Yes,Telephone,Unemployed,25874.0,3
C108029,39,Female,4,High School,Unknown,IL,72925,Yes,No,Yes,Telephone,Student,39539.0,3
C108030,46,Male,1,Post-Graduate,Unknown,PA,19533,No,No,No,Email,Self-employed,22430.0,2
C108031,25,Female,2,College,Married,MI,24916,Yes,No,No,Cellular,Unemployed,44635.0,5
C108032,62,Male,4,Graduate,Married,PA,74190,Yes,Yes,Yes,Telephone,Government,114055.0,5
C108033,65,Female,2,Uneducated,Married,GA,52989,No,Yes,No,Email,Student,117199.0,3
C108034,45,Male,1,High School,Unknown,GA,94912,No,No,No,Email,Student,90447.0,3
C108035,25,Female,0,Post-Graduate,Married,PA,44888,Yes,No,Yes,Telephone,Government,27139.0,5
C108036,43,Male,3,College,Divorced,GA,58603,Yes,No,Yes,Telephone,Self-employed,136342.0,2
C108037,55,Female,1,College,Unknown,OH,31832,Yes,No,Yes,Telephone,Salaried,109239.0,4
C108038,69,Female,4,High School,Divorced,CA,30344,Yes,Yes,No,Email,Student,113798.0,2
C108039,52,Male,3,Uneducated,Married,IL,92589,No,No,Yes,Email,Salaried,177171.0,3
C108040,62,Female,4,Graduate,Unknown,MI,70049,No,No,No,Cellular,Salaried,77956.0,3
C108041,69,Female,2,Uneducated,Divorced,MI,25361,No,No,No,Cellular,Unemployed,160412.0,4
C108042,26,Female,4,Uneducated,Single,MI,18288,No,Yes,Yes,Email,Salaried,98617.0,4
C108043,34,Female,0,Uneducated,Divorced,IL,13284,No,Yes,No,Cellular,Retired,121414.0,2
C108044,61,Male,2,High School,Unknown,MI,39697,Yes,No,No,Telephone,Salaried,91734.0,5
C108045,49,Male,5,High School,Single,NC,90793,Yes,Yes,Yes,Cellular,Government,40437.0,5
C108046,57,Female,5,Graduate,Married,OH,82361,No,Yes,No,Cellular,Unemployed,97367.0,1
C108047,42,Male,1,Uneducated,Married,OH,33259,No,Yes,No,Email,Businessman,149942.0,2
C108048,40,Male,3,High School,Divorced,MI,49575,Yes,No,No,Email,Self-employed,118083.0,3
C108049,28,Male,3,Graduate,Married,NY,65570,No,Yes,No,Telephone,Businessman,18892.0,1
C108050,47,Male,0,Graduate,Divorced,GA,40815,No,No,No,Cellular,Retired,152260.0,2
C108051,68,Male,4,Uneducated,Divorced,TX,61868,Yes,Yes,No,Email,Businessman,140794.0,5
C108052,27,Female,1,Post-Graduate,Divorced,NC,33924,No,Yes,Yes,Email,Student,100073.0,4
C108053,54,Male,5,Uneducated,Divorced,PA,99829,No,No,Yes,Email,Businessman,38305.0,3
C108054,61,Female,4,Post-Graduate,Unknown,NC,78083,No,No,Yes,Telephone,Businessman,171401.0,1
C108055,48,Male,5,Graduate,Unknown,NC,76535,No,Yes,Yes,Telephone,Government,161717.0,4
C108056,51,Female,4,High School,Single,OH,83185,Yes,Yes,No,Cellular,Salaried,50148.0,3
C108057,41,Female,0,College,Single,MI,78851,No,No,Yes,Telephone,Businessman,155236.0,5
C108058,30,Female,5,Graduate,Married,GA,74465,No,Yes,Yes,Cellular,Businessman,109994.0,5
C108059,56,Male,2,High School,Unknown,NY,71947,Yes,No,Yes,Cellular,Retired,85403.0,5
C108060,33,Male,5,Graduate,Single,IL,64761,Yes,No,Yes,Cellular,Student,147308.0,2
C108061,46,Female,2,Uneducated,Unknown,TX,68204,Yes,No,Yes,Email,Self-employed,169793.0,3
C108062,54,Female,0,Post-Graduate,Unknown,CA,20404,No,Yes,Yes,Email,Student,129193.0,2
C108063,39,Male,0,Graduate,Married,PA,64663,Yes,Yes,Yes,Email,Self-employed,178626.0,5
C108064,26,Male,0,High School,Married,NC,67634,Yes,No,Yes,Telephone,Self-employed,91307.0,3
C108065,68,Female,4,Uneducated,Divorced,NY,53841,No,Yes,Yes,Email,Self-employed,76893.0,3
C108066,35,Male,5,College,Unknown,NC,76052,Yes,No,Yes,Cellular,Government,105704.0,5
C108067,66,Male,5,Uneducated,Divorced,GA,29574,No,Yes,Yes,Telephone,Government,32906.0,2
C108068,65,Male,4,Post-Graduate,Divorced,NC,19242,No,Yes,No,Telephone,Salaried,136983.0,1
C108069,69,Male,1,Uneducated,Divorced,IL,67492,No,Yes,Yes,Email,Self-employed,68877.0,5
C108070,38,Male,0,College,Unknown,NY,14813,Yes,Yes,No,Email,Government,53278.0,5
C108071,40,Male,4,High School,Unknown,MI,60275,No,No,Yes,Email,Unemployed,97002.0,1
C108072,21,Female,2,Graduate,Divorced,MI,53658,Yes,Yes,Yes,Email,Government,51762.0,1
C108073,42,Female,5,Post-Graduate,Unknown,PA,35352,Yes,No,No,Telephone,Retired,114900.0,3
C108074,56,Female,5,College,Divorced,OH,90786,No,Yes,No,Telephone,Retired,33491.0,1
C108075,68,Female,0,Post-Graduate,Single,TX,88993,No,No,No,Cellular,Unemployed,171267.0,3
C108076,38,Female,2,Uneducated,Unknown,PA,21333,Yes,Yes,No,Telephone,Retired,45909.0,1
C108077,30,Female,3,Post-Graduate,Married,PA,92206,No,No,No,Telephone,Businessman,126214.0,2
C108078,40,Male,1,College,Married,GA,13679,Yes,Yes,No,Email,Unemployed,28855.0,3
C108079,60,Male,3,Graduate,Divorced,CA,74423,Yes,No,No,Cellular,Self-employed,117696.0,2
C108080,26,Female,1,Graduate,Single,FL,67405,Yes,Yes,Yes,Telephone,Student,73472.0,1
C108081,69,Female,0,Post-Graduate,Unknown,CA,70788,Yes,Yes,No,Email,Retired,173371.0,2
C108082,57,Female,5,High School,Divorced,GA,36193,Yes,Yes,No,Email,Businessman,165426.0,5
C108083,42,Male,1,Post-Graduate,Single,NY,69637,Yes,No,No,Cellular,Government,30472.0,1
C108084,24,Male,4,Uneducated,Single,GA,60402,No,No,No,Telephone,Government,74980.0,3
C108085,24,Male,2,Graduate,Unknown,TX,80251,Yes,Yes,Yes,Telephone,Government,109896.0,1
C108086,39,Male,5,Graduate,Married,GA,81715,Yes,No,No,Telephone,Government,21216.0,4
C108087,49,Female,4,Graduate,Married,PA,62413,No,Yes,No,Telephone,Student,78220.0,5
C108088,48,Female,0,High School,Single,CA,30939,No,Yes,No,Cellular,Salaried,154146.0,3
C108089,61,Female,3,High School,Married,OH,75378,Yes,Yes,No,Email,Salaried,108780.0,1
C108090,33,Female,2,College,Single,OH,16984,Yes,No,No,Email,Self-employed,92828.0,5
C108091,59,Male,0,Post-Graduate,Single,PA,18484,Yes,No,Yes,Cellular,Unemployed,118500.0,3
C108092,48,Male,4,Post-Graduate,Single,CA,62346,No,Yes,Yes,Telephone,Unemployed,109492.0,5
C108093,50,Female,4,Uneducated,Married,IL,32839,Yes,No,Yes,Email,Retired,161172.0,3
C108094,42,Male,1,Graduate,Divorced,CA,79285,Yes,No,No,Telephone,Government,103554.0,5
C108095,43,Male,1,High School,Married,CA,59726,No,Yes,No,Email,Self-employed,134507.0,3
C108096,38,Male,3,Uneducated,Divorced,PA,43600,No,Yes,Yes,Telephone,Student,113235.0,3
C108097,37,Male,1,Uneducated,Married,GA,95927,No,No,Yes,Cellular,Self-employed,100942.0,4
C108098,51,Female,1,High School,Unknown,CA,12763,Yes,Yes,Yes,Telephone,Salaried,133365.0,3
C108099,48,Male,1,Post-Graduate,Unknown,NY,99078,No,Yes,Yes,Telephone,Salaried,53266.0,4
C108100,28,Female,3,Graduate,Married,IL,92700,Yes,No,Yes,Cellular,Unemployed,69703.0,1
C108101,52,Male,0,Post-Graduate,Unknown,GA,71768,No,No,Yes,Cellular,Retired,122202.0,1
C108102,63,Male,5,Uneducated,Unknown,FL,88984,No,No,Yes,Telephone,Salaried,130050.0,5
C108103,26,Female,2,Graduate,Unknown,IL,87893,Yes,Yes,Yes,Telephone,Self-employed,53957.0,2
C108104,28,Female,0,College,Unknown,MI,13181,Yes,Yes,Yes,Telephone,Unemployed,30770.0,2
C108105,42,Male,5,Uneducated,Divorced,IL,23258,No,No,Yes,Email,Government,42964.0,1
C108106,60,Male,5,Post-Graduate,Single,TX,66067,Yes,No,Yes,Telephone,Businessman,42335.0,4
C108107,67,Female,0,Post-Graduate,Divorced,PA,55611,Yes,Yes,No,Email,Salaried,161133.0,3
C108108,51,Male,0,Post-Graduate,Single,IL,69813,No,No,Yes,Email,Self-employed,146050.0,5
C108109,26,Male,4,High School,Single,NY,65894,Yes,No,No,Email,Businessman,39745.0,3
C108110,24,Female,2,Uneducated,Married,MI,62505,Yes,Yes,No,Cellular,Salaried,74066.0,3
C108111,27,Male,2,Graduate,Married,FL,78100,No,Yes,No,Cellular,Salaried,56308.0,2
C108112,54,Male,4,Post-Graduate,Married,FL,49866,Yes,No,No,Email,Student,134806.0,1
C108113,47,Male,5,Post-Graduate,Married,OH,91032,Yes,No,No,Email,Salaried,68534.0,4
C108114,22,Male,4,High School,nan,OH,30958,Yes,Yes,Yes,Email,Unemployed,85586.0,2
C108115,34,Male,5,Graduate,Divorced,NC,32095,No,Yes,No,Cellular,Businessman,40201.0,3
C108116,61,Female,1,Uneducated,Divorced,MI,59025,Yes,Yes,Yes,Cellular,Businessman,125624.0,3
C108117,49,Male,4,College,Unknown,NY,66563,Yes,Yes,Yes,Cellular,Government,44260.0,1
C108118,59,Female,3,High School,Divorced,PA,24700,Yes,No,Yes,Email,Unemployed,118793.0,4
C108119,42,Female,4,Uneducated,Divorced,NY,75421,Yes,Yes,Yes,Email,Businessman,76899.0,1
C108120,25,Male,1,College,Married,NC,92372,Yes,Yes,No,Telephone,Self-employed,124151.0,5
C108121,64,Female,4,Post-Graduate,Unknown,NY,28937,No,No,No,Telephone,Self-employed,118839.0,5
C108122,38,Male,3,Post-Graduate,Divorced,PA,60860,Yes,No,No,Cellular,Retired,62144.0,2
C108123,36,Female,4,Graduate,Divorced,GA,16895,No,No,Yes,Cellular,Retired,70252.0,1
C108124,64,Female,5,College,Unknown,PA,33617,Yes,Yes,No,Telephone,Retired,171200.0,3
C108125,26,Female,0,Post-Graduate,Single,TX,35614,No,No,Yes,Cellular,Salaried,110323.0,5
C108126,21,Male,2,Post-Graduate,Married,IL,96747,Yes,Yes,No,Email,Government,56213.0,2
C108127,32,Female,3,Graduate,Divorced,FL,83854,No,Yes,Yes,Telephone,Salaried,131554.0,5
C108128,44,Female,3,Uneducated,Divorced,CA,25215,Yes,No,Yes,Email,Government,107438.0,5
C108129,31,Female,3,Post-Graduate,Unknown,IL,21240,Yes,Yes,No,Telephone,Unemployed,124947.0,5
C108130,63,Male,5,High School,Divorced,MI,25613,Yes,No,No,Telephone,Student,155034.0,5
C108131,61,Male,0,High School,Married,IL,25746,Yes,No,Yes,Cellular,Government,96987.0,1
C108132,54,Female,0,Uneducated,Divorced,OH,33312,No,Yes,No,Email,Student,167540.0,3
C108133,49,Male,2,College,Single,OH,89068,Yes,Yes,Yes,Email,Retired,85614.0,1
C108134,52,Female,1,Graduate,Married,NY,72046,Yes,Yes,No,Email,Unemployed,174291.0,2
C108135,41,Female,2,High School,Single,FL,47364,Yes,No,Yes,Email,Unemployed,42236.0,2
C108136,60,Male,3,High School,Unknown,CA,31820,Yes,No,Yes,Cellular,Unemployed,48859.0,2
C108137,53,Male,3,Uneducated,Married,IL,38610,No,No,Yes,Email,Student,38041.0,3
C108138,53,Male,3,College,Divorced,IL,79268,YES,Yes,No,Cellular,Unemployed,117589.0,1
C108139,48,Female,2,College,Married,FL,87694,Yes,No,Yes,Telephone,Salaried,160485.0,2
C108140,64,Male,1,Uneducated,Married,MI,94127,Yes,No,Yes,Email,Self-employed,140152.0,1
C108141,56,Female,1,High School,Married,OH,27028,Yes,No,Yes,Cellular,Government,141791.0,3
C108142,21,Female,2,Graduate,Single,PA,38928,No,Yes,No,Telephone,Salaried,50711.0,3
C108143,32,Female,5,High School,Unknown,MI,86699,Yes,Yes,No,Email,Student,41270.0,2
C108144,66,Male,3,College,Married,TX,25740,No,Yes,Yes,Email,Student,75517.0,1
C108145,53,Female,2,High School,Divorced,NY,33916,Yes,No,No,Cellular,Unemployed,105485.0,4
C108146,64,Male,2,Graduate,Married,FL,22511,No,No,Yes,Telephone,Businessman,79881.0,3
C108147,25,Female,4,Post-Graduate,Married,NC,91351,No,Yes,Yes,Telephone,Businessman,63987.0,2
C108148,22,Male,4,High School,Unknown,MI,71971,Yes,Yes,No,Telephone,Government,160210.0,3
C108149,56,Female,0,Uneducated,Divorced,IL,88146,Yes,No,Yes,Telephone,Self-employed,114898.0,1
C108150,44,Male,0,Post-Graduate,Divorced,CA,22110,Yes,No,Yes,Email,Businessman,55682.0,4
C108151,63,Female,2,Uneducated,Single,TX,63092,Yes,No,No,Telephone,Retired,84825.0,4
C108152,67,Male,4,Uneducated,Divorced,NC,55931,No,Yes,Yes,Cellular,Unemployed,21629.0,4
C108153,41,Female,3,Uneducated,Divorced,OH,99719,No,Yes,Yes,Cellular,Retired,144687.0,4
C108154,50,Female,0,High School,Divorced,TX,83006,No,Yes,No,Email,Student,147620.0,5
C108155,35,Female,3,College,Married,CA,98284,No,Yes,Yes,Cellular,Unemployed,177851.0,1
C108156,29,Male,3,Post-Graduate,Single,FL,16310,Yes,No,Yes,Email,Salaried,28911.0,4
C108157,52,Female,0,Graduate,Divorced,NC,79571,Yes,No,Yes,Telephone,Self-employed,77099.0,1
C108158,28,Female,5,College,Divorced,OH,12205,No,No,Yes,Email,Government,163603.0,5
C108159,43,Female,2,High School,Divorced,IL,95752,Yes,Yes,No,Telephone,Salaried,24588.0,2
C108160,47,Male,4,Uneducated,Married,PA,56009,No,Yes,Yes,Cellular,Government,107067.0,5
C108161,62,Female,0,Graduate,Married,CA,36879,No,No,Yes,Email,Salaried,44832.0,3
C108162,28,Female,1,nan,Single,OH,38596,No,Yes,No,Telephone,Unemployed,114063.0,1
C108163,49,Male,1,College,Unknown,IL,89536,Yes,Yes,No,Email,Salaried,163910.0,2
C108164,31,Female,3,College,Single,OH,29449,No,No,Yes,Telephone,Self-employed,178703.0,4
C108165,41,Male,1,Graduate,Married,IL,92109,No,Yes,No,Email,Government,127385.0,2
C108166,64,Female,3,High School,Divorced,IL,18643,No,Yes,yes,Email,Businessman,74832.0,5
C108167,59,Male,5,Post-Graduate,Divorced,TX,89024,Yes,No,Yes,Email,Salaried,133378.0,4
C108168,50,Male,5,Graduate,Single,IL,50926,Yes,No,Yes,Email,Retired,160942.0,5
C108169,53,Male,5,Uneducated,Divorced,GA,47970,No,No,No,Telephone,Salaried,118601.0,3
C108170,23,Female,5,Post-Graduate,Married,GA,36376,Yes,Yes,No,Telephone,Retired,73007.0,4
C108171,33,Female,5,College,Single,NY,72282,Yes,No,Yes,Email,Businessman,94179.0,1
C108172,56,Male,4,Graduate,Unknown,CA,95718,Yes,No,Yes,Email,Self-employed,62380.0,4
C108173,43,Female,0,College,Married,NY,17491,Yes,Yes,No,Cellular,Self-employed,21364.0,2
C108174,46,Female,0,College,Married,OH,13453,No,Yes,No,Telephone,Self-employed,165129.0,2
C108175,30,Male,4,College,Divorced,TX,28190,No,No,Yes,Telephone,Student,142901.0,4
C108176,58,Male,3,High School,Married,GA,25919,No,No,No,Telephone,Student,32848.0,2
C108177,56,Male,5,College,Married,FL,72488,No,Yes,No,Telephone,Self-employed,51742.0,5
C108178,43,Male,2,Uneducated,Unknown,MI,83051,Yes,Yes,No,Cellular,Self-employed,80945.0,1
C108179,28,Female,1,Uneducated,Divorced,MI,60622,No,Yes,Yes,Email,Businessman,52902.0,3
C108180,34,Female,5,Post-Graduate,Married,GA,31946,Yes,No,No,Email,Student,127020.0,5
C108181,44,Female,4,College,Divorced,NY,56842,No,Yes,No,Email,Retired,-1000.0,3
C108182,38,Female,1,College,Married,IL,29231,No,No,Yes,Cellular,Unemployed,81015.0,1
C108183,60,Female,2,Graduate,Unknown,PA,75072,Yes,No,No,Cellular,Unemployed,41991.0,4
C108184,57,Female,3,High School,Divorced,CA,18667,No,No,Yes,Email,Government,160660.0,2
C108185,66,Male,5,Post-Graduate,Divorced,CA,79677,Yes,Yes,Yes,Cellular,Self-employed,134757.0,4
C108186,45,Female,1,College,Unknown,NC,85933,No,Yes,Yes,Cellular,Self-employed,18058.0,4
C108187,67,Female,3,Graduate,Single,IL,86701,No,No,Yes,Cellular,Self-employed,101214.0,1
C108188,40,Female,5,High School,Married,FL,39294,Yes,No,No,Cellular,Salaried,71964.0,5
C108189,45,Male,2,Post-Graduate,Married,CA,11215,No,Yes,Yes,Email,Student,93894.0,1
C108190,37,Male,3,Post-Graduate,Single,TX,44802,Yes,No,No,Cellular,Government,147181.0,4
C108191,24,Female,2,College,Divorced,FL,87360,Yes,Yes,Yes,Email,Salaried,109476.0,3
C108192,41,Male,0,Post-Graduate,Divorced,IL,85148,No,No,No,Telephone,Salaried,179616.0,1
C108193,40,Male,1,Graduate,Unknown,MI,87262,No,Yes,Yes,Cellular,Unemployed,108145.0,5
C108194,65,Female,1,Post-Graduate,Unknown,IL,47807,Yes,No,No,Telephone,Government,161848.0,1
C108195,67,Female,2,Uneducated,Unknown,MI,39890,No,No,Yes,Telephone,Government,76977.0,2
C108196,61,Female,2,Graduate,Single,GA,24373,No,No,Yes,Cellular,Government,130564.0,5
C108197,37,Male,4,High School,Single,TX,17931,Yes,Yes,Yes,Email,Government,93761.0,2
C108198,55,Male,2,High School,Divorced,OH,98109,Yes,Yes,Yes,Email,Retired,70773.0,3
C108199,61,Female,2,College,Unknown,PA,31689,No,Yes,Yes,Email,Government,93237.0,4
C108200,43,Male,3,College,Divorced,MI,79119,Yes,No,No,Cellular,Retired,85133.0,2
C108201,41,Male,3,Uneducated,Single,MI,42269,No,No,Yes,Cellular,Self-employed,56553.0,2
C108202,63,Male,1,High School,Married,MI,87129,No,Yes,Yes,Email,Retired,114357.0,4
C108203,41,Female,3,High School,Divorced,PA,86088,No,Yes,No,Email,Retired,54584.0,3
C108204,44,Female,3,High School,Single,MI,99290,Yes,Yes,No,Telephone,Government,49229.0,4
C108205,57,Female,1,High School,Unknown,NC,47609,Yes,No,Yes,Telephone,Government,102157.0,2
C108206,38,Female,5,Post-Graduate,Married,OH,88234,No,Yes,Yes,Cellular,Student,161971.0,1
C108207,64,Female,0,Graduate,Married,OH,63437,Yes,Yes,Yes,Email,Self-employed,112057.0,2
C108208,39,Male,4,Graduate,Married,CA,97126,Yes,No,No,Email,Unemployed,98617.0,4
C108209,25,Male,3,Uneducated,Unknown,CA,35206,Yes,Yes,No,Cellular,Salaried,161178.0,5
C108210,64,Male,0,Post-Graduate,Married,NC,77755,Yes,Yes,Yes,Email,Self-employed,43513.0,5
C108211,47,Male,4,High School,Single,NC,83498,Yes,Yes,Yes,Cellular,Businessman,92659.0,4
C108212,26,Male,1,High School,Divorced,MI,35041,No,Yes,Yes,Telephone,Government,145050.0,5
C108213,69,Male,3,College,Married,TX,30191,Yes,Yes,No,Email,Salaried,75722.0,4
C108214,34,Female,5,College,Married,GA,94506,Yes,No,Yes,Email,Businessman,174076.0,1
C108215,23,Female,3,Uneducated,Single,NC,83280,Yes,Yes,Yes,Cellular,Retired,131277.0,4
C108216,21,Male,2,High School,Unknown,CA,93646,No,Yes,Yes,Cellular,Salaried,57202.0,1
C108217,51,Female,3,Uneducated,Married,TX,47362,No,Yes,Yes,Cellular,Self-employed,141789.0,5
C108218,65,Male,3,Post-Graduate,Single,PA,67205,Yes,Yes,Yes,Cellular,Unemployed,117059.0,3
C108219,30,Male,0,Graduate,Single,FL,26646,No,No,Yes,Telephone,Retired,158132.0,5
C108220,51,Female,0,High School,Unknown,GA,62334,Yes,Yes,Yes,Cellular,Businessman,62926.0,4
C108221,37,Female,3,Post-Graduate,Unknown,NC,22606,No,No,No,Email,Retired,26912.0,5
C108222,59,Male,5,High School,Divorced,OH,54610,No,Yes,No,Email,Retired,134211.0,3
C108223,60,Female,4,College,Married,CA,32186,Yes,Yes,No,Email,Retired,139637.0,5
C108224,68,Male,1,Uneducated,Divorced,NY,22827,No,Yes,No,Email,Government,119777.0,3
C108225,36,Male,5,College,Single,CA,72273,Yes,No,No,Telephone,Government,127393.0,2
C108226,47,Male,0,Graduate,Married,NC,54114,Yes,Yes,Yes,Telephone,Businessman,131074.0,4
C108227,36,Male,5,College,Single,FL,94693,No,Yes,No,Telephone,Self-employed,36149.0,4
C108228,61,Male,5,High School,Single,MI,22865,No,Yes,Yes,Cellular,Unemployed,37944.0,3
C108229,65,Female,4,College,Single,GA,84091,No,Yes,No,Email,Businessman,164170.0,1
C108230,24,Male,5,High School,Unknown,IL,22450,Yes,Yes,Yes,Email,Self-employed,113111.0,3
C108231,62,Female,3,Graduate,Unknown,IL,13503,Yes,No,No,Telephone,Salaried,157540.0,2
C108232,47,Male,2,College,Married,IL,50823,Yes,Yes,No,Cellular,Unemployed,121415.0,4
C108233,29,Female,0,Uneducated,Single,IL,47502,No,No,Yes,Telephone,Self-employed,22408.0,4
C108234,45,Male,5,Uneducated,Single,TX,26630,No,No,No,Email,Businessman,129820.0,5
C108235,44,Female,0,Uneducated,Married,PA,60441,No,No,Yes,Email,Businessman,39161.0,3
C108236,48,Male,2,College,Divorced,CA,31613,No,Yes,Yes,Telephone,Salaried,36295.0,2
C108237,38,Male,3,College,Single,GA,67507,Yes,No,No,Email,Retired,99082.0,5
C108238,64,Female,0,College,Unknown,FL,27305,No,Yes,No,Telephone,Unemployed,47924.0,1
C108239,46,Female,3,High School,Divorced,PA,74843,Yes,No,No,Telephone,Businessman,44286.0,5
C108240,30,Female,4,Graduate,Divorced,NY,19085,Yes,Yes,Yes,Telephone,Student,23391.0,2
C108241,69,Female,0,Uneducated,Divorced,NY,57373,Yes,Yes,No,Telephone,Retired,130129.0,3
C108242,64,Female,3,High School,Divorced,GA,73008,No,Yes,Yes,Email,Unemployed,72504.0,1
C108243,54,Female,4,Uneducated,Divorced,CA,65198,No,Yes,No,Cellular,Unemployed,62642.0,4
C108244,66,Male,5,High School,Divorced,GA,36450,No,Yes,No,Email,Businessman,67307.0,5
C108245,58,Male,0,College,Married,MI,97783,No,No,Yes,Telephone,Student,62297.0,2
C108246,31,Male,1,Uneducated,Married,MI,36819,No,Yes,No,Email,Businessman,163100.0,3
C108247,34,Female,3,College,Divorced,CA,21719,No,No,No,Cellular,Businessman,46181.0,5
C108248,66,nan,4,Uneducated,Unknown,NC,13895,No,Yes,Yes,Email,Salaried,29169.0,2
C108249,58,Female,5,Post-Graduate,Married,CA,81266,No,Yes,No,Telephone,Retired,142047.0,1
C108250,21,Male,1,High School,Married,FL,77208,No,Yes,Yes,Cellular,Student,95779.0,5
C108251,37,Female,3,Post-Graduate,Divorced,NC,74939,No,Yes,No,Email,Unemployed,45721.0,5
C108252,69,Male,0,High School,Unknown,CA,41152,No,Yes,No,Cellular,Salaried,126086.0,3
C108253,37,Female,5,Graduate,Divorced,NC,22832,No,Yes,No,Email,Student,35855.0,2
C108254,30,Female,3,Uneducated,Unknown,GA,31864,No,Yes,No,Cellular,Student,128428.0,2
C108255,50,Female,4,Graduate,Unknown,IL,64606,No,Yes,Yes,Telephone,Unemployed,157632.0,4
C108256,62,Male,0,Graduate,Single,PA,36949,Yes,Yes,Yes,Telephone,Unemployed,91585.0,4
C108257,66,Female,0,High School,Married,IL,78871,Yes,No,No,Cellular,Government,90051.0,2
C108258,53,Male,5,Post-Graduate,Divorced,FL,34522,Yes,No,Yes,Email,Student,176644.0,5
C108259,22,Female,0,College,Married,MI,26021,No,No,No,Telephone,Salaried,91385.0,1
C108260,40,Female,2,High School,Married,FL,98989,Yes,Yes,Yes,Email,Salaried,120813.0,4
C108261,52,Female,4,College,Unknown,MI,14550,No,No,No,Cellular,Self-employed,114891.0,4
C108262,23,Female,1,Graduate,Married,GA,37174,No,Yes,Yes,Email,Retired,64881.0,1
C108263,56,Male,0,College,Single,GA,31097,Yes,Yes,Yes,Cellular,Retired,73294.0,3
C108264,25,Female,4,Post-Graduate,Divorced,NC,13459,No,Yes,Yes,Email,Retired,31076.0,5
C108265,40,Male,2,High School,Married,TX,48053,No,No,Yes,Cellular,Businessman,99185.0,4
C108266,23,Female,2,Post-Graduate,Divorced,MI,96545,No,No,No,Cellular,Government,34671.0,3
C108267,23,Female,5,Post-Graduate,Married,GA,77233,No,Yes,Yes,Cellular,Businessman,104941.0,2
C108268,56,Female,0,High School,Divorced,TX,49461,Yes,Yes,Yes,Cellular,Salaried,92047.0,4
C108269,26,Male,4,Post-Graduate,Divorced,NY,98191,No,No,Yes,Email,Government,98669.0,1
C108270,59,Female,2,Uneducated,Divorced,NY,23729,Yes,No,Yes,Telephone,Student,49002.0,2
C108271,56,Male,0,Uneducated,Married,NC,15883,Yes,No,Yes,Cellular,Unemployed,53352.0,2
C108272,44,Male,5,Uneducated,Single,FL,56364,No,No,Yes,Cellular,Retired,28357.0,5
C108273,67,nan,3,College,Divorced,IL,54664,Yes,No,Yes,Telephone,Salaried,129704.0,3
C108274,58,Male,3,Post-Graduate,Unknown,NY,34942,No,No,No,Telephone,Unemployed,172455.0,5
C108275,57,Female,3,High School,Unknown,NC,48970,No,No,No,Cellular,Salaried,173074.0,2
C108276,28,Male,1,High School,Unknown,OH,30144,Yes,No,No,Cellular,Salaried,19367.0,5
C108277,58,Male,4,College,Single,TX,82575,Yes,No,Yes,Email,Salaried,71770.0,1
C108278,69,Male,5,High School,Divorced,PA,70914,Yes,Yes,Yes,Telephone,Government,175014.0,4
C108279,36,Male,3,Uneducated,Single,OH,22723,No,Yes,No,Email,Unemployed,127899.0,1
C108280,63,Female,2,Post-Graduate,Divorced,PA,44158,Yes,Yes,No,Cellular,Businessman,113449.0,2
C108281,21,Male,1,High School,Single,MI,23840,Yes,Yes,No,Cellular,Businessman,87987.0,5
C108282,34,Female,3,High School,Divorced,MI,73211,Yes,No,Yes,Cellular,Retired,88065.0,3
C108283,65,Male,0,Graduate,Unknown,PA,96240,No,Yes,No,Cellular,Student,171505.0,3
C108284,30,Female,2,Graduate,Divorced,GA,87233,No,Yes,No,Telephone,Salaried,164824.0,2
C108285,30,Female,1,Graduate,Single,GA,69245,Yes,Yes,Yes,Email,Unemployed,99873.0,4
C108286,42,Male,1,Post-Graduate,Divorced,IL,62825,Yes,No,No,Telephone,Unemployed,98617.0,5
C108287,60,Male,2,Uneducated,Married,FL,30111,Yes,No,No,Cellular,Retired,32630.0,1
C108288,61,Female,3,Uneducated,Divorced,IL,47866,No,No,Yes,Email,Salaried,23149.0,1
C108289,51,Male,5,Uneducated,Unknown,NC,35627,No,Yes,Yes,Cellular,Retired,89799.0,3
C108290,24,Male,5,Post-Graduate,Divorced,MI,39231,No,Yes,No,Telephone,Businessman,71116.0,1
C108291,63,Male,0,Post-Graduate,Married,PA,80810,No,Yes,No,Cellular,nan,36808.0,4
C108292,43,Male,0,Graduate,Married,TX,40152,No,Yes,No,Telephone,Retired,80030.0,2
C108293,61,Male,5,High School,Married,TX,94393,Yes,No,No,Telephone,Student,35896.0,5
C108294,32,Male,5,College,Single,CA,90393,Yes,No,Yes,Cellular,nan,22034.0,1
C108295,65,Male,0,College,Married,IL,69574,No,Yes,Yes,Cellular,Self-employed,25800.0,2
C108296,28,Male,1,High School,Single,PA,86295,No,Yes,Yes,Telephone,Government,74293.0,5
C108297,65,Male,3,Graduate,Married,GA,13612,Yes,No,Yes,Email,Unemployed,128058.0,2
C108298,44,Female,5,High School,Single,NC,94958,Yes,Yes,Yes,Telephone,Unemployed,176689.0,1
C108299,21,Male,5,High School,Married,OH,25422,Yes,No,Yes,Email,Retired,79072.0,2
C108300,46,Male,2,College,Married,CA,68295,Yes,No,No,Telephone,Unemployed,154894.0,4
C108301,42,Male,4,Graduate,Divorced,OH,70019,Yes,No,No,Cellular,Retired,37074.0,3
C108302,63,Male,0,Post-Graduate,Married,MI,15193,Yes,Yes,No,Telephone,Businessman,33942.0,5
C108303,45,Male,2,College,Divorced,NC,89971,Yes,No,Yes,Email,Government,178862.0,5
C108304,51,Female,5,Post-Graduate,Married,FL,31811,Yes,Yes,No,Email,Businessman,56665.0,4
C108305,54,Female,5,Graduate,Married,OH,48093,Yes,Yes,Yes,Email,Student,111298.0,2
C108306,57,Male,2,High School,Divorced,NC,42560,Yes,No,Yes,Email,Salaried,156082.0,5
C108307,31,Female,5,Uneducated,Divorced,CA,82260,Yes,Yes,Yes,Email,Self-employed,177707.0,3
C108308,24,Male,0,Uneducated,Single,MI,11290,No,Yes,Yes,Telephone,Government,25222.0,1
C108309,28,Male,4,Graduate,Unknown,NC,81034,No,No,Yes,Cellular,Self-employed,19782.0,5
C108310,64,Female,1,Uneducated,Divorced,FL,24874,No,Yes,No,Cellular,Salaried,91363.0,4
C108311,55,Female,1,Post-Graduate,Single,GA,13967,Yes,Yes,yes,Telephone,Businessman,140496.0,4
C108312,45,Female,3,Uneducated,Married,TX,25285,Yes,Yes,No,Cellular,Student,116857.0,3
C108313,51,Female,5,Graduate,Divorced,NY,93222,No,Yes,Yes,Telephone,Salaried,98652.0,4
C108314,69,Female,1,Graduate,Divorced,GA,86396,No,Yes,No,Email,Self-employed,171879.0,2
C108315,43,Male,2,Post-Graduate,Married,GA,32305,Yes,Yes,No,Telephone,Unemployed,174122.0,5
C108316,60,Male,1,Uneducated,Married,TX,13546,Yes,Yes,No,Cellular,Self-employed,156926.0,5
C108317,58,Male,3,Uneducated,Married,GA,25199,Yes,Yes,No,Cellular,Self-employed,29808.0,5
C108318,24,Female,2,High School,Married,PA,70597,No,Yes,No,Cellular,Businessman,173819.0,2
C108319,56,Male,2,College,Unknown,MI,54381,Yes,Yes,Yes,Telephone,Unemployed,107474.0,2
C108320,27,Female,4,Graduate,Divorced,NC,84085,Yes,No,No,Telephone,Retired,146059.0,5
C108321,30,Male,5,High School,Married,MI,67467,Yes,Yes,Yes,Telephone,Self-employed,89645.0,5
C108322,26,Female,0,Graduate,Married,PA,12319,Yes,No,No,Cellular,Businessman,45834.0,4
C108323,51,Female,0,High School,Unknown,GA,31686,No,Yes,Yes,Telephone,Unemployed,134677.0,1
C108324,24,Male,0,College,Divorced,NY,91651,No,Yes,Yes,Telephone,Self-employed,62960.0,2
C108325,41,Male,3,High School,Single,CA,20942,YES,Yes,Yes,Cellular,Government,63509.0,4
C108326,62,Male,1,Graduate,Divorced,MI,69449,No,No,No,Email,Retired,122721.0,5
C108327,40,Male,0,Uneducated,Single,MI,67984,No,Yes,Yes,Email,Unemployed,130536.0,5
C108328,37,Female,1,Graduate,Unknown,NY,45919,Yes,Yes,No,Cellular,Unemployed,82706.0,5
C108329,26,Male,0,Post-Graduate,Married,FL,98122,No,Yes,Yes,Cellular,Government,91133.0,1
C108330,31,Female,4,Post-Graduate,Unknown,MI,46346,Yes,Yes,No,Email,Retired,139767.0,2
C108331,38,Male,1,Post-Graduate,Divorced,NC,68785,Yes,No,Yes,Telephone,Salaried,92169.0,5
C108332,29,Male,3,Post-Graduate,Married,OH,35134,No,Yes,No,Cellular,Salaried,62804.0,4
C108333,32,Male,5,College,Divorced,NC,33248,Yes,No,Yes,Email,Retired,70965.0,3
C108334,51,Male,5,Uneducated,Single,NC,96014,Yes,Yes,Yes,Telephone,Student,72847.0,3
C108335,51,Male,3,Uneducated,Divorced,NC,92786,Yes,Yes,Yes,Cellular,Self-employed,111545.0,1
C108336,63,Female,1,Graduate,Unknown,GA,34661,Yes,No,No,Email,Self-employed,91420.0,2
C108337,54,Male,5,High School,Unknown,PA,78076,No,No,Yes,Telephone,Businessman,141369.0,2
C108338,36,Female,3,Graduate,Unknown,MI,58777,Yes,Yes,Yes,Telephone,Retired,171088.0,1
C108339,61,Male,2,Graduate,Married,OH,31553,No,No,Yes,Email,Unemployed,169653.0,3
C108340,68,Female,3,nan,Divorced,NY,96855,No,Yes,Yes,Telephone,Salaried,155159.0,3
C108341,32,nan,4,Graduate,Married,CA,62046,No,Yes,No,Email,Retired,147512.0,5
C108342,69,Male,4,Uneducated,Divorced,IL,22638,Yes,Yes,No,Email,Government,153101.0,4
C108343,33,Male,1,High School,Single,GA,66152,No,No,No,Telephone,Businessman,178160.0,5
C108344,56,Female,3,Graduate,Divorced,TX,33987,No,No,Yes,Email,Government,39412.0,2
C108345,33,Female,1,Uneducated,Divorced,OH,81560,No,Yes,No,Email,nan,100107.0,5
C108346,64,Male,0,Graduate,Divorced,IL,54343,No,Yes,Yes,Cellular,Salaried,38086.0,2
C108347,22,Male,2,Post-Graduate,Divorced,MI,90577,No,Yes,Yes,Email,Self-employed,63360.0,5
C108348,69,Male,1,Graduate,Single,GA,22770,No,No,Yes,Telephone,Retired,137365.0,4
C108349,35,Female,1,Graduate,Married,PA,37220,No,No,No,Email,Self-employed,60774.0,5
C108350,33,Male,1,College,Unknown,PA,99183,Yes,Yes,Yes,Telephone,Salaried,65589.0,5
C108351,54,Female,5,Post-Graduate,Divorced,OH,59679,Yes,Yes,No,Cellular,Retired,133035.0,5
C108352,46,Male,1,High School,Unknown,OH,79299,No,No,Yes,Telephone,Unemployed,50510.0,2
C108353,26,Female,5,Graduate,Unknown,FL,39253,No,No,No,Email,Government,141776.0,5
C108354,41,Female,4,High School,Unknown,MI,48646,Yes,No,No,Telephone,Student,93370.0,3
C108355,64,Female,2,Post-Graduate,Unknown,MI,33766,No,No,No,Cellular,Student,60920.0,3
C108356,53,Male,0,Graduate,nan,MI,66332,No,Yes,Yes,Cellular,Salaried,107254.0,4
C108357,35,Female,2,College,Unknown,GA,79293,Yes,No,No,Cellular,Unemployed,29435.0,1
C108358,55,Male,1,Uneducated,Divorced,PA,31151,No,No,No,Telephone,Businessman,53233.0,5
C108359,48,Female,4,College,Single,GA,30278,No,Yes,Yes,Telephone,Self-employed,62008.0,5
C108360,62,Male,0,College,Married,OH,40429,No,No,No,Telephone,Government,84287.0,2
C108361,26,Female,5,Uneducated,Married,CA,22438,No,No,No,Cellular,Student,178263.0,1
C108362,57,Female,1,Uneducated,Divorced,FL,19456,Yes,Yes,No,Telephone,Self-employed,114960.0,1
C108363,60,Male,5,Uneducated,Divorced,OH,51788,No,Yes,Yes,Cellular,Salaried,65734.0,5
C108364,26,Male,1,Graduate,Married,NC,10284,No,Yes,No,Cellular,Self-employed,50304.0,5
C108365,31,Female,3,High School,Unknown,NY,63141,Yes,Yes,No,Email,Retired,55318.0,5
C108366,34,Female,2,High School,Divorced,IL,17627,Yes,No,No,Email,Student,138062.0,1
C108367,41,Male,2,Uneducated,Unknown,NC,87131,No,Yes,Yes,Cellular,Unemployed,128410.0,3
C108368,40,Female,2,College,Divorced,NC,81127,No,Yes,No,Cellular,Government,64013.0,2
C108369,25,Female,3,Post-Graduate,Divorced,PA,47098,No,No,No,Cellular,Businessman,83524.0,3
C108370,65,Male,4,Uneducated,Single,OH,51293,No,Yes,Yes,Email,Businessman,38179.0,5
C108371,29,Male,4,nan,Single,NC,30523,No,Yes,No,Cellular,Retired,19787.0,1
C108372,50,Male,4,College,Married,MI,43559,No,Yes,No,Email,Unemployed,107847.0,3
C108373,62,Female,5,Graduate,Single,GA,36721,No,No,No,Email,Retired,22670.0,1
C108374,63,Female,0,Graduate,Single,MI,22661,Yes,No,Yes,Telephone,Self-employed,53607.0,5
C108375,58,Female,3,High School,Married,PA,72042,Yes,No,No,Telephone,Businessman,31206.0,3
C108376,47,Male,3,High School,Unknown,PA,38068,No,No,Yes,Telephone,Student,163455.0,1
C108377,25,Female,4,Post-Graduate,Single,OH,29750,No,Yes,No,Email,Unemployed,30240.0,4
C108378,25,Male,4,Post-Graduate,Unknown,OH,91482,No,No,No,Cellular,Government,71303.0,3
C108379,68,Male,4,Post-Graduate,Married,NY,12300,No,No,Yes,Telephone,Businessman,126070.0,2
C108380,60,Female,3,Post-Graduate,Divorced,NC,93244,No,Yes,No,Email,Businessman,108740.0,1
C108381,35,Male,4,College,Unknown,FL,31265,No,No,No,Cellular,Salaried,73589.0,5
C108382,67,Female,2,College,Married,MI,41028,Yes,No,Yes,Telephone,Businessman,96589.0,5
C108383,29,Male,4,High School,Unknown,NC,83495,Yes,No,Yes,Email,Businessman,130959.0,3
C108384,67,Male,2,Graduate,Married,MI,38673,No,No,Yes,Telephone,Student,75053.0,5
C108385,45,Male,1,Graduate,Married,TX,36717,No,No,No,Telephone,Unemployed,87497.0,4
C108386,28,Female,1,Uneducated,Divorced,IL,75817,No,Yes,Yes,Email,Businessman,38101.0,2
C108387,34,Male,3,College,Unknown,IL,95510,Yes,Yes,No,Telephone,Salaried,76652.0,3
C108388,59,Female,0,Post-Graduate,Divorced,OH,28890,Yes,Yes,Yes,Email,Salaried,155746.0,3
C108389,52,Male,5,Post-Graduate,Divorced,FL,14584,Yes,No,Yes,Email,Retired,41268.0,5
C108390,51,Male,1,Uneducated,Unknown,FL,74310,No,Yes,Yes,Telephone,Salaried,40938.0,1
C108391,43,Male,3,Graduate,Unknown,CA,10407,Yes,Yes,No,Cellular,Businessman,87322.0,5
C108392,64,Female,3,Post-Graduate,Married,PA,27683,No,No,No,Cellular,Retired,83257.0,1
C108393,21,Female,2,Graduate,Unknown,FL,59080,No,Yes,No,Cellular,Self-employed,152607.0,5
C108394,67,Female,2,Uneducated,Married,MI,96943,No,Yes,Yes,Email,Self-employed,101570.0,1
C108395,51,Female,4,Graduate,Married,MI,90999,No,No,No,Telephone,Student,92487.0,1
C108396,27,Female,5,Graduate,Married,IL,43574,Yes,Yes,No,Cellular,Unemployed,158684.0,4
C108397,35,Male,1,Graduate,nan,NC,19619,No,Yes,Yes,Telephone,Self-employed,67222.0,4
C108398,62,Male,2,Post-Graduate,Married,FL,54139,No,No,No,Cellular,Student,84504.0,4
C108399,26,Female,0,High School,Married,CA,62609,Yes,No,Yes,Cellular,Student,64623.0,5
C108400,36,Female,5,College,Unknown,NC,85129,No,No,Yes,Telephone,Retired,144131.0,2
C108401,34,Female,3,Graduate,Unknown,IL,20418,No,No,No,Telephone,Salaried,40677.0,4
C108402,64,Female,5,Graduate,Single,MI,71538,No,No,Yes,Telephone,Government,75324.0,3
C108403,37,Male,4,Graduate,Unknown,OH,49482,Yes,No,No,Telephone,Student,114667.0,2
C108404,30,Female,2,High School,Divorced,TX,51297,No,No,Yes,Cellular,Unemployed,84127.0,3
C108405,49,Female,2,Uneducated,Single,FL,47474,No,Yes,No,Telephone,Businessman,166952.0,4
C108406,62,Female,2,Post-Graduate,Unknown,MI,35313,Yes,No,No,Email,Salaried,64441.0,3
C108407,28,Female,5,High School,Divorced,NC,92171,No,No,No,Cellular,Businessman,112016.0,5
C108408,31,Male,1,Graduate,Unknown,MI,89773,No,Yes,Yes,Email,Businessman,170222.0,3
C108409,38,Male,5,High School,Married,CA,58630,No,No,No,Cellular,Self-employed,109891.0,2
C108410,65,Female,2,High School,Single,IL,31861,No,No,Yes,Cellular,Businessman,124164.0,4
C108411,40,Male,5,High School,Married,GA,77800,Yes,No,No,Email,Retired,172513.0,3
C108412,36,Male,3,Uneducated,Single,MI,28864,Yes,Yes,No,Cellular,Student,66618.0,3
C108413,47,Female,2,College,Single,OH,54167,No,Yes,Yes,Email,Unemployed,77748.0,3
C108414,43,Female,5,Post-Graduate,Married,FL,80700,Yes,Yes,No,Cellular,Businessman,66584.0,3
C108415,34,Male,0,Uneducated,Single,OH,55728,No,Yes,No,Telephone,Unemployed,61620.0,2
C108416,32,Male,2,Uneducated,Single,CA,74203,No,No,Yes,Cellular,Businessman,28008.0,1
C108417,65,Male,4,College,Unknown,PA,48816,Yes,Yes,No,Email,Self-employed,78988.0,5
C108418,47,Male,4,Uneducated,Divorced,NC,34651,No,Yes,No,Telephone,Businessman,69199.0,4
C108419,33,Male,0,High School,Married,TX,92772,No,Yes,Yes,Telephone,Student,53510.0,1
C108420,36,Female,4,High School,Unknown,FL,62409,No,No,No,Telephone,Student,163893.0,5
C108421,53,Male,1,Graduate,Unknown,GA,66226,No,Yes,No,Telephone,Businessman,47865.0,3
C108422,44,Male,3,Uneducated,Married,IL,24575,Yes,No,Yes,Cellular,Student,153230.0,1
C108423,32,Male,3,Graduate,Single,IL,88450,Yes,No,Yes,Email,Retired,160280.0,5
C108424,29,Male,1,Post-Graduate,Married,CA,19917,Yes,No,No,Telephone,Retired,53320.0,5
C108425,33,Male,4,High School,Divorced,PA,44975,Yes,Yes,Yes,Email,Student,64506.0,1
C108426,65,Male,0,Post-Graduate,Divorced,NY,14383,Yes,No,No,Email,Self-employed,115738.0,3
C108427,28,Male,0,College,Married,CA,47388,No,No,Yes,Telephone,Unemployed,69203.0,3
C108428,38,Male,3,High School,Unknown,PA,83507,Yes,Yes,No,Email,Salaried,127723.0,4
C108429,47,Female,5,Post-Graduate,Married,IL,54023,Yes,Yes,Yes,Email,Retired,135032.0,5
C108430,61,Female,0,College,Divorced,IL,12361,No,No,No,Email,Salaried,22618.0,4
C108431,53,Male,1,Post-Graduate,Married,NC,67371,No,No,No,Email,Government,40943.0,3
C108432,27,Female,3,College,Single,MI,22175,No,No,No,Cellular,Unemployed,72865.0,5
C108433,33,Female,2,College,Married,MI,85230,No,No,Yes,Cellular,Salaried,146807.0,4
C108434,35,Female,1,High School,Unknown,TX,98472,No,No,Yes,Cellular,Retired,151941.0,4
C108435,54,Female,1,Graduate,Single,CA,11100,Yes,Yes,No,Email,Retired,116285.0,4
C108436,60,Female,0,College,Divorced,GA,30739,Yes,No,Yes,Cellular,Businessman,38178.0,5
C108437,40,Female,5,College,Married,IL,27923,Yes,No,Yes,Telephone,Student,119762.0,2
C108438,57,Male,0,High School,Unknown,IL,49197,No,Yes,Yes,Email,Salaried,40412.0,2
C108439,61,Male,0,Graduate,Unknown,GA,86854,Yes,No,Yes,Cellular,Self-employed,168583.0,3
C108440,37,Female,2,Uneducated,Divorced,GA,36022,No,No,Yes,Cellular,Government,138304.0,5
C108441,49,Male,1,Uneducated,Married,NY,74735,Yes,No,Yes,Email,Businessman,176514.0,5
C108442,41,Female,4,Graduate,Unknown,TX,39505,No,Yes,No,Email,Salaried,24820.0,1
C108443,34,Male,3,Post-Graduate,Single,MI,31221,Yes,No,No,Email,Student,129348.0,4
C108444,49,Male,0,High School,Married,MI,15781,Yes,Yes,Yes,Telephone,Self-employed,21677.0,3
C108445,61,Male,0,Graduate,Divorced,CA,83454,No,Yes,Yes,Cellular,Retired,162909.0,5
C108446,67,Female,1,Uneducated,Single,TX,52537,No,Yes,Yes,Telephone,Salaried,85959.0,1
C108447,42,Male,2,College,Married,FL,74234,No,No,No,Cellular,Student,46402.0,1
C108448,53,Male,0,Uneducated,Unknown,OH,72996,Yes,Yes,No,Email,Salaried,42483.0,5
C108449,33,Female,2,College,Divorced,NC,95564,No,No,Yes,Cellular,Businessman,105327.0,3
C108450,62,Female,2,High School,Divorced,IL,26075,No,No,No,Email,Government,45816.0,3
C108451,51,Male,4,College,Married,CA,83911,No,Yes,No,Cellular,Unemployed,33243.0,2
C108452,32,Female,2,Graduate,Divorced,NY,12307,Yes,No,No,Telephone,Student,89402.0,2
C108453,52,Male,4,College,Single,MI,17804,No,Yes,No,Cellular,Government,135208.0,3
C108454,66,Male,3,Post-Graduate,Married,NY,66182,Yes,Yes,No,Email,Government,134568.0,1
C108455,26,Female,2,Graduate,Single,NC,92190,Yes,No,No,Telephone,Retired,170199.0,2
C108456,31,Female,3,High School,Divorced,MI,80445,Yes,No,Yes,Telephone,Unemployed,55545.0,1
C108457,43,Male,2,Graduate,Divorced,OH,12399,No,No,No,Cellular,Self-employed,118066.0,2
C108458,27,Female,4,Post-Graduate,Divorced,NY,69107,Yes,No,Yes,Cellular,Unemployed,60309.0,1
C108459,40,Male,4,High School,Single,CA,64460,No,No,Yes,Telephone,Student,34811.0,4
C108460,24,Female,3,Uneducated,Divorced,IL,48065,No,Yes,No,Cellular,Self-employed,64297.0,5
C108461,41,Female,1,Post-Graduate,Married,CA,58521,No,No,No,Email,Retired,43940.0,3
C108462,64,Female,1,High School,Unknown,NC,99526,Yes,No,Yes,Email,Unemployed,76998.0,4
C108463,50,Female,1,College,Married,TX,27222,Yes,No,No,Cellular,Government,165846.0,3
C108464,45,Female,2,Graduate,Unknown,NY,74861,Yes,Yes,Yes,Telephone,Unemployed,72427.0,1
C108465,51,Male,1,High School,Divorced,PA,42564,No,Yes,Yes,Cellular,Businessman,123857.0,2
C108466,22,Male,3,Graduate,Married,TX,87294,No,Yes,No,Telephone,Businessman,31355.0,2
C108467,40,Male,1,College,Single,IL,88911,Yes,No,No,Telephone,Salaried,110486.0,2
C108468,66,Female,3,High School,Unknown,MI,11781,Yes,Yes,No,Email,Salaried,121054.0,5
C108469,61,Male,3,Uneducated,Single,GA,52518,No,Yes,Yes,Cellular,Student,149541.0,5
C108470,34,Male,5,Post-Graduate,Unknown,MI,72775,No,No,Yes,Telephone,Unemployed,58095.0,3
C108471,58,Female,2,High School,Divorced,NY,98689,No,No,No,Telephone,Businessman,170511.0,2
C108472,43,Female,5,College,Married,IL,88958,No,No,No,Telephone,Government,68263.0,4
C108473,25,Female,4,High School,Unknown,GA,74003,Yes,Yes,No,Telephone,Businessman,28325.0,3
C108474,39,Male,2,Graduate,Married,CA,38930,Yes,Yes,No,Email,Student,142890.0,5
C108475,27,Male,2,High School,Unknown,MI,88364,No,Yes,Yes,Email,Salaried,56052.0,5
C108476,41,Female,0,Uneducated,Unknown,MI,73909,Yes,No,No,Email,Retired,98617.0,2
C108477,53,Male,1,High School,Divorced,FL,77013,Yes,No,Yes,Email,Salaried,166801.0,5
C108478,40,Male,1,Post-Graduate,Unknown,IL,33840,No,Yes,No,Email,Retired,86806.0,1
C108479,29,Female,3,High School,Single,MI,59617,No,Yes,Yes,Cellular,Self-employed,144362.0,5
C108480,51,Male,4,Graduate,Unknown,TX,19291,Yes,Yes,Yes,Cellular,Retired,58131.0,2
C108481,28,Female,5,High School,Unknown,NY,18294,No,No,Yes,Email,Salaried,88125.0,3
C108482,31,Male,1,Uneducated,Unknown,TX,76047,Yes,No,No,Telephone,Unemployed,121413.0,5
C108483,27,Female,1,College,Divorced,IL,81971,No,Yes,No,Telephone,Government,69337.0,4
C108484,41,Male,4,High School,Married,OH,21823,Yes,No,No,Cellular,Unemployed,160998.0,4
C108485,69,Male,1,High School,Married,NY,97954,No,No,Yes,Cellular,Student,98617.0,1
C108486,48,Female,0,Post-Graduate,Divorced,OH,36747,Yes,No,No,Cellular,Unemployed,141068.0,3
C108487,35,Female,1,Uneducated,Single,PA,15785,No,Yes,No,Email,Unemployed,93067.0,1
C108488,28,Female,0,College,Single,OH,80062,No,Yes,No,Telephone,Salaried,157028.0,1
C108489,32,Female,2,Graduate,Divorced,OH,40012,No,No,Yes,Telephone,Salaried,108461.0,2
C108490,25,Male,2,High School,Married,NC,32760,No,No,No,Cellular,Retired,37864.0,2
C108491,28,Female,0,College,Single,OH,83311,No,Yes,Yes,Cellular,Government,38526.0,2
C108492,57,Female,5,Graduate,Divorced,PA,99111,Yes,Yes,Yes,Cellular,Salaried,150944.0,4
C108493,34,Female,5,Uneducated,Married,MI,42634,Yes,Yes,No,Cellular,Unemployed,152695.0,5
C108494,24,Female,3,Uneducated,Single,GA,75998,No,Yes,No,Email,Government,64422.0,3
C108495,47,Female,0,College,Single,OH,86365,Yes,No,Yes,Telephone,Salaried,51746.0,2
C108496,35,Male,3,Graduate,Divorced,PA,66247,Yes,Yes,No,Email,Government,78651.0,3
C108497,40,Female,4,Uneducated,Married,FL,39988,No,Yes,Yes,Telephone,Salaried,135908.0,1
C108498,42,Female,4,College,Single,OH,80360,Yes,Yes,Yes,Email,Student,33237.0,5
C108499,62,Female,0,Uneducated,Divorced,GA,37505,Yes,Yes,Yes,Telephone,Self-employed,153873.0,4
C108500,69,Male,3,Uneducated,Single,GA,54402,Yes,Yes,No,Email,Self-employed,176466.0,3
C108501,56,Male,2,Uneducated,Married,FL,61522,Yes,No,Yes,Telephone,Unemployed,99546.0,5
C108502,50,Male,0,Post-Graduate,Unknown,MI,72073,No,No,Yes,Email,Businessman,29433.0,3
C108503,53,Female,0,Graduate,Single,NC,37329,Yes,No,No,Telephone,Self-employed,124479.0,1
C108504,48,Female,3,College,Married,TX,94427,Yes,Yes,Yes,Cellular,Unemployed,118360.0,2
C108505,58,Male,4,College,Single,NC,52320,Yes,Yes,Yes,Telephone,Government,146769.0,1
C108506,60,Male,5,Graduate,Unknown,TX,94635,Yes,No,No,Telephone,Government,169025.0,3
C108507,24,Female,2,Graduate,Unknown,OH,20256,No,Yes,Yes,Email,Retired,166286.0,4
C108508,34,Female,3,Graduate,Single,FL,20542,Yes,Yes,No,Cellular,Self-employed,172969.0,3
C108509,22,Female,3,Graduate,Divorced,IL,69080,No,Yes,No,Email,Retired,112963.0,4
C108510,57,Male,2,High School,Single,TX,39616,No,Yes,Yes,Telephone,Government,33126.0,4
C108511,67,Female,5,College,Married,NY,61219,No,Yes,No,Telephone,Student,29732.0,3
C108512,39,Female,5,High School,Divorced,GA,37226,No,Yes,Yes,Telephone,Government,60499.0,3
C108513,34,Male,0,Uneducated,Married,OH,52533,No,No,No,Telephone,Retired,121259.0,4
C108514,27,Male,0,Uneducated,Married,OH,97738,Yes,Yes,Yes,Email,Student,78467.0,3
C108515,29,Male,1,College,Divorced,GA,57413,Yes,No,No,Cellular,Student,149892.0,5
C108516,53,nan,2,Uneducated,Unknown,CA,24383,No,Yes,Yes,Telephone,Student,171909.0,4
C108517,44,Male,3,Graduate,Married,GA,22419,No,Yes,Yes,Email,Salaried,99203.0,4
C108518,62,Male,1,High School,Single,MI,12136,Yes,Yes,No,Email,Businessman,103798.0,3
C108519,63,Female,1,Graduate,Unknown,IL,22630,Yes,Yes,Yes,Email,Retired,107723.0,1
C108520,41,nan,1,Uneducated,Unknown,GA,22327,No,No,Yes,Email,Government,114333.0,5
C108521,64,Male,0,High School,Divorced,NC,89689,Yes,Yes,No,Email,Salaried,42053.0,3
C108522,21,Female,4,Graduate,Single,NY,48049,Yes,No,No,Telephone,Retired,136302.0,2
C108523,41,Male,1,College,Single,TX,54706,No,No,No,Telephone,Businessman,98800.0,5
C108524,60,Female,3,Graduate,Unknown,PA,72513,No,No,Yes,Cellular,Salaried,177325.0,2
C108525,44,Female,5,Uneducated,Married,NC,29761,No,No,Yes,Cellular,Government,144643.0,5
C108526,58,Male,0,High School,Married,MI,67738,No,Yes,Yes,Cellular,Retired,55384.0,4
C108527,64,Male,5,College,Single,MI,26736,No,No,No,Cellular,Student,58075.0,5
C108528,61,Male,4,High School,Unknown,GA,82514,Yes,Yes,Yes,Email,Salaried,167723.0,3
C108529,24,Female,4,College,Unknown,PA,81751,No,No,Yes,Email,Businessman,68319.0,2
C108530,26,Male,1,High School,Unknown,IL,43752,Yes,No,Yes,Email,Businessman,78656.0,1
C108531,23,Female,1,Uneducated,Divorced,TX,34311,No,No,No,Email,Businessman,92232.0,2
C108532,54,Female,0,College,Single,FL,70876,No,Yes,No,Email,Retired,125461.0,4
C108533,45,Male,1,Post-Graduate,Single,OH,19316,No,No,Yes,Email,Salaried,83288.0,4
C108534,47,Female,0,High School,Married,OH,85227,No,Yes,No,Email,Unemployed,81466.0,1
C108535,38,Female,4,High School,Married,TX,26897,No,No,No,Email,Unemployed,115953.0,5
C108536,25,Male,3,Graduate,Single,FL,14772,No,No,Yes,Cellular,Unemployed,124743.0,5
C108537,44,Female,3,College,Single,TX,77552,Yes,No,No,Telephone,Businessman,52822.0,4
C108538,52,Female,2,Post-Graduate,Married,NY,33515,No,Yes,No,Cellular,Self-employed,132847.0,1
C108539,41,Male,5,Uneducated,Single,PA,36143,No,Yes,No,Email,Retired,122368.0,4
C108540,64,Male,2,Graduate,Married,OH,39793,Yes,Yes,Yes,Email,Businessman,49850.0,2
C108541,54,Female,2,Post-Graduate,Single,FL,84350,Yes,No,No,Email,Businessman,121733.0,5
C108542,49,Female,3,College,Divorced,IL,31178,No,No,No,Telephone,Salaried,55975.0,2
C108543,25,Female,1,Post-Graduate,Divorced,GA,74000,Yes,No,Yes,Email,Unemployed,53805.0,2
C108544,48,Female,0,High School,Unknown,NC,76613,Yes,No,Yes,Email,Unemployed,153081.0,3
C108545,26,Male,3,High School,Single,OH,82153,No,Yes,Yes,Cellular,Government,114857.0,5
C108546,31,Female,2,Graduate,Married,MI,68983,No,No,Yes,Cellular,Salaried,158000.0,4
C108547,59,Female,2,College,Single,CA,24414,Yes,Yes,Yes,Email,Salaried,159266.0,4
C108548,68,Female,5,College,Single,TX,61448,No,Yes,No,Telephone,Self-employed,72035.0,2
C108549,28,Female,1,Post-Graduate,nan,IL,98837,Yes,Yes,Yes,Telephone,Government,110581.0,1
C108550,55,Male,2,Graduate,Married,TX,72260,Yes,No,No,Cellular,Salaried,170587.0,3
C108551,31,Female,2,College,Single,CA,92833,Yes,Yes,Yes,Cellular,Self-employed,156938.0,3
C108552,40,Male,0,High School,Married,NY,95638,Yes,Yes,No,Telephone,Salaried,152890.0,2
C108553,63,Male,1,Post-Graduate,Single,GA,69845,No,Yes,Yes,Cellular,Self-employed,45441.0,3
C108554,42,Male,4,Uneducated,Unknown,OH,68874,No,No,No,Email,Retired,116934.0,3
C108555,61,Male,4,High School,Married,MI,45197,No,Yes,Yes,Email,Student,138533.0,2
C108556,32,Male,2,Graduate,Single,TX,85612,No,Yes,No,Email,Businessman,81053.0,4
C108557,68,Female,2,College,Divorced,FL,13005,No,Yes,No,Email,Businessman,87900.0,2
C108558,25,Male,0,High School,Married,TX,74906,No,Yes,Yes,Cellular,Salaried,96739.0,2
C108559,54,Male,4,Uneducated,Unknown,FL,35457,No,Yes,No,Email,Unemployed,97175.0,5
C108560,62,Male,1,Uneducated,Divorced,GA,92237,No,Yes,No,Email,Self-employed,151485.0,4
C108561,54,Female,1,Graduate,Married,NC,96675,No,No,Yes,Email,Unemployed,100105.0,2
C108562,50,Male,3,High School,Married,OH,86718,No,Yes,No,Email,Student,35219.0,5
C108563,43,Female,5,Post-Graduate,Married,NC,54884,No,No,No,Telephone,Businessman,87590.0,3
C108564,56,Male,3,High School,Married,NC,23614,No,No,Yes,Email,Unemployed,86886.0,1
C108565,45,Male,1,Uneducated,Single,OH,82540,Yes,No,No,Cellular,Salaried,109203.0,4
C108566,68,Female,3,Graduate,Single,OH,24333,No,No,Yes,Email,Retired,82232.0,5
C108567,26,Female,5,Graduate,Married,GA,91788,No,Yes,No,Telephone,Unemployed,37883.0,4
C108568,62,Female,5,Post-Graduate,Unknown,MI,50771,No,No,No,Email,Unemployed,95909.0,5
C108569,49,Male,0,Graduate,Single,TX,72232,No,Yes,No,Cellular,Salaried,174146.0,3
C108570,41,Female,2,Graduate,Married,GA,50514,No,Yes,No,Cellular,Self-employed,56577.0,3
C108571,27,Female,1,Graduate,Married,CA,96546,Yes,Yes,Yes,Telephone,Government,177546.0,1
C108572,57,Female,4,Graduate,Unknown,PA,59905,Yes,No,Yes,Cellular,Retired,92697.0,3
C108573,65,Female,4,Graduate,Unknown,NY,81598,No,Yes,No,Cellular,Salaried,42990.0,3
C108574,61,Female,1,Uneducated,Unknown,OH,90702,No,Yes,No,Cellular,Student,30941.0,1
C108575,29,Male,3,High School,Divorced,TX,47606,No,No,Yes,Telephone,Student,61315.0,4
C108576,67,Female,3,College,Married,MI,77227,Yes,Yes,Yes,Telephone,Government,169407.0,3
C108577,56,Male,1,Graduate,Unknown,IL,30030,No,Yes,Yes,Telephone,Student,47037.0,4
C108578,21,Female,1,College,Married,MI,43126,No,Yes,No,Telephone,Self-employed,66156.0,1
C108579,51,Female,1,College,Single,NY,11358,Yes,No,No,Telephone,Salaried,71495.0,2
C108580,40,Male,0,Uneducated,Married,CA,76369,Yes,Yes,No,Telephone,Self-employed,82621.0,3
C108581,48,Male,4,Graduate,Married,IL,33860,No,Yes,Yes,Telephone,Unemployed,119091.0,4
C108582,66,Male,0,College,Divorced,NC,26385,No,Yes,No,Telephone,Government,88941.0,5
C108583,39,Male,5,Graduate,Single,NC,45368,Yes,Yes,Yes,Telephone,Government,59496.0,5
C108584,21,nan,0,Post-Graduate,Single,OH,59736,No,No,Yes,Email,Self-employed,154711.0,2
C108585,49,Male,2,Post-Graduate,Divorced,NC,83873,No,No,No,Telephone,Retired,54703.0,3
C108586,30,Female,0,Post-Graduate,Unknown,FL,33019,Yes,No,Yes,Email,Businessman,54459.0,3
C108587,56,Female,5,College,Unknown,TX,33020,No,Yes,No,Telephone,Government,55062.0,3
C108588,43,Female,4,Post-Graduate,Married,FL,61917,Yes,Yes,Yes,Telephone,Salaried,140298.0,5
C108589,38,Male,3,Uneducated,Divorced,OH,47699,No,Yes,No,Telephone,Retired,104613.0,2
C108590,49,Male,4,Uneducated,Unknown,GA,30259,No,No,No,Email,Government,153900.0,5
C108591,48,Male,1,College,Single,NY,78408,Yes,No,Yes,Email,Self-employed,146869.0,3
C108592,64,Female,5,Graduate,Divorced,IL,15006,Yes,Yes,Yes,Telephone,Self-employed,20958.0,2
C108593,27,Male,1,High School,Unknown,IL,21496,Yes,Yes,No,Telephone,Student,124485.0,5
C108594,51,Male,1,Graduate,Single,NC,84017,Yes,Yes,No,Email,Retired,129251.0,3
C108595,58,Female,0,Graduate,Divorced,TX,51880,Yes,No,Yes,Telephone,Businessman,147238.0,2
C108596,61,Male,5,Graduate,Married,PA,97749,Yes,Yes,No,Telephone,Self-employed,50040.0,2
C108597,22,Female,2,Graduate,Married,MI,10953,Yes,No,No,Email,Unemployed,160832.0,1
C108598,35,Male,3,High School,Single,IL,58258,Yes,No,Yes,Email,Student,21571.0,2
C108599,42,Male,0,Post-Graduate,Unknown,NY,42059,Yes,Yes,Yes,Email,Student,148537.0,1
C108600,65,Male,1,Graduate,Unknown,NY,40446,No,Yes,Yes,Telephone,Salaried,156307.0,3
C108601,31,Male,4,Uneducated,Divorced,FL,88621,No,Yes,No,Email,Student,130387.0,1
C108602,39,Male,1,College,Single,FL,38381,Yes,No,No,Telephone,Businessman,92044.0,3
C108603,26,Female,4,College,Unknown,OH,95988,No,Yes,Yes,Cellular,Salaried,48874.0,3
C108604,29,Male,3,Uneducated,Married,CA,92743,Yes,No,Yes,Cellular,Self-employed,67734.0,4
C108605,64,Male,1,Graduate,Single,PA,51822,Yes,No,Yes,Telephone,Retired,151153.0,1
C108606,49,Male,5,High School,Married,NC,28582,No,Yes,No,Telephone,Unemployed,161043.0,2
C108607,63,Male,5,Post-Graduate,Single,NY,67045,Yes,Yes,No,Email,Self-employed,179281.0,2
C108608,23,Male,3,College,Divorced,IL,18809,Yes,No,No,Telephone,Student,48499.0,3
C108609,65,Male,1,Post-Graduate,Unknown,MI,22505,Yes,No,Yes,Telephone,Government,165945.0,1
C108610,33,Male,1,High School,Unknown,MI,22168,Yes,Yes,Yes,Email,Businessman,61752.0,5
C108611,67,Female,4,College,Unknown,FL,35057,No,No,No,Telephone,Businessman,168234.0,2
C108612,67,Female,2,Post-Graduate,Married,FL,64800,Yes,Yes,Yes,Cellular,Student,147470.0,5
C108613,35,Male,5,High School,Unknown,GA,59320,No,Yes,Yes,Telephone,Businessman,115623.0,1
C108614,25,Female,4,Post-Graduate,Single,PA,97213,No,Yes,Yes,Email,Unemployed,98617.0,2
C108615,25,Male,0,Graduate,Married,OH,50627,Yes,Yes,No,Telephone,Salaried,114050.0,5
C108616,22,Female,3,High School,Divorced,NC,51994,No,No,Yes,Telephone,Student,92132.0,2
C108617,58,Male,3,Post-Graduate,Married,TX,24412,No,Yes,Yes,Telephone,Government,84531.0,4
C108618,50,Male,2,Graduate,Divorced,NY,29399,No,Yes,Yes,Cellular,Self-employed,79380.0,4
C108619,48,Female,1,Graduate,Married,TX,86973,No,No,Yes,Email,Businessman,84127.0,3
C108620,59,Male,3,High School,Unknown,GA,12901,Yes,No,No,Cellular,Retired,76212.0,1
C108621,52,Female,2,Uneducated,Divorced,NC,42744,Yes,Yes,No,Cellular,Self-employed,114660.0,2
C108622,40,Male,0,College,Unknown,MI,40264,Yes,Yes,No,Email,Government,113765.0,5
C108623,40,Male,3,High School,Married,IL,96998,No,No,No,Email,Government,68316.0,2
C108624,49,Male,0,Graduate,Divorced,GA,62948,No,No,Yes,Cellular,Salaried,56218.0,2
C108625,55,Male,5,Graduate,Single,OH,91933,Yes,Yes,No,Cellular,Government,145045.0,5
C108626,52,Female,4,High School,Single,NC,16208,No,No,Yes,Telephone,Government,162787.0,5
C108627,37,Male,3,Uneducated,Married,FL,55784,No,No,Yes,Email,Businessman,57356.0,4
C108628,28,Female,3,College,Divorced,MI,91716,Yes,No,Yes,Cellular,Self-employed,81229.0,3
C108629,41,Female,1,Post-Graduate,Single,TX,54658,No,No,Yes,Telephone,Retired,99766.0,5
C108630,43,Male,0,High School,Unknown,NC,48425,No,Yes,No,Cellular,Businessman,149531.0,2
C108631,47,Male,4,College,Unknown,GA,38171,Yes,Yes,No,Cellular,Businessman,141817.0,4
C108632,26,Female,2,College,Married,OH,73383,Yes,Yes,Yes,Email,Unemployed,41206.0,1
C108633,28,Female,4,Graduate,Unknown,CA,28010,Yes,Yes,No,Cellular,Student,47272.0,4
C108634,55,Male,3,Post-Graduate,Unknown,NY,17665,Yes,No,No,Email,Retired,104234.0,4
C108635,25,Female,5,High School,Unknown,NC,79034,Yes,No,Yes,Cellular,Student,97529.0,4
C108636,53,Female,0,Graduate,Single,IL,43848,Yes,No,No,Telephone,Salaried,30096.0,2
C108637,21,Female,3,Graduate,Divorced,CA,78385,Yes,No,Yes,Email,Retired,19228.0,5
C108638,44,Male,2,Uneducated,Married,NC,92530,No,Yes,Yes,Email,Salaried,163062.0,3
C108639,52,Female,2,College,Divorced,CA,63095,Yes,Yes,Yes,Telephone,Government,38465.0,1
C108640,53,Female,3,High School,Divorced,GA,66861,No,No,No,Email,Salaried,57207.0,3
C108641,58,Female,5,High School,Divorced,IL,40174,Yes,Yes,Yes,Telephone,Unemployed,51413.0,2
C108642,22,Female,3,High School,Single,PA,53885,No,Yes,Yes,Email,Salaried,93932.0,3
C108643,64,Male,3,Graduate,Unknown,CA,77547,No,No,Yes,Email,Government,72961.0,3
C108644,37,Male,0,Uneducated,Married,NY,29365,No,Yes,No,Email,Self-employed,70203.0,1
C108645,30,Female,1,Post-Graduate,Divorced,OH,19717,No,Yes,Yes,Email,Unemployed,140119.0,4
C108646,57,Female,2,Graduate,Unknown,NY,25306,No,No,Yes,Cellular,Government,155729.0,5
C108647,57,Female,0,Post-Graduate,Single,IL,78002,Yes,No,Yes,Cellular,Government,153427.0,5
C108648,22,Male,2,Uneducated,Divorced,NC,65308,Yes,No,Yes,Cellular,Self-employed,67110.0,3
C108649,32,Male,3,College,Unknown,IL,26733,Yes,Yes,No,Email,Government,52452.0,1
C108650,57,Female,2,High School,Single,TX,18743,No,No,Yes,Cellular,Student,50487.0,5
C108651,50,Female,5,Post-Graduate,Unknown,PA,10029,No,No,No,Email,Salaried,25069.0,5
C108652,35,Male,5,Graduate,Married,OH,38354,No,Yes,Yes,Email,Government,155888.0,5
C108653,43,Female,5,Post-Graduate,Unknown,MI,55658,Yes,Yes,No,Telephone,Businessman,168021.0,3
C108654,38,Female,4,College,Unknown,MI,39165,No,No,Yes,Telephone,Salaried,32790.0,2
C108655,51,Male,2,High School,Married,GA,53888,No,Yes,No,Telephone,Unemployed,165741.0,3
C108656,58,Male,5,Post-Graduate,Married,TX,43523,Yes,Yes,No,Email,nan,99720.0,3
C108657,49,Male,4,College,Unknown,FL,68594,Yes,No,Yes,Telephone,Student,53847.0,2
C108658,34,Male,0,Graduate,Married,MI,17902,Yes,No,Yes,Telephone,Unemployed,163296.0,5
C108659,63,Male,0,Uneducated,Unknown,FL,21596,No,Yes,Yes,Email,Unemployed,101306.0,3
C108660,60,Female,5,Graduate,Divorced,NY,75044,No,No,No,Email,Government,142575.0,4
C108661,43,Male,4,High School,Unknown,OH,22217,Yes,Yes,No,Cellular,Self-employed,43903.0,5
C108662,45,Male,2,Graduate,Single,FL,39537,No,Yes,No,Email,Businessman,160856.0,5
C108663,61,Male,5,Graduate,Married,FL,28185,No,Yes,No,Cellular,Government,76626.0,5
C108664,58,Male,0,Graduate,Divorced,GA,96530,No,Yes,Yes,Email,Self-employed,55675.0,3
C108665,48,Male,2,Graduate,Married,PA,72620,No,No,No,Telephone,Student,145793.0,1
C108666,55,Male,1,High School,Married,PA,82226,Yes,Yes,Yes,Email,Salaried,42879.0,1
C108667,50,Male,5,College,Married,NC,88542,No,No,No,Cellular,Unemployed,21081.0,2
C108668,47,Male,1,Post-Graduate,Single,FL,28769,No,Yes,Yes,Email,Student,149104.0,1
C108669,28,Female,5,nan,Single,NC,75976,Yes,Yes,No,Email,Government,156741.0,5
C108670,68,Female,4,Post-Graduate,Unknown,CA,21605,No,No,No,Telephone,Self-employed,83113.0,4
C108671,39,Male,4,Post-Graduate,Single,NC,80740,No,No,Yes,Email,Unemployed,145295.0,4
C108672,21,Male,2,Uneducated,Married,CA,99279,Yes,Yes,No,Telephone,Government,55375.0,5
C108673,65,Female,1,High School,Divorced,OH,92221,YES,Yes,No,Cellular,Student,90113.0,3
C108674,64,Female,1,Uneducated,Divorced,PA,93283,Yes,No,No,Email,Businessman,159930.0,3
C108675,40,Female,4,High School,Divorced,OH,45287,No,No,Yes,Cellular,Student,149483.0,5
C108676,50,Male,3,Post-Graduate,Married,NC,20531,No,No,No,Email,Government,31412.0,5
C108677,49,Female,2,High School,Single,MI,14581,No,Yes,yes,Telephone,Self-employed,116266.0,2
C108678,28,Male,2,College,Divorced,FL,55930,Yes,No,No,Email,Government,164243.0,3
C108679,34,Male,0,Uneducated,Married,NC,92596,No,Yes,No,Telephone,Salaried,97202.0,1
C108680,58,Female,4,College,Married,TX,17898,No,No,Yes,Cellular,Salaried,92506.0,1
C108681,23,Male,0,Post-Graduate,Divorced,MI,67991,Yes,No,Yes,Cellular,Self-employed,74824.0,3
C108682,23,Male,3,Uneducated,Divorced,NC,71061,No,No,Yes,Telephone,Unemployed,49092.0,4
C108683,34,Female,0,Post-Graduate,Unknown,CA,90599,No,Yes,No,Email,Student,157950.0,5
C108684,41,nan,3,College,Unknown,IL,20212,No,No,Yes,Telephone,Government,178614.0,2
C108685,55,Male,0,Post-Graduate,Married,MI,16991,Yes,No,No,Telephone,Retired,73415.0,2
C108686,64,Female,4,Uneducated,Unknown,IL,35681,Yes,Yes,No,Telephone,Retired,89586.0,2
C108687,64,Male,3,Uneducated,Unknown,CA,34176,Yes,No,Yes,Telephone,Salaried,55328.0,1
C108688,69,Female,2,Post-Graduate,Divorced,CA,91019,No,Yes,No,Cellular,Businessman,149888.0,4
C108689,63,Female,4,Uneducated,Unknown,TX,23212,Yes,Yes,No,Telephone,Salaried,98753.0,4
C108690,61,Female,4,Uneducated,Married,NC,94861,No,Yes,No,Telephone,Student,73031.0,2
C108691,47,Female,5,Post-Graduate,Divorced,OH,37359,Yes,No,No,Cellular,Self-employed,26357.0,5
C108692,48,Male,1,College,Unknown,PA,34192,Yes,No,Yes,Cellular,Businessman,165908.0,5
C108693,48,Female,2,Uneducated,Unknown,NC,79966,No,Yes,No,Cellular,Government,134558.0,5
C108694,25,Male,0,Uneducated,Unknown,FL,94042,Yes,Yes,No,Email,Government,109709.0,2
C108695,63,Male,4,Uneducated,Single,FL,50386,Yes,Yes,Yes,Email,Unemployed,136881.0,5
C108696,59,Female,0,Uneducated,Unknown,TX,35313,No,No,Yes,Cellular,Retired,168898.0,3
C108697,30,Female,4,Post-Graduate,Unknown,IL,79718,No,Yes,No,Telephone,Unemployed,148558.0,2
C108698,29,Female,2,College,Married,IL,96850,No,Yes,Yes,Telephone,Unemployed,58724.0,4
C108699,40,Female,4,College,Unknown,MI,19920,No,No,Yes,Cellular,Self-employed,129298.0,1
C108700,49,Female,0,High School,Single,OH,88599,No,No,No,Cellular,Businessman,93933.0,3
C108701,67,Male,0,Uneducated,Divorced,OH,61700,No,No,Yes,Email,Businessman,91597.0,1
C108702,49,Female,2,Uneducated,Unknown,PA,36537,No,Yes,No,Cellular,Businessman,101983.0,3
C108703,48,Male,0,High School,Unknown,FL,50365,No,Yes,No,Email,Self-employed,176341.0,2
C108704,31,Male,3,College,Married,OH,79150,Yes,Yes,No,Cellular,Self-employed,108082.0,4
C108705,41,Male,4,Graduate,Unknown,NY,95926,No,No,Yes,Telephone,Government,58089.0,3
C108706,55,Male,3,Graduate,Unknown,NC,14263,Yes,Yes,No,Cellular,Unemployed,171067.0,2
C108707,43,Female,1,College,Unknown,OH,44451,No,No,No,Telephone,Salaried,110857.0,4
C108708,49,Female,1,Uneducated,Unknown,NY,55487,No,No,No,Cellular,Student,90531.0,1
C108709,35,Male,5,Graduate,Divorced,MI,71478,Yes,Yes,Yes,Email,Government,170301.0,3
C108710,37,Male,5,Post-Graduate,Married,NY,40309,Yes,No,Yes,Cellular,Retired,63386.0,2
C108711,44,Female,4,Post-Graduate,Divorced,PA,23258,Yes,Yes,No,Telephone,Retired,88547.0,3
C108712,55,Male,0,High School,Single,OH,84319,No,No,No,Telephone,Retired,100726.0,5
C108713,40,Female,2,College,Unknown,NC,78549,No,Yes,Yes,Telephone,Unemployed,89939.0,3
C108714,56,Male,1,College,Single,FL,70146,No,No,No,Cellular,Businessman,122621.0,4
C108715,31,Female,0,Graduate,Divorced,GA,44283,No,No,Yes,Email,Salaried,44921.0,5
C108716,50,Male,5,Uneducated,Single,MI,38515,Yes,Yes,No,Email,Student,72557.0,4
C108717,59,Male,2,College,Unknown,NY,27156,No,No,Yes,Email,Businessman,86515.0,1
C108718,40,Male,4,Graduate,Single,PA,75409,Yes,No,No,Telephone,Self-employed,31164.0,5
C108719,42,Female,0,Graduate,Divorced,FL,82145,No,No,No,Telephone,Salaried,53605.0,5
C108720,44,Female,3,College,Unknown,GA,64869,No,No,Yes,Email,Self-employed,115959.0,4
C108721,34,Female,4,Graduate,Married,NC,36006,Yes,No,Yes,Email,Student,155092.0,2
C108722,56,Male,1,High School,Divorced,NY,21452,No,No,Yes,Cellular,Retired,168315.0,3
C108723,33,Male,4,High School,Unknown,OH,45876,Yes,No,No,Cellular,Student,146246.0,1
C108724,21,Male,4,College,Married,OH,98934,No,No,Yes,Cellular,Businessman,143060.0,1
C108725,47,Male,2,Uneducated,Single,GA,95897,No,No,Yes,Email,Self-employed,116034.0,2
C108726,33,Male,1,High School,Single,IL,78974,No,Yes,Yes,Email,Government,109469.0,4
C108727,55,Male,5,High School,Single,TX,24839,No,No,Yes,Email,Retired,46362.0,1
C108728,28,Female,2,College,Unknown,CA,88701,No,No,Yes,Telephone,Unemployed,64579.0,3
C108729,38,Female,4,Post-Graduate,Single,FL,49886,Yes,Yes,Yes,Email,Government,75119.0,2
C108730,54,Female,0,Graduate,Single,TX,51050,No,No,No,Cellular,Self-employed,48044.0,5
C108731,26,Male,3,High School,Married,NY,36244,No,No,Yes,Cellular,Student,177116.0,3
C108732,47,Female,3,Post-Graduate,Married,PA,45123,No,Yes,Yes,Telephone,Retired,37833.0,4
C108733,38,Male,2,Uneducated,Married,OH,32439,No,No,Yes,Cellular,Salaried,133163.0,4
C108734,29,Male,0,Post-Graduate,Unknown,MI,18298,Yes,Yes,No,Cellular,Retired,154414.0,2
C108735,35,Female,3,College,Divorced,OH,67012,No,Yes,Yes,Telephone,Self-employed,135526.0,5
C108736,43,Male,0,Uneducated,Single,GA,94171,Yes,No,No,Cellular,Unemployed,19893.0,5
C108737,23,Male,5,Uneducated,Single,NY,31815,Yes,Yes,Yes,Telephone,Unemployed,146039.0,2
C108738,29,Male,5,Post-Graduate,Unknown,MI,28028,Yes,Yes,No,Cellular,Businessman,79744.0,2
C108739,42,Male,2,College,Single,PA,64303,Yes,No,Yes,Telephone,Government,41036.0,2
C108740,43,Male,1,High School,Unknown,PA,53912,Yes,No,No,Telephone,Unemployed,135221.0,5
C108741,40,Male,0,Post-Graduate,Unknown,MI,22144,No,Yes,No,Email,Retired,81686.0,4
C108742,27,Female,0,High School,Unknown,CA,89503,Yes,No,Yes,Telephone,Businessman,29615.0,4
C108743,37,Male,1,Post-Graduate,Divorced,NY,58193,Yes,Yes,No,Cellular,Salaried,77413.0,3
C108744,23,Male,4,High School,Unknown,NC,72191,Yes,Yes,Yes,Email,Government,23351.0,4
C108745,27,Female,4,Post-Graduate,Divorced,GA,59930,Yes,No,No,Email,Government,30483.0,2
C108746,33,Female,4,Uneducated,Divorced,FL,20840,Yes,Yes,No,Email,Unemployed,121038.0,3
C108747,61,Female,2,Graduate,Single,PA,90207,Yes,No,No,Telephone,Government,23840.0,1
C108748,61,Male,4,Uneducated,Married,NY,67201,No,No,No,Telephone,Retired,179506.0,5
C108749,43,Female,2,High School,Divorced,IL,29632,No,No,Yes,Email,Businessman,46029.0,3
C108750,57,Female,1,College,Divorced,NY,92390,Yes,No,Yes,Telephone,Unemployed,40230.0,1
C108751,24,Male,0,Uneducated,Married,IL,47912,Yes,Yes,Yes,Cellular,Student,129324.0,2
C108752,29,Male,3,Graduate,Divorced,OH,15066,Yes,No,No,Cellular,Unemployed,38920.0,4
C108753,26,Female,3,High School,Married,OH,52647,Yes,No,No,Cellular,Businessman,44049.0,4
C108754,62,Male,2,Uneducated,Single,NC,19541,Yes,No,Yes,Telephone,Student,160701.0,3
C108755,38,Female,2,Post-Graduate,Unknown,TX,86577,No,Yes,Yes,Cellular,Retired,127819.0,1
C108756,55,Female,5,College,Married,FL,48948,No,No,Yes,Cellular,Self-employed,148757.0,4
C108757,43,Male,0,High School,Unknown,NC,94200,No,Yes,No,Telephone,Government,166214.0,2
C108758,51,Male,1,Uneducated,Married,GA,76882,No,Yes,No,Telephone,Unemployed,87697.0,1
C108759,40,Female,0,High School,Unknown,OH,94908,No,Yes,Yes,Cellular,Unemployed,60379.0,1
C108760,27,Male,5,Post-Graduate,Single,GA,86991,No,Yes,Yes,Email,Businessman,46036.0,4
C108761,32,Male,2,Graduate,Divorced,NC,11197,Yes,No,Yes,Email,Salaried,172601.0,3
C108762,57,Male,0,Uneducated,Single,FL,73461,Yes,No,No,Telephone,Salaried,77982.0,3
C108763,69,Male,2,High School,Divorced,IL,40329,No,Yes,No,Telephone,Unemployed,153689.0,3
C108764,24,Male,3,High School,Unknown,NC,71304,Yes,Yes,Yes,Telephone,Unemployed,112960.0,4
C108765,32,Male,0,High School,Unknown,OH,32194,No,No,Yes,Email,Student,83414.0,5
C108766,35,Male,1,Graduate,Divorced,FL,52819,No,Yes,No,Cellular,Student,120485.0,2
C108767,22,Female,3,High School,Married,PA,53863,No,No,Yes,Email,Government,40531.0,2
C108768,67,Male,1,College,Single,CA,41461,Yes,Yes,Yes,Telephone,Student,75921.0,3
C108769,31,Female,1,College,Married,CA,20369,Yes,No,Yes,Email,Salaried,61192.0,3
C108770,53,Male,2,High School,Unknown,NC,75266,No,Yes,No,Telephone,Businessman,125289.0,2
C108771,34,Female,1,College,Single,GA,13911,Yes,Yes,Yes,Cellular,Businessman,22629.0,4
C108772,47,Male,5,Uneducated,Single,CA,92936,No,Yes,No,Telephone,Student,142868.0,1
C108773,24,Female,4,College,Married,NY,57043,Yes,No,Yes,Cellular,Unemployed,62022.0,2
C108774,58,Male,1,High School,Divorced,FL,95075,Yes,Yes,No,Cellular,Student,35981.0,2
C108775,60,Female,0,Post-Graduate,Divorced,CA,31342,No,No,No,Email,Unemployed,101624.0,1
C108776,40,Male,5,Uneducated,Single,NY,84889,No,No,Yes,Telephone,Retired,18021.0,1
C108777,22,Male,2,Graduate,Divorced,IL,25971,No,No,No,Email,Salaried,66666.0,5
C108778,24,Female,2,High School,Unknown,GA,26547,No,No,No,Telephone,Self-employed,146641.0,2
C108779,69,Female,5,Graduate,Married,PA,40861,Yes,Yes,Yes,Telephone,Unemployed,37220.0,1
C108780,44,Male,4,nan,Married,PA,31146,No,Yes,Yes,Telephone,Businessman,34405.0,2
C108781,29,Female,2,Graduate,Married,FL,47043,Yes,No,No,Email,Student,19928.0,1
C108782,39,Female,2,High School,Single,NY,45993,No,Yes,Yes,Email,Retired,107758.0,3
C108783,28,Male,3,High School,Single,TX,83511,Yes,Yes,Yes,Telephone,Retired,161020.0,3
C108784,61,Female,3,Post-Graduate,Divorced,PA,22747,No,No,Yes,Email,Retired,76880.0,3
C108785,48,Male,3,High School,Married,PA,81134,No,No,Yes,Telephone,Retired,130797.0,2
C108786,33,Female,4,Post-Graduate,Unknown,IL,41285,No,Yes,Yes,Email,Government,144029.0,2
C108787,28,Male,5,Post-Graduate,Unknown,PA,97614,Yes,Yes,Yes,Email,Student,138353.0,2
C108788,34,Female,2,High School,Married,PA,24441,Yes,Yes,Yes,Cellular,Student,147688.0,4
C108789,30,Male,2,College,Single,CA,55023,No,Yes,No,Email,Retired,41584.0,3
C108790,40,Male,2,Post-Graduate,Single,PA,76760,Yes,No,Yes,Telephone,Businessman,39588.0,1
C108791,21,Female,1,High School,Single,IL,94283,No,No,Yes,Email,Student,147247.0,5
C108792,32,Female,2,College,Unknown,GA,71846,Yes,No,Yes,Email,Unemployed,95327.0,4
C108793,55,Male,2,Post-Graduate,Married,NC,84406,No,Yes,Yes,Telephone,Government,89322.0,2
C108794,40,Male,5,College,Unknown,PA,16872,No,No,Yes,Email,Unemployed,91113.0,3
C108795,32,Female,0,Uneducated,Married,MI,53295,Yes,Yes,Yes,Cellular,Government,89698.0,4
C108796,32,Female,0,Uneducated,Unknown,FL,66113,Yes,No,No,Cellular,Retired,82457.0,3
C108797,59,Female,2,College,Unknown,TX,30404,Yes,Yes,Yes,Cellular,Government,108337.0,1
C108798,49,Female,1,Post-Graduate,Divorced,MI,29313,No,Yes,No,Cellular,Salaried,71853.0,5
C108799,23,Female,1,High School,Unknown,CA,75902,Yes,No,No,Telephone,Government,92893.0,4
C108800,27,Female,4,Graduate,Married,OH,39913,Yes,No,No,Telephone,Retired,39334.0,5
C108801,43,Male,4,High School,Unknown,IL,44784,Yes,Yes,No,Cellular,Retired,88000.0,4
C108802,33,Female,5,Graduate,Divorced,FL,28173,Yes,Yes,Yes,Telephone,Retired,85206.0,3
C108803,31,Female,2,Graduate,Divorced,NC,37354,Yes,No,Yes,Email,Businessman,34601.0,2
C108804,45,Female,3,Post-Graduate,Married,OH,47988,No,Yes,Yes,Email,Self-employed,175743.0,3
C108805,40,Female,1,College,Divorced,MI,39207,No,Yes,No,Email,Unemployed,169149.0,2
C108806,69,Male,3,High School,Divorced,GA,74494,Yes,Yes,Yes,Cellular,Unemployed,119462.0,2
C108807,67,Male,4,College,Single,FL,90155,No,No,No,Cellular,Student,99609.0,2
C108808,47,Male,1,Uneducated,Married,MI,46853,Yes,Yes,No,Telephone,Student,71486.0,3
C108809,26,Male,3,Post-Graduate,Divorced,MI,40851,Yes,Yes,Yes,Telephone,Student,20329.0,3
C108810,26,Female,2,Post-Graduate,Divorced,GA,75640,No,Yes,No,Telephone,Government,152901.0,5
C108811,59,Male,3,Uneducated,Divorced,FL,17707,No,No,Yes,Cellular,Government,48656.0,4
C108812,61,Female,4,High School,Married,CA,45518,No,No,No,Telephone,Government,62648.0,2
C108813,29,Female,1,Uneducated,Single,GA,41502,No,No,No,Email,Self-employed,160724.0,1
C108814,41,Male,1,High School,Unknown,CA,97772,No,Yes,Yes,Email,Self-employed,61844.0,1
C108815,38,Male,1,Graduate,Single,TX,94652,No,Yes,No,Email,Self-employed,24286.0,2
C108816,21,Female,2,Post-Graduate,Married,OH,54008,No,Yes,Yes,Cellular,Self-employed,98473.0,4
C108817,32,Male,1,High School,Married,TX,65499,Yes,Yes,Yes,Telephone,Self-employed,29299.0,3
C108818,21,Male,3,College,Married,GA,57156,Yes,Yes,Yes,Telephone,Student,79430.0,5
C108819,48,Female,0,College,Unknown,IL,22756,Yes,Yes,No,Cellular,Student,19881.0,1
C108820,44,Female,5,Post-Graduate,Married,TX,21682,No,No,Yes,Cellular,Self-employed,126273.0,4
C108821,39,Female,5,Uneducated,Single,IL,73485,Yes,Yes,Yes,Email,Student,62316.0,3
C108822,34,Female,0,Uneducated,Divorced,IL,43683,Yes,No,Yes,Cellular,Self-employed,78326.0,2
C108823,34,Female,5,High School,Divorced,GA,48905,Yes,Yes,Yes,Email,Self-employed,26893.0,3
C108824,46,Male,2,Uneducated,Married,NC,29948,Yes,Yes,No,Email,Self-employed,34320.0,3
C108825,36,Female,3,Post-Graduate,Married,PA,31697,No,No,Yes,Telephone,Student,61821.0,3
C108826,44,Female,5,High School,Unknown,MI,36757,Yes,No,Yes,Email,Salaried,110518.0,5
C108827,52,Female,2,Graduate,Divorced,TX,83913,Yes,Yes,Yes,Telephone,Salaried,46882.0,1
C108828,26,Male,0,Uneducated,Unknown,NY,93094,Yes,Yes,Yes,Email,Retired,171588.0,1
C108829,69,Female,5,Uneducated,Unknown,TX,65554,Yes,Yes,Yes,Telephone,Retired,116814.0,5
C108830,65,Female,1,High School,Unknown,NC,17625,Yes,No,No,Cellular,Salaried,82075.0,4
C108831,50,Male,0,College,Unknown,OH,86524,No,Yes,Yes,Telephone,Businessman,64313.0,3
C108832,43,nan,0,Uneducated,Single,NC,76951,Yes,Yes,No,Cellular,Unemployed,127957.0,2
C108833,39,Female,0,Post-Graduate,Married,PA,43045,Yes,No,Yes,Telephone,Salaried,124102.0,5
C108834,45,Female,2,Uneducated,Married,GA,87371,Yes,No,No,Cellular,Salaried,59442.0,3
C108835,45,Male,4,Graduate,Unknown,MI,38425,Yes,Yes,Yes,Cellular,Salaried,78992.0,3
C108836,22,Male,2,Uneducated,Unknown,NC,38792,Yes,Yes,No,Cellular,Government,178507.0,1
C108837,30,Female,4,College,Single,TX,88409,Yes,No,No,Email,Self-employed,139990.0,5
C108838,61,Female,2,Uneducated,Unknown,OH,10251,No,Yes,Yes,Cellular,Retired,89803.0,2
C108839,47,Female,5,High School,Single,NC,56476,Yes,No,No,Telephone,Student,124807.0,5
C108840,64,Male,5,Uneducated,Single,NY,23804,Yes,No,Yes,Cellular,Unemployed,105168.0,2
C108841,28,Male,5,College,Unknown,OH,23924,No,Yes,Yes,Cellular,Unemployed,35561.0,3
C108842,61,nan,0,High School,Married,IL,54617,No,No,No,Telephone,Unemployed,37740.0,2
C108843,63,Male,1,Post-Graduate,Single,GA,49050,Yes,No,No,Cellular,Government,43636.0,3
C108844,53,Male,3,High School,Married,FL,55681,Yes,Yes,No,Telephone,Self-employed,170260.0,2
C108845,63,Male,4,Graduate,Married,CA,57690,No,No,Yes,Cellular,Salaried,126509.0,1
C108846,39,Female,2,High School,Single,MI,16720,Yes,No,No,Telephone,Salaried,133398.0,5
C108847,50,Male,5,Post-Graduate,Divorced,GA,40001,No,Yes,No,Telephone,Government,178501.0,1
C108848,54,Female,1,Uneducated,Single,PA,44288,Yes,Yes,No,Cellular,Student,139458.0,4
C108849,34,Male,3,High School,Divorced,GA,55668,Yes,No,Yes,Cellular,Government,34851.0,5
C108850,56,Female,1,High School,Single,TX,70571,Yes,Yes,Yes,Cellular,Government,36267.0,5
C108851,40,Male,5,High School,Single,GA,46361,No,No,No,Cellular,Retired,171776.0,2
C108852,43,Female,4,High School,Married,GA,88650,No,No,No,Cellular,Self-employed,95500.0,3
C108853,35,Male,4,Post-Graduate,Married,CA,92684,No,No,No,Cellular,Businessman,148189.0,2
C108854,22,Female,3,College,Unknown,FL,80686,No,Yes,Yes,Email,Retired,148711.0,5
C108855,44,Male,3,College,Married,OH,18142,Yes,No,No,Cellular,Unemployed,102530.0,1
C108856,44,Male,5,High School,Married,CA,68669,Yes,No,No,Email,Student,134766.0,3
C108857,51,Male,5,Post-Graduate,Married,TX,10925,No,Yes,Yes,Email,Student,148138.0,2
C108858,36,Female,4,Post-Graduate,Married,TX,77292,No,Yes,Yes,Email,Government,71418.0,1
C108859,24,Female,4,High School,Unknown,PA,83503,No,Yes,No,Cellular,Government,33612.0,2
C108860,54,Female,0,Graduate,Married,IL,89569,No,Yes,No,Telephone,Salaried,155906.0,5
C108861,35,Male,3,High School,Divorced,OH,47504,Yes,No,Yes,Telephone,Government,151647.0,2
C108862,39,Male,3,Graduate,Divorced,TX,82758,No,Yes,No,Telephone,Self-employed,155948.0,1
C108863,39,Female,4,High School,Unknown,CA,68959,Yes,Yes,Yes,Cellular,Salaried,86012.0,1
C108864,68,Male,2,Graduate,Married,TX,91711,No,No,No,Telephone,Businessman,95510.0,1
C108865,64,Male,0,Graduate,Divorced,GA,42928,Yes,No,No,Telephone,Self-employed,32863.0,2
C108866,55,Male,2,High School,Single,IL,92315,No,Yes,No,Cellular,Student,68403.0,5
C108867,40,Male,4,Graduate,Divorced,TX,96860,Yes,Yes,Yes,Cellular,Student,179182.0,4
C108868,67,Female,0,Uneducated,Married,GA,61059,Yes,Yes,No,Email,Self-employed,19357.0,4
C108869,59,Male,0,College,Divorced,PA,28803,Yes,Yes,Yes,Cellular,Retired,165193.0,4
C108870,61,Male,4,Post-Graduate,Single,TX,39863,Yes,No,No,Telephone,Government,121402.0,3
C108871,49,Female,5,Graduate,Divorced,IL,19972,Yes,Yes,Yes,Cellular,Government,94631.0,5
C108872,35,Female,1,Graduate,Married,CA,67033,Yes,No,No,Cellular,Government,167413.0,5
C108873,40,Male,1,Post-Graduate,Single,PA,50730,Yes,No,Yes,Telephone,Student,34054.0,3
C108874,52,Male,3,Graduate,Unknown,NC,18516,Yes,Yes,Yes,Telephone,Self-employed,64545.0,4
C108875,33,Male,4,Post-Graduate,Single,OH,34077,Yes,No,No,Cellular,Government,72589.0,4
C108876,27,Male,5,High School,Divorced,GA,47149,No,Yes,Yes,Cellular,Retired,91269.0,3
C108877,36,Female,4,Uneducated,Unknown,PA,57343,No,Yes,No,Cellular,Salaried,77233.0,1
C108878,30,Female,5,Uneducated,Single,IL,45401,Yes,Yes,No,Telephone,Student,96205.0,5
C108879,22,Female,2,College,Single,PA,55738,No,Yes,No,Email,Unemployed,68878.0,4
C108880,58,Male,4,Graduate,Single,OH,37070,No,No,Yes,Cellular,Retired,104887.0,4
C108881,38,nan,1,College,Married,NC,50680,Yes,Yes,No,Cellular,Self-employed,109767.0,3
C108882,54,Female,5,High School,Unknown,GA,89047,Yes,No,No,Cellular,Retired,80140.0,2
C108883,41,Male,4,Uneducated,Unknown,IL,31703,No,Yes,No,Email,Self-employed,43786.0,5
C108884,41,Female,2,High School,Single,OH,96037,Yes,No,Yes,Cellular,Self-employed,111359.0,5
C108885,21,Female,3,High School,Unknown,GA,81154,Yes,No,No,Email,Self-employed,69728.0,5
C108886,35,Female,5,Graduate,Divorced,CA,82365,Yes,Yes,No,Cellular,Businessman,76163.0,1
C108887,30,Female,0,High School,Divorced,GA,58539,No,Yes,No,Telephone,Salaried,131862.0,2
C108888,55,Female,5,Uneducated,Single,OH,95189,No,No,No,Email,Retired,90260.0,5
C108889,45,Female,3,College,Divorced,NY,78424,No,No,Yes,Telephone,Businessman,65822.0,1
C108890,52,Female,2,Uneducated,Single,NY,71711,Yes,No,No,Cellular,Retired,105489.0,1
C108891,51,Male,4,Graduate,Divorced,PA,59741,Yes,Yes,No,Telephone,Government,20744.0,1
C108892,30,Female,1,Uneducated,Single,TX,75196,Yes,Yes,No,Email,Retired,37342.0,5
C108893,23,Female,5,Post-Graduate,Single,CA,39051,Yes,Yes,Yes,Cellular,Businessman,122306.0,5
C108894,42,Male,4,College,Unknown,GA,92863,Yes,Yes,No,Telephone,Businessman,157905.0,3
C108895,58,Female,5,Post-Graduate,Unknown,OH,19760,No,No,No,Email,Student,177960.0,3
C108896,22,Male,0,Post-Graduate,Single,FL,95028,Yes,No,No,Email,Self-employed,18794.0,2
C108897,43,Female,1,Graduate,Unknown,CA,11713,No,No,No,Email,Businessman,65155.0,3
C108898,61,Male,3,High School,Unknown,NY,58565,Yes,No,No,Telephone,Self-employed,110788.0,5
C108899,60,Male,5,Post-Graduate,Married,NC,59559,No,No,No,Email,Salaried,90564.0,3
C108900,44,Male,2,Uneducated,Divorced,FL,99234,Yes,Yes,Yes,Cellular,Businessman,153785.0,2
C108901,52,Female,3,High School,Unknown,TX,73884,Yes,Yes,Yes,Cellular,Student,53823.0,5
C108902,53,Male,0,Uneducated,Single,GA,35431,Yes,No,No,Email,Student,108269.0,4
C108903,69,Female,5,Uneducated,Married,FL,33934,Yes,Yes,Yes,Email,Government,98617.0,4
C108904,47,Female,0,High School,Married,OH,97170,No,Yes,Yes,Cellular,Businessman,122521.0,4
C108905,33,Female,4,High School,Unknown,IL,70652,Yes,Yes,Yes,Cellular,Salaried,124462.0,2
C108906,57,Female,4,Uneducated,Single,IL,84143,No,Yes,No,Email,Self-employed,175516.0,2
C108907,59,Female,5,Graduate,Single,PA,82112,No,Yes,No,Cellular,Retired,97500.0,5
C108908,49,Female,4,College,Single,FL,50790,No,No,Yes,Email,Unemployed,93674.0,4
C108909,61,Female,0,College,Single,NY,79701,Yes,No,No,Telephone,Retired,82786.0,1
C108910,45,Male,1,Graduate,Single,PA,54177,Yes,Yes,Yes,Email,Retired,104162.0,3
C108911,66,Female,5,High School,Divorced,IL,68411,No,No,No,Email,Retired,133172.0,4
C108912,39,Female,3,Uneducated,Single,TX,79063,Yes,No,Yes,Telephone,Businessman,108382.0,4
C108913,21,Male,3,College,Single,FL,50082,No,Yes,No,Email,Government,28595.0,4
C108914,55,Female,2,Uneducated,Divorced,TX,64335,No,Yes,No,Email,Student,64875.0,4
C108915,36,Male,2,Graduate,Unknown,TX,49196,Yes,Yes,Yes,Telephone,Unemployed,170352.0,5
C108916,28,Male,1,Uneducated,Married,FL,95699,Yes,Yes,No,Cellular,Retired,130694.0,3
C108917,27,Female,4,Graduate,Divorced,NY,60785,No,No,No,Cellular,Businessman,170917.0,4
C108918,41,Female,4,High School,Married,FL,21228,No,Yes,Yes,Cellular,Government,145880.0,5
C108919,31,Male,1,Graduate,Married,MI,13832,Yes,Yes,No,Cellular,Salaried,113267.0,4
C108920,46,Female,3,Graduate,Divorced,NY,11938,YES,No,Yes,Cellular,Retired,155413.0,1
C108921,35,Male,4,College,Single,MI,91551,Yes,Yes,Yes,Telephone,Unemployed,51409.0,5
C108922,65,Male,3,Uneducated,Married,GA,69851,No,No,Yes,Telephone,Self-employed,68329.0,1
C108923,26,Female,0,College,Single,MI,92905,No,No,Yes,Email,Salaried,108692.0,4
C108924,57,Male,5,Post-Graduate,Unknown,IL,59961,No,Yes,No,Cellular,Salaried,60262.0,3
C108925,24,Female,2,Graduate,Divorced,OH,66942,Yes,No,No,Telephone,Retired,62603.0,5
C108926,39,Female,4,Post-Graduate,Married,FL,42475,No,Yes,Yes,Telephone,Self-employed,34956.0,1
C108927,67,Male,2,College,Single,MI,54108,No,No,No,Cellular,Unemployed,62352.0,1
C108928,41,Male,1,Uneducated,Married,PA,27609,No,Yes,No,Telephone,Businessman,113586.0,3
C108929,57,Female,5,College,Unknown,MI,92293,Yes,Yes,No,Email,Self-employed,85936.0,5
C108930,63,Female,0,Uneducated,Unknown,FL,95314,No,No,No,Email,Government,22889.0,2
C108931,38,Female,4,Uneducated,Married,PA,94297,Yes,Yes,Yes,Cellular,Salaried,49704.0,1
C108932,62,Male,4,High School,Divorced,CA,73855,No,No,No,Cellular,Retired,58716.0,5
C108933,68,Female,3,Graduate,Unknown,PA,95624,No,No,Yes,Cellular,Self-employed,175071.0,2
C108934,56,Male,2,College,Single,PA,93123,Yes,Yes,Yes,Email,Student,157563.0,5
C108935,57,Male,0,Uneducated,Unknown,NY,89999,Yes,No,No,Telephone,Self-employed,38609.0,4
C108936,35,Male,5,College,Single,MI,87968,Yes,Yes,No,Email,Self-employed,104851.0,1
C108937,58,Female,3,College,Married,MI,83921,No,No,No,Cellular,Government,156444.0,2
C108938,22,Male,5,Uneducated,Single,NC,63717,Yes,Yes,Yes,Telephone,Retired,107552.0,3
C108939,62,Female,0,Post-Graduate,Married,PA,11266,No,No,Yes,Email,Salaried,43750.0,3
C108940,51,Male,0,Graduate,Unknown,OH,64693,No,No,No,Cellular,Government,44652.0,4
C108941,26,Female,1,Graduate,Divorced,NY,80209,Yes,No,No,Cellular,Government,51848.0,4
C108942,39,Female,1,High School,Unknown,NY,47297,Yes,No,Yes,Telephone,Student,42776.0,2
C108943,58,Male,3,High School,Unknown,NY,20287,Yes,No,Yes,Email,Government,169361.0,1
C108944,35,Female,3,High School,Unknown,MI,40120,Yes,Yes,No,Telephone,Retired,19244.0,1
C108945,53,Male,5,Graduate,Unknown,NC,97438,No,Yes,No,Telephone,Government,63904.0,3
C108946,60,Male,3,Post-Graduate,Divorced,TX,78000,No,No,No,Email,Student,160925.0,4
C108947,46,Male,0,Graduate,Unknown,FL,45800,Yes,Yes,Yes,Email,Unemployed,33961.0,3
C108948,50,Male,4,Graduate,Single,CA,11831,Yes,Yes,Yes,Email,Businessman,63793.0,2
C108949,31,Male,1,Graduate,Divorced,CA,91509,No,Yes,No,Telephone,Government,134196.0,3
C108950,66,Male,5,Graduate,Divorced,FL,43323,No,No,Yes,Telephone,Self-employed,171571.0,3
C108951,21,Male,5,Post-Graduate,Single,NY,36039,Yes,Yes,Yes,Email,Government,134518.0,4
C108952,34,Female,5,High School,Married,GA,45372,No,Yes,Yes,Email,Unemployed,149451.0,4
C108953,30,Male,4,College,Unknown,FL,99420,No,No,No,Telephone,Salaried,58729.0,1
C108954,37,Male,2,High School,Divorced,TX,26771,No,No,No,Email,Self-employed,71363.0,1
C108955,31,Female,1,High School,Unknown,TX,49765,No,No,No,Cellular,Self-employed,69022.0,1
C108956,62,Female,5,College,Unknown,PA,48458,No,No,Yes,Email,Businessman,121831.0,3
C108957,35,Male,2,Graduate,Single,PA,63083,No,No,Yes,Cellular,Salaried,131875.0,3
C108958,32,Male,2,Post-Graduate,Single,PA,68762,No,Yes,No,Cellular,Salaried,149069.0,5
C108959,23,Male,3,Post-Graduate,Single,PA,51482,No,Yes,No,Telephone,Salaried,102831.0,2
C108960,42,Female,5,High School,Unknown,GA,26337,Yes,Yes,Yes,Telephone,Government,91442.0,5
C108961,46,Male,0,College,Divorced,GA,17338,No,No,No,Telephone,Unemployed,59888.0,2
C108962,59,Female,4,Uneducated,Divorced,NC,28466,Yes,Yes,Yes,Email,Government,56273.0,4
C108963,63,Male,5,Graduate,Married,CA,36778,Yes,No,No,Telephone,Self-employed,65867.0,3
C108964,69,Male,2,High School,Unknown,MI,52114,Yes,Yes,No,Email,Businessman,127213.0,5
C108965,43,Female,5,Post-Graduate,Married,GA,16857,Yes,Yes,No,Telephone,Government,23089.0,3
C108966,36,Male,3,College,Married,IL,69382,Yes,No,Yes,Cellular,Retired,122010.0,5
C108967,23,Male,0,College,Married,TX,88381,No,Yes,No,Telephone,Retired,85153.0,1
C108968,50,Male,1,High School,Married,MI,83733,Yes,Yes,No,Cellular,Government,33664.0,2
C108969,33,Female,2,Uneducated,Married,TX,16170,No,No,No,Email,Unemployed,50521.0,1
C108970,28,Male,5,Post-Graduate,Unknown,PA,82180,Yes,Yes,Yes,Telephone,Businessman,56880.0,3
C108971,44,Male,3,High School,Single,GA,16889,No,Yes,Yes,Telephone,Unemployed,33294.0,4
C108972,25,Female,5,Uneducated,Married,MI,27743,No,Yes,No,Cellular,Salaried,146515.0,4
C108973,27,Female,5,College,Divorced,NY,95401,YES,No,No,Telephone,Self-employed,143800.0,1
C108974,47,Male,5,Graduate,Unknown,NC,44586,No,No,No,Email,Government,40180.0,5
C108975,32,Male,5,Post-Graduate,Married,IL,66412,Yes,Yes,yes,Cellular,Businessman,58681.0,1
C108976,61,Female,3,Post-Graduate,Divorced,IL,92647,No,Yes,No,Email,Businessman,33904.0,4
C108977,69,Male,3,Uneducated,Married,CA,11621,No,No,Yes,Email,Unemployed,75299.0,1
C108978,45,Male,1,High School,Single,PA,58662,Yes,No,Yes,Cellular,Salaried,178205.0,2
C108979,62,Female,0,College,Unknown,IL,64675,No,No,Yes,Email,Unemployed,58085.0,1
C108980,53,Male,4,Uneducated,Single,OH,81154,No,Yes,No,Telephone,Unemployed,114715.0,5
C108981,35,Male,4,Graduate,Divorced,OH,55098,No,Yes,Yes,Email,Student,54079.0,3
C108982,51,Female,2,Graduate,Married,FL,42228,No,No,No,Telephone,Unemployed,132615.0,1
C108983,31,Male,0,Graduate,Single,IL,86959,No,No,Yes,Cellular,Student,146970.0,2
C108984,56,Male,2,Uneducated,Single,MI,18442,No,Yes,No,Telephone,Student,49957.0,5
C108985,26,Male,4,College,Married,GA,10331,Yes,No,Yes,Email,Unemployed,128944.0,2
C108986,65,Female,1,Post-Graduate,Unknown,NY,77409,No,Yes,No,Telephone,Student,98845.0,5
C108987,46,Male,5,High School,Divorced,CA,42481,Yes,No,Yes,Email,Government,166428.0,4
C108988,28,Female,0,Post-Graduate,Unknown,PA,15483,No,No,Yes,Telephone,Unemployed,129591.0,4
C108989,59,Female,0,College,Divorced,FL,34026,Yes,Yes,No,Cellular,Retired,102957.0,3
C108990,57,Male,2,Post-Graduate,Divorced,MI,15540,No,No,No,Cellular,Retired,55120.0,3
C108991,57,Female,2,Uneducated,Single,TX,15570,Yes,No,No,Telephone,Businessman,165995.0,5
C108992,68,Male,1,Graduate,Married,OH,24200,No,Yes,No,Cellular,Retired,55475.0,2
C108993,50,Male,0,College,Unknown,GA,19407,Yes,Yes,No,Telephone,Retired,173055.0,2
C108994,58,Male,4,College,Single,FL,98434,Yes,Yes,Yes,Email,Self-employed,133052.0,1
C108995,36,Female,4,Post-Graduate,Single,MI,32807,Yes,Yes,Yes,Telephone,Unemployed,137921.0,4
C108996,35,Male,3,Uneducated,Single,PA,40770,No,Yes,Yes,Email,Retired,120337.0,1
C108997,58,Male,4,Post-Graduate,Unknown,NY,62545,No,No,No,Telephone,Retired,132998.0,3
C108998,28,Male,5,Post-Graduate,Single,GA,15118,No,No,Yes,Email,Unemployed,28857.0,4
C108999,55,Female,5,College,Married,PA,57802,Yes,Yes,Yes,Cellular,Unemployed,169908.0,2
C109000,29,Female,3,Post-Graduate,Single,NC,85429,No,Yes,Yes,Telephone,Retired,48314.0,4
C109001,41,Male,3,Graduate,Single,PA,48277,Yes,No,Yes,Cellular,Government,33264.0,3
C109002,61,Male,2,Post-Graduate,Divorced,PA,14707,No,Yes,No,Cellular,Student,66432.0,4
C109003,25,Male,4,Graduate,Single,NY,19846,Yes,Yes,No,Email,Self-employed,80115.0,3
C109004,39,Male,3,College,Unknown,IL,39942,Yes,Yes,Yes,Cellular,Self-employed,86065.0,2
C109005,68,Female,4,Uneducated,Unknown,NC,53930,Yes,No,Yes,Email,Retired,146145.0,5
C109006,36,Female,4,Graduate,Married,CA,41530,No,Yes,Yes,Cellular,Retired,29171.0,4
C109007,38,Female,4,Uneducated,Unknown,FL,48555,Yes,No,Yes,Cellular,Student,178373.0,5
C109008,32,Female,1,Uneducated,Unknown,MI,95942,No,No,Yes,Telephone,Self-employed,94492.0,3
C109009,36,Female,3,Graduate,Single,MI,57186,Yes,Yes,Yes,Telephone,Government,114009.0,4
C109010,25,Female,5,College,Married,TX,15723,No,Yes,No,Email,Salaried,113884.0,2
C109011,23,Female,4,High School,Unknown,CA,39305,Yes,Yes,Yes,Cellular,Government,56282.0,4
C109012,27,Male,2,Uneducated,Married,CA,88283,Yes,No,Yes,Cellular,Government,140981.0,2
C109013,52,Male,1,Uneducated,Married,CA,99880,Yes,Yes,Yes,Telephone,Salaried,27846.0,3
C109014,51,Male,3,College,Divorced,CA,95374,No,No,Yes,Email,Student,23381.0,5
C109015,34,Male,0,College,Divorced,NY,80311,Yes,No,Yes,Telephone,Student,94722.0,1
C109016,44,Male,3,Post-Graduate,Single,IL,45655,Yes,No,Yes,Cellular,Unemployed,26969.0,1
C109017,68,Male,1,College,Unknown,NY,79004,No,Yes,Yes,Email,Salaried,104975.0,4
C109018,53,Female,2,Uneducated,Single,FL,64038,No,No,Yes,Cellular,Retired,178076.0,5
C109019,25,Male,1,Graduate,Single,NC,15390,Yes,No,Yes,Telephone,Unemployed,124863.0,2
C109020,28,Female,4,High School,Married,TX,55523,No,Yes,Yes,Email,Government,146930.0,1
C109021,22,Male,5,Post-Graduate,Married,NY,83173,No,Yes,No,Telephone,Businessman,83134.0,5
C109022,59,Female,5,Graduate,Married,FL,38541,Yes,Yes,Yes,Cellular,Self-employed,107360.0,5
C109023,58,Female,1,High School,Single,NC,41145,No,No,Yes,Cellular,Self-employed,103786.0,3
C109024,62,Male,0,High School,Unknown,FL,43197,Yes,No,No,Telephone,Self-employed,59859.0,1
C109025,55,Male,0,High School,Single,IL,20821,Yes,Yes,Yes,Cellular,Businessman,93168.0,3
C109026,58,Male,4,Graduate,Single,FL,78707,Yes,No,Yes,Telephone,Government,71162.0,5
C109027,54,Male,4,Post-Graduate,Single,GA,64716,No,No,Yes,Telephone,Student,45550.0,1
C109028,50,Male,0,Post-Graduate,Divorced,FL,91504,No,Yes,Yes,Email,Retired,171226.0,2
C109029,69,Female,5,High School,Divorced,NY,47130,Yes,No,No,Cellular,Salaried,106563.0,4
C109030,43,Male,2,Graduate,Unknown,FL,67566,Yes,No,Yes,Cellular,Self-employed,63604.0,5
C109031,24,Female,5,High School,Divorced,NY,32665,No,Yes,Yes,Telephone,Retired,97804.0,2
C109032,55,Female,5,College,Single,NC,71334,No,Yes,Yes,Email,Businessman,131648.0,4
C109033,34,Male,1,Post-Graduate,Divorced,GA,55205,Yes,No,Yes,Telephone,Retired,147765.0,1
C109034,42,Male,0,Uneducated,Divorced,NC,10127,Yes,No,Yes,Cellular,Salaried,155905.0,2
C109035,50,Male,4,High School,Single,FL,52224,Yes,Yes,No,Email,Government,92957.0,2
C109036,23,Male,4,College,Unknown,CA,53287,No,Yes,No,Email,Businessman,48491.0,4
C109037,31,Male,2,Post-Graduate,Divorced,TX,49997,Yes,Yes,Yes,Telephone,Retired,70023.0,2
C109038,30,Male,3,Graduate,Single,OH,36207,No,Yes,No,Telephone,Businessman,102560.0,1
C109039,23,Male,4,Post-Graduate,Single,CA,27809,Yes,Yes,No,Email,Salaried,82022.0,1
C109040,61,Female,2,Graduate,Single,GA,98503,No,Yes,No,Cellular,Salaried,162126.0,5
C109041,68,Male,0,Graduate,Married,NC,70693,No,Yes,Yes,Cellular,Self-employed,103920.0,4
C109042,25,Female,3,High School,Single,GA,58809,Yes,Yes,Yes,Email,Government,49551.0,3
C109043,35,Female,0,High School,Divorced,IL,47007,No,No,No,Telephone,Salaried,160971.0,1
C109044,68,Male,2,Post-Graduate,Divorced,NC,26699,No,Yes,No,Telephone,Self-employed,142126.0,3
C109045,26,Male,0,College,Single,FL,70303,Yes,Yes,Yes,Cellular,Retired,172046.0,2
C109046,24,Male,1,Post-Graduate,Married,NC,24365,No,Yes,No,Cellular,Self-employed,109307.0,4
C109047,43,Male,2,Uneducated,Married,CA,75035,No,No,Yes,Email,Salaried,43975.0,4
C109048,65,Male,3,Graduate,Married,TX,33514,Yes,No,Yes,Cellular,Businessman,164550.0,1
C109049,21,Male,4,Graduate,Divorced,FL,25058,No,Yes,No,Cellular,Retired,104164.0,1
C109050,54,Female,0,High School,Married,MI,73960,No,Yes,Yes,Telephone,Businessman,128091.0,4
C109051,35,Female,2,College,Unknown,CA,86402,Yes,No,No,Telephone,Businessman,111382.0,3
C109052,24,Female,0,High School,Unknown,PA,82248,Yes,Yes,No,Cellular,Self-employed,168346.0,4
C109053,47,Female,5,Uneducated,Married,FL,32709,Yes,No,No,Telephone,Businessman,71205.0,5
C109054,33,Female,2,Post-Graduate,Unknown,FL,17693,No,Yes,Yes,Telephone,Government,94231.0,4
C109055,66,nan,5,Post-Graduate,Single,CA,53846,Yes,Yes,No,Telephone,Businessman,98116.0,3
C109056,67,Male,2,College,Married,IL,45595,Yes,No,Yes,Cellular,Unemployed,106858.0,2
C109057,60,Male,5,High School,Married,NC,29832,Yes,No,No,Telephone,Retired,31682.0,3
C109058,52,Male,3,High School,Married,PA,82087,Yes,No,Yes,Cellular,Retired,88363.0,4
C109059,29,Female,0,Uneducated,Single,GA,53505,Yes,No,No,Cellular,Businessman,104486.0,4
C109060,57,Female,0,Post-Graduate,Single,FL,17224,Yes,No,No,Email,Self-employed,43256.0,2
C109061,45,Female,2,High School,Married,NC,13337,Yes,No,Yes,Email,Retired,21849.0,5
C109062,23,Male,1,College,Divorced,OH,88971,No,No,Yes,Email,Unemployed,138214.0,1
C109063,59,Male,4,Post-Graduate,Divorced,OH,31843,No,No,No,Cellular,Unemployed,48496.0,3
C109064,60,Male,4,Uneducated,Unknown,GA,29683,Yes,No,Yes,Email,Student,54044.0,3
C109065,36,Female,1,College,Single,NY,46832,Yes,Yes,No,Telephone,Government,36586.0,4
C109066,37,Female,3,Graduate,Unknown,PA,20990,No,Yes,No,Email,Self-employed,40796.0,3
C109067,47,Female,5,Uneducated,Unknown,OH,50015,Yes,Yes,Yes,Cellular,Government,142342.0,2
C109068,30,Male,1,College,Married,TX,30755,No,Yes,Yes,Telephone,Government,37001.0,5
C109069,21,Female,5,High School,Divorced,GA,79985,Yes,Yes,No,Telephone,Businessman,53580.0,4
C109070,49,Male,1,Graduate,Unknown,CA,86759,No,No,No,Telephone,Government,116401.0,1
C109071,38,Male,3,Uneducated,Married,CA,27628,Yes,Yes,No,Email,Unemployed,57723.0,2
C109072,52,Male,2,High School,Single,MI,62484,No,Yes,No,Email,Businessman,33748.0,1
C109073,57,Male,5,Graduate,Unknown,TX,62015,No,Yes,Yes,Email,Government,168117.0,3
C109074,63,Male,0,Post-Graduate,Divorced,PA,98479,Yes,No,No,Email,Retired,138837.0,3
C109075,53,Male,5,High School,Single,OH,84117,No,No,Yes,Telephone,Unemployed,100265.0,5
C109076,42,Male,5,College,Married,NY,15409,No,No,No,Cellular,Student,108002.0,1
C109077,63,Female,4,Uneducated,Single,PA,62528,Yes,Yes,Yes,Email,Government,65566.0,2
C109078,31,Male,5,Graduate,Unknown,IL,89856,No,Yes,No,Cellular,Salaried,105304.0,1
C109079,57,Female,4,High School,Single,PA,81611,No,Yes,Yes,Telephone,Businessman,152220.0,1
C109080,49,Male,4,Post-Graduate,Single,CA,87026,No,Yes,No,Cellular,Student,118257.0,1
C109081,40,Male,1,Uneducated,Single,MI,18128,No,Yes,Yes,Cellular,Businessman,88334.0,1
C109082,42,Male,2,Uneducated,Divorced,OH,23961,Yes,Yes,Yes,Email,Student,42284.0,3
C109083,52,Female,2,High School,Unknown,GA,53369,No,No,Yes,Email,Businessman,141366.0,5
C109084,28,Male,5,Post-Graduate,Married,OH,21427,No,No,No,Telephone,Unemployed,130429.0,2
C109085,42,Male,1,Graduate,Divorced,NC,46911,No,No,Yes,Email,Salaried,177660.0,4
C109086,35,Female,3,High School,Unknown,CA,34631,No,No,Yes,Cellular,Retired,174555.0,3
C109087,55,Female,3,Graduate,Married,MI,53275,Yes,Yes,No,Cellular,Salaried,143734.0,3
C109088,36,Female,2,Uneducated,Married,NC,88369,No,Yes,No,Cellular,Unemployed,90577.0,2
C109089,64,Female,1,Graduate,nan,TX,28374,Yes,Yes,No,Cellular,Student,88574.0,2
C109090,49,nan,5,Post-Graduate,Unknown,NY,79560,Yes,Yes,Yes,Email,Self-employed,166579.0,5
C109091,54,Male,4,College,Married,PA,85072,No,Yes,Yes,Telephone,Businessman,47567.0,4
C109092,40,Female,0,Post-Graduate,Married,IL,45805,Yes,Yes,Yes,Email,Self-employed,60292.0,3
C109093,33,Male,2,nan,Divorced,FL,45898,No,Yes,Yes,Cellular,Government,91809.0,5
C109094,33,Female,4,High School,Married,FL,70012,No,Yes,No,Telephone,Salaried,130119.0,3
C109095,51,Female,2,Uneducated,Single,GA,59044,No,No,Yes,Telephone,Unemployed,111189.0,5
C109096,41,Female,0,College,Divorced,MI,69666,Yes,Yes,No,Cellular,Businessman,29997.0,5
C109097,50,Male,5,High School,Divorced,TX,53693,Yes,No,Yes,Cellular,Salaried,24612.0,4
C109098,68,Female,3,High School,Unknown,CA,21387,No,Yes,No,Email,Government,166407.0,1
C109099,45,Male,2,Post-Graduate,Married,IL,94116,Yes,Yes,No,Telephone,Retired,41061.0,3
C109100,50,Male,5,Graduate,Single,GA,90185,Yes,No,Yes,Telephone,Student,100040.0,5
C109101,30,Male,1,Post-Graduate,Single,TX,60386,Yes,Yes,Yes,Email,Businessman,37082.0,5
C109102,27,Female,3,Graduate,Married,NY,78341,Yes,Yes,Yes,Cellular,Unemployed,167094.0,2
C109103,54,Male,3,Post-Graduate,Married,CA,96939,No,No,No,Telephone,Businessman,73847.0,1
C109104,24,Female,4,High School,Unknown,FL,57378,No,Yes,No,Email,Businessman,107897.0,2
C109105,42,Male,1,Uneducated,Single,NY,51105,No,No,Yes,Telephone,Student,42390.0,1
C109106,49,Male,5,Graduate,Divorced,GA,67945,Yes,Yes,No,Email,Salaried,43925.0,4
C109107,24,Male,2,College,Unknown,MI,96789,No,Yes,Yes,Telephone,Student,106153.0,4
C109108,21,Female,2,College,Unknown,NC,40598,No,No,Yes,Cellular,Retired,140824.0,2
C109109,68,Female,1,High School,Divorced,MI,61574,No,Yes,Yes,Cellular,Salaried,124231.0,2
C109110,43,nan,3,Post-Graduate,Unknown,CA,25336,Yes,No,Yes,Telephone,Retired,170483.0,1
C109111,43,Female,2,Post-Graduate,Married,NY,76916,Yes,Yes,No,Telephone,Businessman,37452.0,1
C109112,26,Male,2,High School,Divorced,PA,68127,Yes,Yes,Yes,Telephone,Student,168712.0,2
C109113,25,Male,2,College,Divorced,MI,66871,No,No,No,Email,Retired,20667.0,2
C109114,43,Female,0,College,Single,OH,54496,No,Yes,No,Cellular,Unemployed,31214.0,5
C109115,58,Female,1,Post-Graduate,Divorced,NY,51958,No,No,No,Email,Unemployed,138255.0,3
C109116,27,Female,0,Graduate,Unknown,GA,41893,Yes,Yes,No,Cellular,Unemployed,163908.0,2
C109117,25,Female,0,Uneducated,Single,MI,49654,No,No,No,Cellular,Government,35117.0,1
C109118,53,Male,4,Graduate,Unknown,NC,17949,Yes,No,Yes,Email,Student,143829.0,5
C109119,46,Female,2,College,Married,GA,80941,Yes,No,No,Cellular,Salaried,133352.0,4
C109120,41,Female,0,Graduate,Married,NC,97394,Yes,No,Yes,Cellular,Businessman,121449.0,4
C109121,54,Male,1,Uneducated,Single,PA,19865,No,Yes,Yes,Telephone,Salaried,85906.0,4
C109122,46,Female,4,Graduate,Single,OH,73171,Yes,No,Yes,Email,Self-employed,62949.0,5
C109123,30,Male,4,Graduate,Unknown,PA,92110,No,Yes,Yes,Email,Businessman,42748.0,2
C109124,22,Female,5,Graduate,Married,OH,54766,Yes,Yes,No,Cellular,Government,78785.0,3
C109125,40,Male,3,Graduate,Single,TX,90707,No,Yes,No,Email,Government,148274.0,4
C109126,34,Female,3,High School,Married,FL,89985,Yes,No,Yes,Cellular,Self-employed,110934.0,2
C109127,27,Female,4,College,Married,NC,45518,No,No,Yes,Cellular,Salaried,132468.0,4
C109128,30,Female,1,Uneducated,Married,TX,12494,No,Yes,Yes,Email,Unemployed,177771.0,4
C109129,51,Female,0,College,Unknown,NY,46540,Yes,Yes,Yes,Cellular,Government,145996.0,4
C109130,28,Female,3,High School,Unknown,OH,14529,No,No,Yes,Telephone,Salaried,165307.0,1
C109131,21,Male,0,High School,Married,PA,64439,No,No,Yes,Email,Businessman,67783.0,5
C109132,49,Female,1,High School,Married,TX,10681,Yes,No,No,Email,Student,54986.0,5
C109133,51,Male,0,High School,Married,PA,75842,Yes,No,No,Cellular,Unemployed,148993.0,1
C109134,28,Male,4,Graduate,Divorced,OH,27378,No,Yes,No,Email,Businessman,54310.0,4
C109135,36,Male,3,College,Divorced,PA,89377,Yes,No,No,Email,Salaried,25512.0,5
C109136,66,Male,1,Post-Graduate,Unknown,CA,66885,No,No,Yes,Telephone,Retired,128290.0,5
C109137,39,Female,4,Uneducated,Married,CA,44170,Yes,No,No,Telephone,Self-employed,101230.0,5
C109138,46,Female,1,High School,Divorced,NC,74695,Yes,No,No,Email,Retired,69873.0,4
C109139,30,Female,5,College,Single,PA,79838,Yes,Yes,Yes,Cellular,Businessman,54793.0,4
C109140,38,Female,3,High School,Single,NY,81409,No,Yes,No,Telephone,Unemployed,56601.0,5
C109141,22,Male,0,High School,Married,CA,48731,Yes,Yes,Yes,Telephone,Government,142281.0,3
C109142,57,Male,1,High School,Divorced,NY,37064,No,Yes,Yes,Telephone,Unemployed,111514.0,2
C109143,49,Male,3,High School,Single,GA,35345,No,No,Yes,Cellular,Businessman,36199.0,2
C109144,22,Female,5,High School,Unknown,IL,18385,Yes,Yes,Yes,Email,Businessman,75277.0,4
C109145,23,Female,5,Uneducated,Single,OH,62160,Yes,Yes,Yes,Email,Businessman,66641.0,3
C109146,44,Female,4,College,Unknown,OH,48543,Yes,Yes,No,Telephone,Self-employed,19329.0,3
C109147,29,Female,3,High School,Single,NY,46098,Yes,Yes,Yes,Email,Unemployed,174925.0,3
C109148,63,Male,0,High School,Single,FL,91932,Yes,Yes,No,Telephone,Salaried,91180.0,1
C109149,68,Female,3,High School,Divorced,NY,35517,No,No,Yes,Telephone,Self-employed,30111.0,1
C109150,34,Female,4,High School,Single,OH,41929,Yes,Yes,Yes,Cellular,Government,35698.0,5
C109151,66,Male,4,Graduate,Single,IL,50746,No,No,Yes,Cellular,Unemployed,139208.0,3
C109152,63,Male,1,Graduate,Unknown,CA,75751,No,No,No,Telephone,Salaried,163194.0,2
C109153,31,Female,4,Post-Graduate,Unknown,NY,42446,Yes,No,Yes,Cellular,Government,75173.0,1
C109154,63,Female,2,High School,Single,PA,84446,Yes,Yes,No,Cellular,Unemployed,98162.0,4
C109155,44,Male,4,Post-Graduate,Married,FL,86235,No,Yes,No,Cellular,Salaried,135431.0,4
C109156,34,Female,0,Uneducated,Single,OH,89212,No,No,No,Email,Salaried,72614.0,3
C109157,38,Male,4,Post-Graduate,Single,NY,14417,Yes,Yes,Yes,Email,Retired,43340.0,5
C109158,56,Male,1,College,Divorced,NY,89480,No,No,No,Cellular,Businessman,61421.0,3
C109159,33,Female,4,Graduate,Single,PA,79375,No,No,Yes,Email,Businessman,118196.0,4
C109160,54,Male,3,Graduate,Single,GA,26399,No,Yes,Yes,Telephone,Self-employed,18937.0,4
C109161,39,Female,5,High School,Unknown,CA,35766,Yes,Yes,Yes,Telephone,Salaried,73187.0,5
C109162,61,Female,5,High School,Unknown,IL,81010,No,No,Yes,Cellular,Government,121767.0,1
C109163,31,Female,3,Uneducated,Unknown,CA,42065,No,Yes,Yes,Cellular,Businessman,27169.0,5
C109164,69,Female,3,Uneducated,Unknown,PA,17618,No,No,Yes,Email,Retired,30698.0,2
C109165,46,Male,2,College,Single,OH,76262,Yes,No,No,Cellular,Government,48132.0,4
C109166,25,Female,1,High School,Married,PA,50828,Yes,Yes,Yes,Cellular,Retired,151382.0,2
C109167,41,Female,3,High School,Divorced,NC,96094,No,No,Yes,Telephone,Businessman,168703.0,4
C109168,29,Male,3,Uneducated,Divorced,TX,59891,No,Yes,No,Telephone,Salaried,59556.0,4
C109169,68,Female,5,Uneducated,Married,GA,10208,No,Yes,No,Email,Government,23367.0,3
C109170,32,Female,3,Uneducated,Married,TX,27299,Yes,No,Yes,Email,Self-employed,175767.0,4
C109171,21,Female,5,Graduate,Divorced,OH,32559,Yes,Yes,Yes,Email,Unemployed,120619.0,4
C109172,69,Female,5,Post-Graduate,Single,IL,10194,No,No,No,Cellular,Self-employed,113572.0,4
C109173,34,Male,1,Post-Graduate,Divorced,CA,54912,No,Yes,No,Cellular,Self-employed,99735.0,4
C109174,46,Male,5,High School,Married,FL,47573,YES,No,Yes,Cellular,Businessman,168107.0,3
C109175,27,Female,3,Graduate,Single,NC,74994,No,No,No,Cellular,Businessman,110129.0,3
C109176,36,Male,2,Uneducated,Divorced,GA,79574,No,No,No,Telephone,Self-employed,98750.0,2
C109177,35,Male,3,High School,Single,TX,32178,No,Yes,Yes,Email,Government,66362.0,2
C109178,24,Male,0,Graduate,Single,NY,52756,No,No,No,Email,Businessman,65268.0,2
C109179,50,Male,2,College,Married,NC,35380,Yes,No,No,Telephone,Self-employed,19242.0,5
C109180,43,Female,0,Graduate,Unknown,CA,41916,Yes,No,No,Telephone,Businessman,89592.0,3
C109181,42,Male,3,High School,Divorced,NC,37848,Yes,Yes,No,Cellular,Student,176361.0,3
C109182,35,Female,3,Post-Graduate,Married,OH,69050,No,No,No,Email,Government,121614.0,1
C109183,37,Female,1,Uneducated,Divorced,NY,99840,Yes,No,yes,Email,Salaried,128974.0,1
C109184,22,Male,5,College,Unknown,IL,72970,No,No,Yes,Telephone,Government,97961.0,1
C109185,28,Female,0,Graduate,Unknown,NY,13567,Yes,Yes,Yes,Email,Unemployed,88968.0,2
C109186,26,Male,0,High School,Unknown,IL,64316,Yes,No,Yes,Telephone,Salaried,146565.0,4
C109187,59,Female,4,High School,Unknown,OH,17427,Yes,Yes,No,Email,Self-employed,134933.0,5
C109188,48,Female,4,Uneducated,Divorced,IL,46860,Yes,Yes,No,Telephone,Businessman,122083.0,3
C109189,68,Male,4,High School,Single,NY,19270,Yes,Yes,Yes,Cellular,Self-employed,120055.0,2
C109190,25,Female,4,High School,Single,IL,36297,No,Yes,No,Email,Retired,55132.0,5
C109191,41,Male,0,Uneducated,Unknown,MI,22940,No,Yes,Yes,Cellular,Salaried,84001.0,3
C109192,40,Female,1,College,Unknown,PA,93328,Yes,No,No,Telephone,Student,115108.0,5
C109193,63,Female,4,Post-Graduate,Single,IL,15307,No,No,No,Email,Salaried,85507.0,5
C109194,54,Male,0,Post-Graduate,Married,NY,88280,Yes,Yes,No,Email,Businessman,174171.0,3
C109195,27,Male,1,Graduate,Unknown,PA,14093,Yes,Yes,Yes,Cellular,Student,33115.0,5
C109196,50,Male,1,College,Single,PA,22447,Yes,No,Yes,Cellular,Businessman,152425.0,1
C109197,50,Female,4,Graduate,Married,NY,60655,No,No,Yes,Telephone,Student,136569.0,1
C109198,35,Male,0,Post-Graduate,Single,FL,59177,Yes,No,Yes,Cellular,Businessman,110263.0,5
C109199,47,Male,2,Uneducated,Married,OH,55874,Yes,Yes,Yes,Email,Salaried,92196.0,2
C109200,29,Male,0,High School,Divorced,CA,65528,No,No,No,Email,Salaried,137599.0,4
C109201,47,Male,1,Post-Graduate,Married,CA,27928,Yes,No,No,Email,Salaried,54273.0,3
C109202,22,Female,3,College,Unknown,PA,24814,No,Yes,No,Email,Salaried,169792.0,2
C109203,56,Female,4,Post-Graduate,Married,OH,54638,No,Yes,No,Cellular,Student,19290.0,4
C109204,47,Female,1,College,Married,IL,23945,No,No,Yes,Cellular,Unemployed,92696.0,3
C109205,67,Female,2,College,Unknown,MI,17003,No,No,Yes,Telephone,Government,61106.0,4
C109206,60,Female,2,College,Divorced,GA,96435,No,Yes,Yes,Cellular,Government,42355.0,3
C109207,45,Female,2,Graduate,Married,FL,68860,No,No,No,Telephone,Unemployed,41024.0,1
C109208,56,Male,2,Uneducated,Divorced,TX,49949,No,No,Yes,Cellular,Self-employed,66284.0,2
C109209,60,Female,5,Post-Graduate,Single,OH,60965,No,No,Yes,Cellular,Government,153056.0,4
C109210,27,Male,0,Uneducated,Single,FL,23385,No,No,No,Email,Self-employed,41332.0,1
C109211,33,Male,1,High School,Unknown,CA,24488,No,No,No,Cellular,Salaried,35072.0,2
C109212,57,Male,2,Post-Graduate,Divorced,GA,57536,No,Yes,Yes,Telephone,Businessman,126615.0,5
C109213,40,Male,1,Uneducated,Unknown,IL,71697,No,No,Yes,Email,Government,122811.0,2
C109214,42,Female,1,Uneducated,Unknown,GA,10254,No,No,Yes,Cellular,Government,58558.0,2
C109215,38,Female,3,High School,Married,GA,53779,No,Yes,No,Email,Salaried,87444.0,1
C109216,31,Female,0,College,Single,IL,31134,No,No,No,Email,Salaried,113126.0,1
C109217,26,Male,3,Post-Graduate,Unknown,GA,34698,No,No,No,Email,Government,114238.0,4
C109218,24,Female,4,Post-Graduate,Married,OH,19476,No,Yes,No,Telephone,Salaried,129694.0,4
C109219,23,Female,4,High School,Married,TX,20790,Yes,Yes,No,Telephone,Government,98617.0,5
C109220,26,Female,5,College,Divorced,FL,17983,Yes,No,No,Cellular,Businessman,152175.0,1
C109221,35,Female,4,Post-Graduate,Single,OH,48133,No,Yes,Yes,Email,Retired,152375.0,1
C109222,23,Female,3,Post-Graduate,Divorced,FL,48029,No,No,Yes,Cellular,Businessman,96002.0,2
C109223,37,Female,1,Post-Graduate,Divorced,PA,88455,Yes,No,Yes,Telephone,Self-employed,80637.0,2
C109224,50,Male,5,College,Unknown,NY,12537,Yes,Yes,No,Email,Government,123444.0,5
C109225,42,Male,4,High School,Divorced,NY,57989,No,Yes,No,Telephone,Retired,129703.0,2
C109226,22,Female,5,Post-Graduate,Unknown,TX,74423,No,No,Yes,Email,Businessman,108014.0,2
C109227,36,Male,4,Uneducated,Divorced,MI,81449,Yes,No,Yes,Email,Retired,120178.0,4
C109228,42,Male,3,College,Married,OH,88054,No,No,No,Email,Unemployed,21687.0,5
C109229,69,Female,1,Graduate,Single,TX,33398,Yes,Yes,No,Cellular,Businessman,143629.0,4
C109230,31,Male,4,High School,Single,TX,60342,No,Yes,No,Telephone,Unemployed,136947.0,5
C109231,56,Female,0,Uneducated,Single,FL,95027,Yes,No,Yes,Telephone,Unemployed,81675.0,4
C109232,32,Male,4,Post-Graduate,Married,MI,15109,No,No,No,Telephone,Student,59070.0,4
C109233,60,Female,3,Graduate,Married,PA,43719,No,No,No,Email,Retired,89077.0,5
C109234,55,Male,3,High School,Divorced,CA,59382,Yes,No,No,Cellular,Businessman,54022.0,2
C109235,63,Male,0,College,Divorced,PA,61626,No,No,No,Cellular,Self-employed,131247.0,3
C109236,65,Male,1,Graduate,Divorced,GA,97644,Yes,No,Yes,Cellular,Businessman,179790.0,1
C109237,61,Male,0,Graduate,Divorced,GA,50627,Yes,No,Yes,Cellular,Salaried,92599.0,5
C109238,35,Female,5,Uneducated,Single,PA,88823,Yes,No,No,Email,Student,72090.0,3
C109239,64,Male,4,High School,Divorced,PA,52735,No,No,No,Email,Government,157754.0,4
C109240,62,Female,3,Uneducated,Married,TX,75258,Yes,Yes,No,Cellular,Self-employed,55552.0,2
C109241,41,Female,1,Uneducated,Married,NY,98296,No,Yes,No,Cellular,Retired,166491.0,4
C109242,24,Male,4,Post-Graduate,Married,OH,76463,Yes,No,No,Telephone,Retired,128110.0,5
C109243,27,Male,0,College,Unknown,GA,29788,Yes,No,No,Email,Businessman,175011.0,3
C109244,49,Female,5,Graduate,Unknown,MI,49902,Yes,Yes,No,Cellular,Government,70506.0,4
C109245,61,Male,4,High School,Unknown,PA,65194,Yes,Yes,No,Email,Businessman,169704.0,2
C109246,26,Female,0,College,Divorced,IL,50895,No,Yes,Yes,Telephone,Student,23553.0,5
C109247,59,Male,2,College,Single,FL,97167,No,Yes,Yes,Cellular,Unemployed,26545.0,5
C109248,37,Female,2,High School,Single,CA,77423,No,No,No,Email,Government,98810.0,4
C109249,56,Male,3,College,Divorced,NC,14464,No,No,Yes,Email,Salaried,67331.0,2
C109250,22,Male,1,Post-Graduate,Divorced,MI,85786,No,Yes,Yes,Email,Retired,66004.0,5
C109251,37,Female,3,College,Unknown,FL,58676,No,No,Yes,Email,Salaried,123959.0,5
C109252,49,Female,4,Post-Graduate,Married,NY,72362,Yes,No,Yes,Email,Retired,175374.0,4
C109253,47,Female,5,Graduate,Married,FL,67525,No,No,No,Email,Government,71063.0,3
C109254,27,Male,2,Graduate,Unknown,IL,17889,No,Yes,No,Telephone,Salaried,163002.0,1
C109255,31,Male,3,Uneducated,Unknown,NY,20326,No,Yes,No,Email,Self-employed,87265.0,2
C109256,46,Male,0,Post-Graduate,Single,OH,55270,No,No,No,Telephone,Retired,76063.0,5
C109257,59,Male,1,Graduate,Unknown,TX,58437,No,Yes,Yes,Telephone,Student,84514.0,5
C109258,52,Female,2,College,Married,GA,52151,No,Yes,Yes,Email,Self-employed,86686.0,5
C109259,43,Female,1,High School,Married,FL,85069,Yes,Yes,Yes,Cellular,Government,74796.0,3
C109260,66,Male,1,High School,Divorced,IL,30532,Yes,No,Yes,Email,Self-employed,84382.0,1
C109261,60,Male,2,Post-Graduate,Single,TX,28628,No,No,No,Telephone,Retired,25035.0,4
C109262,27,Male,0,Uneducated,Divorced,IL,27097,Yes,No,No,Email,Student,150368.0,2
C109263,21,Female,5,College,Single,NC,59834,No,Yes,No,Email,Student,72798.0,3
C109264,45,Female,0,Post-Graduate,Divorced,NY,80899,Yes,Yes,Yes,Email,Retired,149239.0,5
C109265,51,Male,0,High School,Single,OH,91248,No,No,No,Telephone,Unemployed,41810.0,1
C109266,26,Female,1,Post-Graduate,Unknown,MI,43355,Yes,Yes,No,Telephone,Government,132124.0,1
C109267,48,Male,0,College,Married,GA,99267,Yes,Yes,No,Telephone,Retired,163020.0,1
C109268,51,Male,4,Graduate,Unknown,TX,68755,No,Yes,Yes,Cellular,Self-employed,123433.0,4
C109269,56,Female,5,College,Single,FL,65181,No,Yes,No,Cellular,Retired,98617.0,2
C109270,36,Female,4,Graduate,Single,MI,26748,Yes,No,No,Cellular,Student,122158.0,5
C109271,35,Female,0,Graduate,Divorced,NY,36509,No,No,No,Cellular,Government,121809.0,3
C109272,42,Female,0,Graduate,Single,MI,71817,No,Yes,No,Email,Retired,72020.0,3
C109273,38,Male,2,Post-Graduate,Unknown,NC,54605,No,No,Yes,Cellular,Student,119812.0,3
C109274,28,Female,2,High School,Single,TX,98344,No,No,No,Cellular,Retired,50464.0,3
C109275,30,Female,3,Post-Graduate,Single,NC,89508,No,No,Yes,Cellular,Businessman,57930.0,5
C109276,57,Female,1,High School,Divorced,OH,51687,No,Yes,No,Email,Businessman,161088.0,2
C109277,59,Female,1,College,Single,PA,97530,Yes,No,No,Cellular,Student,158343.0,5
C109278,69,Male,2,Uneducated,Divorced,TX,93041,No,Yes,No,Cellular,Government,24887.0,3
C109279,26,Male,4,College,Married,OH,67934,No,No,No,Cellular,Businessman,163823.0,2
C109280,63,Female,3,Post-Graduate,Divorced,TX,32005,Yes,No,No,Telephone,Student,39390.0,4
C109281,30,Female,2,Post-Graduate,Single,PA,92849,Yes,No,Yes,Cellular,Retired,141580.0,2
C109282,59,Male,5,High School,Married,GA,95033,Yes,No,No,Cellular,Salaried,169819.0,4
C109283,27,Male,5,Post-Graduate,Single,IL,45778,No,Yes,No,Cellular,Retired,117216.0,5
C109284,62,Female,3,Graduate,Divorced,TX,57602,Yes,No,No,Email,Self-employed,42201.0,4
C109285,65,Male,1,Post-Graduate,Unknown,PA,36376,Yes,No,Yes,Cellular,Student,162217.0,4
C109286,55,Male,5,High School,Married,GA,18067,Yes,No,Yes,Cellular,Unemployed,95995.0,2
C109287,48,Male,1,High School,Unknown,MI,97288,Yes,No,No,Telephone,Businessman,46571.0,5
C109288,45,Male,5,Graduate,Unknown,TX,99665,Yes,No,Yes,Telephone,Student,69475.0,2
C109289,48,Female,1,High School,Married,IL,63845,Yes,Yes,No,Email,Retired,86019.0,1
C109290,29,Male,4,Uneducated,Unknown,NC,94089,Yes,Yes,Yes,Email,Unemployed,155607.0,4
C109291,25,Male,2,College,Unknown,MI,86232,Yes,Yes,No,Cellular,Government,64330.0,2
C109292,36,Female,5,Post-Graduate,Unknown,MI,90770,No,Yes,Yes,Telephone,Businessman,64193.0,5
C109293,49,Female,5,Uneducated,Unknown,TX,83687,No,No,Yes,Email,Government,103992.0,2
C109294,63,Female,5,Post-Graduate,Married,NY,47289,Yes,Yes,Yes,Email,Government,118813.0,1
C109295,43,Male,3,Uneducated,Single,GA,65733,No,Yes,Yes,Telephone,Retired,138298.0,4
C109296,38,Female,2,Post-Graduate,Unknown,OH,36208,No,No,Yes,Cellular,Government,114460.0,1
C109297,46,Male,1,Graduate,Married,NC,56959,No,Yes,Yes,Telephone,Unemployed,71610.0,1
C109298,67,Female,1,High School,Married,FL,84159,Yes,Yes,Yes,Cellular,Unemployed,18830.0,4
C109299,25,Male,2,High School,Married,TX,61889,Yes,No,Yes,Cellular,Student,95605.0,1
C109300,28,Female,0,Graduate,Married,MI,18030,No,Yes,No,Telephone,Businessman,164504.0,4
C109301,60,Female,0,Uneducated,Divorced,IL,86540,Yes,Yes,No,Cellular,Government,133050.0,4
C109302,39,Male,2,College,Single,CA,48508,No,Yes,No,Email,Salaried,119042.0,3
C109303,57,Female,1,Uneducated,Single,IL,16682,Yes,Yes,No,Telephone,Self-employed,149151.0,5
C109304,48,Female,5,High School,Unknown,TX,33216,No,No,No,Email,Unemployed,77603.0,2
C109305,24,Female,3,College,Married,CA,41874,Yes,Yes,No,Cellular,Student,38870.0,2
C109306,40,Female,0,Post-Graduate,Divorced,TX,52422,Yes,No,Yes,Cellular,Salaried,45682.0,5
C109307,42,Female,5,College,Married,IL,76803,No,No,Yes,Telephone,Unemployed,50606.0,1
C109308,32,Male,5,Uneducated,Unknown,IL,27659,No,No,Yes,Telephone,Businessman,31405.0,5
C109309,21,Male,5,Graduate,Single,MI,78774,No,No,No,Cellular,Self-employed,70008.0,4
C109310,28,Female,2,Post-Graduate,Unknown,GA,58405,No,Yes,Yes,Telephone,Unemployed,159215.0,4
C109311,61,Female,4,Uneducated,Unknown,CA,76594,Yes,Yes,Yes,Cellular,Unemployed,99838.0,2
C109312,47,Male,2,Post-Graduate,Unknown,OH,95783,Yes,Yes,Yes,Email,Government,147701.0,3
C109313,41,Male,1,College,Unknown,IL,39518,No,No,Yes,Telephone,Salaried,114632.0,1
C109314,65,Female,2,High School,Unknown,TX,33719,No,No,No,Email,Salaried,19981.0,5
C109315,53,Male,0,Uneducated,Unknown,FL,70485,Yes,No,Yes,Telephone,Government,95319.0,4
C109316,58,Female,0,Graduate,Unknown,TX,85381,Yes,Yes,Yes,Email,Retired,142213.0,4
C109317,53,Female,5,College,Single,GA,15421,Yes,Yes,No,Cellular,Retired,94375.0,3
C109318,66,Female,2,Uneducated,Single,FL,37455,Yes,Yes,No,Cellular,Government,75240.0,4
C109319,57,Female,5,Graduate,Married,TX,44799,No,Yes,No,Cellular,Unemployed,76010.0,5
C109320,65,Male,3,Uneducated,Married,NY,42741,No,Yes,Yes,Cellular,Salaried,37212.0,2
C109321,25,Male,2,nan,Divorced,TX,72472,Yes,Yes,Yes,Telephone,Businessman,20692.0,2
C109322,35,Male,3,Uneducated,Divorced,OH,87598,Yes,No,Yes,Email,Student,59286.0,1
C109323,50,Female,0,Post-Graduate,Single,PA,78372,No,No,No,Telephone,Businessman,105609.0,5
C109324,23,Male,4,College,Single,MI,38352,No,Yes,Yes,Telephone,Businessman,58900.0,4
C109325,48,Female,3,Uneducated,Divorced,IL,43693,Yes,No,No,Cellular,Student,164587.0,4
C109326,50,Female,2,High School,Single,GA,26567,No,Yes,No,Telephone,Businessman,24692.0,5
C109327,56,Male,1,Uneducated,Divorced,CA,52252,No,No,No,Email,Self-employed,72505.0,2
C109328,23,Female,1,Post-Graduate,Married,TX,65380,Yes,Yes,Yes,Telephone,Government,62452.0,4
C109329,64,Female,2,Graduate,Single,NY,37158,No,Yes,No,Email,Salaried,88266.0,4
C109330,51,Female,0,Graduate,Single,NY,71166,Yes,Yes,No,Cellular,Student,150525.0,5
C109331,34,Male,0,Graduate,Divorced,CA,29351,Yes,No,Yes,Cellular,Businessman,80041.0,1
C109332,26,Female,0,High School,Unknown,IL,79933,Yes,Yes,No,Telephone,Salaried,125246.0,5
C109333,39,Male,2,Post-Graduate,Unknown,IL,88874,No,No,No,Email,Retired,159497.0,4
C109334,25,Female,1,College,Married,TX,59259,No,Yes,Yes,Cellular,Self-employed,177314.0,5
C109335,69,Male,4,Graduate,Single,NC,80428,No,No,Yes,Cellular,Businessman,74830.0,5
C109336,46,Female,1,Post-Graduate,Single,PA,41159,Yes,No,No,Telephone,Businessman,157959.0,1
C109337,64,Male,0,Uneducated,Divorced,MI,54229,No,Yes,No,Email,Businessman,136381.0,2
C109338,38,Male,2,High School,Unknown,PA,78202,No,Yes,Yes,Cellular,Self-employed,91566.0,5
C109339,57,Female,2,Post-Graduate,Unknown,MI,53341,Yes,Yes,No,Cellular,Government,142131.0,5
C109340,65,Female,4,Post-Graduate,Married,PA,22469,No,No,No,Email,Salaried,74429.0,1
C109341,56,Female,1,College,Unknown,NY,26558,No,Yes,No,Telephone,Unemployed,125781.0,4
C109342,51,Female,0,Post-Graduate,Unknown,MI,84109,Yes,Yes,No,Telephone,Unemployed,152094.0,3
C109343,38,Male,4,College,Unknown,MI,82014,No,No,Yes,Cellular,Businessman,37543.0,3
C109344,29,Female,0,High School,Divorced,GA,16467,No,No,No,Cellular,Retired,22160.0,4
C109345,46,Male,1,High School,Unknown,PA,28933,No,No,No,Telephone,Businessman,39297.0,4
C109346,22,Female,4,Uneducated,Married,TX,64758,No,Yes,Yes,Telephone,Self-employed,49470.0,4
C109347,52,Male,0,College,Unknown,MI,39219,No,Yes,No,Cellular,Self-employed,109781.0,2
C109348,62,Male,3,College,Married,NC,76475,No,Yes,No,Email,Salaried,71966.0,2
C109349,65,Male,2,Graduate,Divorced,NY,96292,Yes,Yes,No,Email,Salaried,136086.0,1
C109350,26,Female,1,Graduate,Divorced,OH,15745,Yes,No,No,Cellular,Retired,116650.0,4
C109351,40,Female,2,Uneducated,Married,TX,79688,Yes,No,Yes,Cellular,Businessman,119983.0,5
C109352,28,Male,0,High School,Divorced,PA,37756,No,No,Yes,Cellular,Unemployed,106373.0,4
C109353,65,Male,4,Graduate,Single,IL,12051,Yes,Yes,No,Cellular,Retired,66229.0,4
C109354,24,Male,0,Post-Graduate,nan,PA,79515,Yes,No,Yes,Telephone,Retired,84275.0,5
C109355,45,Male,5,High School,Single,GA,65358,Yes,Yes,Yes,Email,Retired,101917.0,1
C109356,51,Male,3,Post-Graduate,Single,TX,68847,No,No,Yes,Email,Businessman,78731.0,4
C109357,39,Female,3,College,Single,NY,73162,Yes,No,No,Email,Businessman,21631.0,5
C109358,27,Male,1,High School,Divorced,GA,12937,No,Yes,No,Telephone,Businessman,99741.0,3
C109359,67,Female,2,Uneducated,Married,CA,31533,Yes,No,Yes,Cellular,Businessman,166119.0,3
C109360,57,Female,5,College,Divorced,NY,58727,Yes,No,Yes,Email,Retired,174681.0,5
C109361,50,Female,0,College,Unknown,MI,79398,Yes,Yes,Yes,Email,Self-employed,32761.0,4
C109362,47,Male,5,Post-Graduate,Single,CA,40166,Yes,No,Yes,Telephone,Unemployed,64469.0,2
C109363,37,Male,3,College,Single,IL,60985,No,Yes,Yes,Cellular,Government,73426.0,2
C109364,52,Male,4,Graduate,Divorced,GA,42878,Yes,No,Yes,Cellular,Salaried,101929.0,4
C109365,39,Male,0,High School,Unknown,NY,90703,Yes,No,Yes,Cellular,Self-employed,73549.0,5
C109366,45,nan,1,Graduate,Divorced,FL,12685,Yes,Yes,No,Email,Student,97689.0,1
C109367,49,Female,4,Post-Graduate,Married,FL,82102,No,Yes,No,Telephone,Student,26788.0,2
C109368,45,Female,2,Post-Graduate,Single,OH,60544,Yes,Yes,No,Email,Student,179779.0,3
C109369,52,Male,1,High School,Divorced,CA,24002,Yes,No,No,Telephone,Salaried,93800.0,1
C109370,57,Male,2,College,Married,NC,68729,No,No,Yes,Telephone,Businessman,178961.0,3
C109371,31,Male,2,Uneducated,Single,TX,53399,No,Yes,No,Email,Student,123507.0,4
C109372,24,Male,3,Post-Graduate,Single,PA,48808,Yes,Yes,Yes,Telephone,Student,160507.0,1
C109373,66,Male,5,High School,Single,MI,15119,Yes,Yes,No,Telephone,Government,50233.0,4
C109374,51,Male,2,Uneducated,Unknown,IL,66562,Yes,Yes,No,Telephone,Self-employed,154955.0,2
C109375,56,Female,4,College,Divorced,FL,11454,Yes,No,Yes,Cellular,Retired,51195.0,4
C109376,24,Female,4,Post-Graduate,Single,NC,96478,No,No,Yes,Cellular,Salaried,47129.0,2
C109377,22,Male,4,High School,Single,NC,27219,Yes,Yes,No,Cellular,Salaried,81730.0,2
C109378,59,Female,5,High School,Married,CA,59511,Yes,Yes,No,Cellular,Government,47218.0,5
C109379,53,Female,0,High School,Divorced,OH,34912,Yes,No,No,Email,Unemployed,174013.0,4
C109380,64,Male,5,Post-Graduate,Married,MI,82854,No,No,No,Email,Student,91697.0,1
C109381,47,Female,3,Uneducated,Divorced,NC,19045,No,No,No,Email,Retired,35887.0,1
C109382,46,Male,5,High School,Single,IL,99225,Yes,No,Yes,Cellular,Retired,46815.0,5
C109383,39,Female,3,College,Unknown,CA,39015,No,No,Yes,Email,Government,153038.0,4
C109384,64,Male,4,High School,Married,GA,91841,Yes,No,Yes,Cellular,Businessman,101421.0,5
C109385,61,Male,0,Uneducated,Unknown,IL,96912,Yes,Yes,Yes,Cellular,Student,172042.0,2
C109386,59,Female,5,Post-Graduate,Unknown,PA,84610,No,Yes,Yes,Telephone,Unemployed,148013.0,4
C109387,53,Male,2,High School,Unknown,OH,21246,No,No,Yes,Telephone,Retired,149652.0,1
C109388,58,Female,2,High School,Divorced,MI,39988,No,Yes,No,Cellular,Salaried,31997.0,2
C109389,30,Male,2,College,Divorced,OH,95231,Yes,Yes,Yes,Telephone,Retired,82483.0,5
C109390,21,Male,3,College,Unknown,OH,81652,No,No,No,Telephone,Self-employed,153309.0,5
C109391,55,Female,2,High School,Single,CA,34794,Yes,No,No,Telephone,Government,40476.0,5
C109392,31,Female,0,High School,Single,OH,47400,No,Yes,No,Telephone,Retired,71011.0,4
C109393,34,Male,0,College,Unknown,TX,54969,Yes,No,No,Email,Retired,160719.0,5
C109394,26,Female,5,Uneducated,Married,IL,30843,Yes,No,No,Telephone,Retired,67941.0,2
C109395,63,Male,5,Graduate,Married,MI,15902,Yes,Yes,No,Cellular,Unemployed,140198.0,4
C109396,59,Female,2,Graduate,Divorced,IL,33259,No,Yes,No,Telephone,Government,104268.0,4
C109397,60,Male,3,High School,Married,GA,52508,No,Yes,No,Telephone,Salaried,150231.0,2
C109398,45,Male,1,College,Single,OH,64866,No,No,Yes,Email,Retired,68816.0,1
C109399,43,Male,4,Post-Graduate,Unknown,OH,29244,Yes,Yes,Yes,Email,Unemployed,165014.0,4
C109400,25,Male,2,Post-Graduate,Married,PA,36761,No,No,No,Email,Retired,147911.0,2
C109401,46,Male,2,Graduate,Unknown,OH,75090,No,No,No,Telephone,Student,140556.0,4
C109402,38,Female,5,Uneducated,Married,OH,25456,No,Yes,Yes,Cellular,Unemployed,33691.0,1
C109403,52,Male,4,Graduate,Divorced,IL,62025,No,Yes,No,Email,Student,20726.0,1
C109404,67,Female,1,High School,Single,IL,73663,Yes,No,Yes,Telephone,Student,114484.0,3
C109405,41,Female,5,Uneducated,Divorced,FL,87016,No,No,No,Telephone,Retired,88920.0,4
C109406,46,Male,2,Post-Graduate,Unknown,FL,84626,Yes,No,No,Telephone,Retired,165976.0,4
C109407,55,Male,2,College,Single,IL,23693,Yes,No,No,Email,Retired,55850.0,2
C109408,30,Female,1,College,Single,MI,75017,Yes,Yes,No,Telephone,Self-employed,58523.0,2
C109409,48,Male,4,High School,Divorced,NC,34944,Yes,Yes,No,Email,Unemployed,85734.0,3
C109410,51,Male,0,Graduate,Married,PA,22526,Yes,Yes,Yes,Telephone,Self-employed,71479.0,2
C109411,35,Female,2,High School,Divorced,GA,67683,No,Yes,No,Cellular,Student,116568.0,1
C109412,60,Female,2,College,Unknown,NC,70655,No,No,No,Cellular,Self-employed,177722.0,5
C109413,28,Female,5,Post-Graduate,Married,FL,61346,Yes,No,Yes,Telephone,Government,106524.0,4
C109414,66,Female,3,College,Divorced,OH,58492,No,Yes,No,Email,Unemployed,150785.0,3
C109415,30,Female,1,Uneducated,Divorced,IL,51026,Yes,Yes,Yes,Telephone,Retired,111165.0,4
C109416,65,Female,2,College,Married,FL,90057,Yes,No,Yes,Cellular,Student,83656.0,3
C109417,30,Male,3,College,Married,OH,80900,Yes,No,Yes,Telephone,Self-employed,137850.0,5
C109418,58,Female,5,Uneducated,Married,TX,35664,Yes,No,No,Email,Retired,113681.0,3
C109419,38,Female,5,Graduate,Divorced,CA,11752,No,Yes,Yes,Email,Retired,48492.0,3
C109420,68,Male,0,College,Married,OH,43435,Yes,Yes,No,Email,Government,43516.0,5
C109421,48,Male,1,High School,Married,NC,57607,No,No,No,Email,Government,61669.0,2
C109422,48,Male,0,College,Married,NY,27717,No,Yes,No,Cellular,Self-employed,71562.0,1
C109423,40,Male,3,High School,Single,OH,11467,No,No,Yes,Email,Student,24766.0,3
C109424,44,Male,5,Uneducated,Unknown,MI,23300,No,Yes,Yes,Email,Student,114901.0,1
C109425,26,Male,4,nan,Married,NY,96646,Yes,No,No,Cellular,Unemployed,141599.0,3
C109426,61,Female,5,Uneducated,Unknown,TX,95533,No,Yes,No,Email,Self-employed,71120.0,5
C109427,68,Male,1,Uneducated,Married,MI,66175,Yes,No,Yes,Cellular,Self-employed,92134.0,1
C109428,52,Male,4,Graduate,Married,MI,36696,No,Yes,No,Email,Businessman,23767.0,4
C109429,26,Male,3,College,Single,TX,66053,Yes,No,Yes,Email,Government,128780.0,1
C109430,31,Male,1,High School,Single,FL,34799,Yes,No,No,Email,Student,99385.0,5
C109431,50,Female,2,High School,Married,PA,17394,No,No,Yes,Email,Salaried,23376.0,2
C109432,23,Male,3,College,Married,TX,28190,No,No,Yes,Telephone,Government,43354.0,2
C109433,28,Male,5,Graduate,Married,NC,42113,No,Yes,Yes,Telephone,Retired,67159.0,1
C109434,53,Female,3,Graduate,Unknown,NY,66597,Yes,No,Yes,Email,Student,131827.0,5
C109435,67,Female,0,Graduate,Married,OH,83129,No,No,No,Email,Retired,148332.0,2
C109436,67,Female,4,High School,Unknown,PA,16273,No,No,Yes,Email,Businessman,67899.0,2
C109437,39,Male,5,Uneducated,Single,NY,46251,No,Yes,No,Telephone,Government,89761.0,2
C109438,30,Female,5,Graduate,Unknown,TX,89362,Yes,No,Yes,Email,Government,39704.0,1
C109439,39,Female,1,High School,Married,PA,64080,No,Yes,Yes,Cellular,Retired,60659.0,2
C109440,29,Female,5,High School,Single,MI,15494,No,No,No,Telephone,Unemployed,38517.0,5
C109441,27,Male,1,Uneducated,Divorced,FL,72187,Yes,No,Yes,Telephone,Student,50077.0,5
C109442,34,Male,2,College,Single,CA,21190,No,No,No,Telephone,Salaried,66807.0,4
C109443,22,Female,1,College,Divorced,CA,75610,Yes,No,No,Email,Self-employed,66828.0,2
C109444,42,Male,2,Graduate,Unknown,TX,85166,Yes,Yes,Yes,Cellular,Salaried,175926.0,4
C109445,65,Male,1,Graduate,Single,GA,37103,Yes,Yes,No,Telephone,Retired,33437.0,4
C109446,40,Male,5,Uneducated,Single,FL,81139,Yes,No,No,Cellular,Unemployed,169111.0,2
C109447,46,Male,0,Graduate,Single,CA,12288,Yes,No,Yes,Cellular,Unemployed,23771.0,4
C109448,24,Male,5,Uneducated,Unknown,GA,62381,Yes,No,No,Cellular,Businessman,119171.0,2
C109449,59,Female,3,High School,Married,MI,50680,Yes,Yes,No,Email,Government,153137.0,3
C109450,60,Female,1,Graduate,Unknown,PA,98363,Yes,No,Yes,Email,Retired,30643.0,5
C109451,43,Female,3,High School,Single,CA,90937,Yes,Yes,No,Email,Unemployed,177700.0,3
C109452,36,Female,4,Post-Graduate,Married,MI,84699,Yes,Yes,Yes,Telephone,Retired,101331.0,1
C109453,45,Male,3,Uneducated,Single,MI,71144,Yes,No,No,Telephone,Unemployed,71766.0,1
C109454,29,Female,4,Post-Graduate,Single,PA,39017,Yes,Yes,Yes,Cellular,Student,21659.0,4
C109455,31,Female,1,Graduate,Divorced,CA,70407,Yes,No,No,Telephone,Government,45010.0,3
C109456,45,Male,0,High School,Single,MI,42195,Yes,Yes,No,Email,Self-employed,50487.0,3
C109457,51,Male,0,Graduate,Unknown,MI,44230,No,No,Yes,Email,Salaried,104259.0,2
C109458,66,Male,3,Post-Graduate,Unknown,TX,24894,Yes,No,No,Email,Salaried,175503.0,4
C109459,47,Male,0,Graduate,Unknown,NY,84625,No,No,Yes,Email,Businessman,62002.0,5
C109460,56,Female,4,College,Married,FL,87308,No,No,No,Cellular,Student,162867.0,3
C109461,67,Male,0,Post-Graduate,Divorced,NY,29323,No,No,Yes,Telephone,Self-employed,39981.0,3
C109462,34,Male,0,Graduate,Divorced,IL,99274,No,No,Yes,Email,Unemployed,166640.0,2
C109463,43,Male,5,High School,Single,FL,14951,No,Yes,No,Cellular,Retired,123896.0,2
C109464,36,Male,5,Graduate,Single,PA,33683,No,Yes,Yes,Telephone,Self-employed,133842.0,5
C109465,40,Male,0,High School,Divorced,OH,97950,Yes,Yes,Yes,Cellular,Student,80707.0,4
C109466,23,Male,2,College,Married,NY,43378,No,No,No,Email,Unemployed,168049.0,2
C109467,26,Female,2,Graduate,Unknown,NY,40999,Yes,No,No,Email,Businessman,99549.0,1
C109468,49,Female,3,College,Single,GA,37326,Yes,No,Yes,Email,Retired,69792.0,3
C109469,24,Female,5,Post-Graduate,Divorced,NC,65050,No,No,Yes,Telephone,Self-employed,154782.0,1
C109470,21,Male,1,High School,Married,IL,53012,Yes,No,Yes,Email,Businessman,46555.0,1
C109471,28,Male,5,Post-Graduate,Unknown,OH,31962,Yes,No,No,Telephone,Unemployed,85366.0,3
C109472,68,Female,1,High School,Single,NC,31336,No,Yes,Yes,Cellular,Student,169016.0,3
C109473,40,Female,4,College,Unknown,CA,80872,Yes,No,Yes,Telephone,Student,28077.0,2
C109474,36,Female,4,Uneducated,Unknown,GA,59272,No,No,Yes,Cellular,Student,124301.0,4
C109475,67,Female,3,Graduate,Divorced,MI,77855,No,No,No,Telephone,Self-employed,47872.0,3
C109476,51,Male,2,College,Divorced,MI,58908,No,No,Yes,Email,Student,174474.0,4
C109477,52,Female,0,High School,Unknown,NC,11153,No,No,Yes,Email,Self-employed,108351.0,3
C109478,54,Male,2,High School,Unknown,NC,73338,No,Yes,No,Cellular,Businessman,110338.0,1
C109479,49,Male,5,High School,Single,MI,96392,Yes,No,Yes,Telephone,Government,132162.0,1
C109480,32,Male,2,High School,Married,OH,53913,No,No,No,Telephone,Businessman,38083.0,5
C109481,24,Female,5,Graduate,Married,MI,47179,No,Yes,Yes,Cellular,Unemployed,49262.0,2
C109482,63,Female,3,Post-Graduate,Unknown,TX,93049,Yes,Yes,No,Telephone,Self-employed,124995.0,2
C109483,54,Female,2,Uneducated,Divorced,IL,23302,No,No,No,Telephone,Unemployed,18807.0,3
C109484,26,Male,1,Graduate,Married,NY,35375,No,Yes,Yes,Cellular,Salaried,52212.0,3
C109485,69,Male,2,High School,Unknown,MI,55109,No,Yes,Yes,Cellular,Salaried,126685.0,2
C109486,29,Female,1,Graduate,Divorced,TX,12442,No,No,No,Cellular,Retired,87362.0,5
C109487,25,Male,4,College,Single,MI,19387,No,Yes,No,Telephone,Government,154633.0,3
C109488,66,Female,4,High School,Married,OH,45986,No,No,Yes,Cellular,Student,37483.0,4
C109489,36,Male,5,Uneducated,Single,CA,75091,No,Yes,Yes,Cellular,Businessman,30532.0,3
C109490,21,Male,3,High School,Divorced,TX,93276,Yes,No,No,Cellular,Businessman,44984.0,4
C109491,40,Male,0,Uneducated,Unknown,IL,63612,No,No,Yes,Cellular,Self-employed,125843.0,4
C109492,55,Male,2,nan,Single,FL,75622,Yes,Yes,Yes,Email,Retired,52400.0,1
C109493,30,Male,0,Post-Graduate,Unknown,TX,86235,No,Yes,Yes,Email,Government,158855.0,1
C109494,45,Male,1,Post-Graduate,Married,PA,69182,No,No,Yes,Email,Student,125524.0,5
C109495,67,Male,0,Graduate,Single,PA,11201,No,No,No,Cellular,Government,171702.0,1
C109496,48,Female,2,Graduate,Married,FL,33191,Yes,Yes,Yes,Telephone,Unemployed,92719.0,4
C109497,55,Male,5,Uneducated,Married,NC,90669,Yes,No,Yes,Email,Salaried,130606.0,5
C109498,53,Male,0,High School,Married,PA,90089,Yes,Yes,No,Cellular,Retired,76145.0,1
C109499,65,Female,0,College,Married,NC,12648,No,Yes,No,Email,Government,62967.0,1
C109500,35,Female,0,College,Married,MI,14667,No,Yes,Yes,Email,Unemployed,58922.0,4
C109501,41,Female,3,High School,Divorced,MI,62533,Yes,No,Yes,Cellular,Student,50100.0,3
C109502,62,Female,0,High School,Single,NY,87124,Yes,No,No,Cellular,Retired,21428.0,5
C109503,55,Male,2,Post-Graduate,Unknown,PA,55413,No,Yes,Yes,Email,Student,117963.0,1
C109504,57,Male,5,College,Unknown,FL,85293,No,Yes,No,Cellular,Businessman,21179.0,4
C109505,30,Female,2,Uneducated,Divorced,NY,48915,No,No,Yes,Email,Businessman,34771.0,1
C109506,36,Male,0,Graduate,Unknown,IL,77423,Yes,No,Yes,Email,Student,163285.0,3
C109507,40,Female,3,Post-Graduate,Unknown,TX,15487,Yes,No,Yes,Email,Businessman,38527.0,2
C109508,28,Male,1,College,Unknown,PA,54453,No,Yes,Yes,Email,Businessman,152480.0,5
C109509,65,Male,0,High School,Single,GA,40783,No,Yes,Yes,Telephone,Businessman,155676.0,5
C109510,51,Male,3,College,Unknown,FL,86055,No,No,Yes,Telephone,Unemployed,64866.0,4
C109511,28,Male,4,Uneducated,Single,FL,10433,Yes,Yes,No,Cellular,Student,158059.0,4
C109512,33,Male,2,Post-Graduate,Unknown,IL,65005,No,Yes,Yes,Telephone,Businessman,48143.0,1
C109513,44,Female,4,High School,Unknown,PA,71299,Yes,No,Yes,Telephone,Salaried,103246.0,5
C109514,32,Male,2,Uneducated,Single,OH,89949,Yes,Yes,Yes,Cellular,Retired,29160.0,1
C109515,65,Male,1,Graduate,Divorced,PA,23955,Yes,No,Yes,Email,Student,175803.0,2
C109516,37,Male,5,Post-Graduate,Unknown,OH,61606,No,No,No,Telephone,Government,95127.0,5
C109517,67,Male,3,Uneducated,Married,NC,88193,No,No,No,Telephone,Retired,134588.0,2
C109518,61,Male,1,Uneducated,Married,FL,98309,Yes,No,Yes,Telephone,Unemployed,87368.0,1
C109519,56,Female,4,High School,Divorced,MI,91444,Yes,Yes,Yes,Telephone,Unemployed,161898.0,3
C109520,32,Male,3,Graduate,Married,CA,69786,No,No,No,Email,Self-employed,95805.0,2
C109521,56,Female,4,Uneducated,Single,NC,56200,Yes,No,Yes,Cellular,Retired,87281.0,3
C109522,33,Male,0,Post-Graduate,Unknown,OH,86691,No,No,Yes,Telephone,Unemployed,94174.0,5
C109523,55,Male,4,Uneducated,Unknown,FL,32344,No,Yes,No,Telephone,Self-employed,82572.0,3
C109524,25,Female,1,College,Unknown,MI,25252,No,Yes,No,Telephone,Salaried,138652.0,3
C109525,33,Male,1,Post-Graduate,Unknown,GA,50926,No,Yes,Yes,Telephone,Student,103914.0,1
C109526,66,Male,0,Post-Graduate,Married,OH,18571,Yes,Yes,Yes,Cellular,Government,78562.0,1
C109527,28,Female,3,Uneducated,Married,NY,70447,No,No,No,Email,Student,53404.0,1
C109528,31,Male,4,High School,Married,CA,23779,Yes,Yes,No,Cellular,Government,158732.0,1
C109529,28,Female,5,Post-Graduate,Single,NC,93063,Yes,Yes,Yes,Telephone,Government,90172.0,5
C109530,51,Female,4,College,Married,OH,97118,Yes,Yes,Yes,Telephone,Student,123984.0,1
C109531,32,Female,4,High School,Married,MI,38995,No,No,No,Cellular,Retired,58424.0,5
C109532,31,Male,3,High School,Unknown,CA,85938,No,No,Yes,Email,Businessman,77312.0,5
C109533,37,Male,1,High School,Married,FL,88812,Yes,No,No,Email,Self-employed,27116.0,3
C109534,47,Female,0,Post-Graduate,Divorced,IL,17635,No,No,No,Email,Businessman,18090.0,5
C109535,33,Male,5,High School,Divorced,IL,44599,No,Yes,No,Email,Self-employed,23359.0,1
C109536,56,Female,3,Uneducated,Unknown,IL,88042,No,Yes,Yes,Cellular,Businessman,177406.0,4
C109537,33,Male,0,High School,Married,TX,66716,No,Yes,No,Cellular,Student,81616.0,3
C109538,61,Female,2,College,Divorced,IL,12970,No,Yes,No,Email,Student,160591.0,5
C109539,42,Male,0,Graduate,Divorced,FL,70227,Yes,Yes,Yes,Cellular,Government,158590.0,3
C109540,66,Female,2,College,Single,IL,61290,No,No,No,Cellular,Salaried,40099.0,5
C109541,64,Male,0,Post-Graduate,Unknown,OH,51090,No,Yes,No,Telephone,Student,135876.0,5
C109542,44,Female,2,High School,Divorced,IL,64075,Yes,No,Yes,Cellular,Self-employed,58191.0,3
C109543,50,Male,4,High School,Divorced,GA,68749,No,No,No,Cellular,Government,140129.0,3
C109544,33,Female,5,nan,Unknown,GA,12099,Yes,No,Yes,Email,Self-employed,152365.0,2
C109545,28,Male,3,High School,Married,TX,34956,Yes,Yes,Yes,Cellular,Businessman,30724.0,2
C109546,25,Male,4,College,Unknown,IL,18459,No,Yes,No,Email,Salaried,86604.0,1
C109547,63,Female,1,Post-Graduate,Single,FL,52784,Yes,No,No,Telephone,Student,57997.0,5
C109548,26,Male,3,Graduate,Single,IL,58636,Yes,Yes,No,Telephone,Businessman,144148.0,3
C109549,27,Male,4,High School,Single,GA,23760,No,Yes,No,Cellular,Government,40465.0,4
C109550,42,Male,0,Graduate,Divorced,FL,85215,Yes,Yes,No,Cellular,Self-employed,62985.0,3
C109551,50,Male,3,High School,Married,IL,51014,No,Yes,Yes,Email,Retired,118144.0,2
C109552,35,Female,0,Post-Graduate,Single,OH,76854,Yes,No,Yes,Telephone,Unemployed,175738.0,3
C109553,57,Male,4,College,Unknown,TX,78232,No,Yes,No,Email,Salaried,114330.0,4
C109554,61,Male,3,Post-Graduate,Single,PA,87329,Yes,Yes,No,Cellular,Student,98617.0,3
C109555,40,Female,4,Graduate,Divorced,NC,91767,No,Yes,Yes,Telephone,Self-employed,52453.0,3
C109556,51,Male,1,High School,Single,FL,52323,No,No,No,Cellular,Student,177530.0,4
C109557,25,Female,4,Graduate,Married,FL,12429,Yes,No,No,Telephone,Student,176589.0,2
C109558,65,Male,5,College,Single,PA,83091,Yes,Yes,No,Email,Self-employed,98898.0,3
C109559,32,Female,1,Post-Graduate,Married,PA,60601,No,Yes,Yes,Cellular,Student,62455.0,2
C109560,57,Male,4,Graduate,Married,TX,73345,Yes,Yes,Yes,Cellular,Government,163337.0,4
C109561,50,Female,3,Graduate,Unknown,CA,75225,Yes,Yes,Yes,Telephone,Salaried,127201.0,3
C109562,59,Female,0,College,Married,TX,38469,Yes,No,Yes,Email,Businessman,151425.0,3
C109563,23,Female,3,High School,Divorced,GA,27006,No,No,No,Telephone,Salaried,163365.0,5
C109564,33,Male,4,Graduate,Divorced,GA,42097,No,No,No,Telephone,Businessman,123482.0,1
C109565,31,Female,5,College,Married,PA,19440,No,No,No,Telephone,Government,78865.0,4
C109566,30,Male,4,High School,Married,OH,90326,Yes,No,Yes,Cellular,Salaried,156600.0,2
C109567,50,Female,4,High School,Single,NY,91905,Yes,No,No,Email,Government,49438.0,4
C109568,29,Female,2,Post-Graduate,Single,NC,61953,Yes,Yes,Yes,Email,Self-employed,19671.0,5
C109569,50,Female,1,College,Unknown,TX,24654,No,No,No,Email,Businessman,124056.0,4
C109570,49,Male,0,High School,Single,NY,96971,No,No,Yes,Telephone,Self-employed,116016.0,1
C109571,58,Male,1,Post-Graduate,Divorced,IL,50702,No,No,No,Email,Self-employed,134622.0,4
C109572,66,Female,4,Uneducated,Single,CA,83425,No,Yes,No,Email,Salaried,105814.0,2
C109573,62,Female,4,College,Unknown,IL,27278,Yes,No,No,Cellular,Student,132900.0,2
C109574,69,Female,1,Uneducated,Unknown,MI,42083,Yes,No,No,Cellular,Unemployed,133097.0,1
C109575,54,Female,1,High School,Married,FL,98415,Yes,No,No,Cellular,Student,21392.0,5
C109576,46,Female,5,College,Unknown,PA,34403,No,No,No,Telephone,Government,172546.0,3
C109577,22,Female,1,Post-Graduate,Married,IL,33191,Yes,Yes,No,Cellular,Salaried,122281.0,3
C109578,56,Female,2,High School,Divorced,NC,74431,Yes,Yes,No,Email,Self-employed,114381.0,1
C109579,27,Female,1,College,Divorced,IL,97715,No,Yes,No,Cellular,Retired,84907.0,1
C109580,56,Male,4,College,Single,GA,77137,No,No,Yes,Telephone,Government,118872.0,2
C109581,60,Female,0,Uneducated,Unknown,NY,40065,Yes,Yes,Yes,Cellular,Self-employed,138690.0,1
C109582,34,Male,3,High School,Divorced,TX,48961,No,Yes,Yes,Email,Government,144412.0,2
C109583,47,Female,5,Post-Graduate,Married,TX,48564,Yes,Yes,Yes,Cellular,Retired,44116.0,4
C109584,46,Male,1,Post-Graduate,Unknown,TX,35217,Yes,Yes,Yes,Cellular,Businessman,95364.0,2
C109585,40,Male,1,High School,Unknown,PA,97892,No,Yes,Yes,Cellular,Government,141286.0,2
C109586,55,Female,1,High School,Married,OH,82214,No,No,No,Telephone,Government,133931.0,4
C109587,31,Male,5,Graduate,Unknown,OH,88755,Yes,No,No,Telephone,Self-employed,126228.0,2
C109588,46,Male,0,Uneducated,Unknown,OH,37651,No,No,Yes,Telephone,Unemployed,128682.0,3
C109589,55,Female,1,High School,Divorced,TX,31900,No,No,Yes,Telephone,Student,19251.0,2
C109590,25,Female,1,High School,Married,CA,86523,Yes,No,No,Telephone,Self-employed,158260.0,1
C109591,36,Female,5,Graduate,Divorced,PA,24757,Yes,No,No,Cellular,Salaried,115953.0,2
C109592,31,Male,1,Graduate,Married,TX,58954,Yes,Yes,No,Cellular,Self-employed,28317.0,4
C109593,53,Female,0,College,Single,TX,57949,No,Yes,No,Telephone,Unemployed,142078.0,1
C109594,29,Male,3,Post-Graduate,Unknown,TX,48658,No,No,Yes,Telephone,Unemployed,130069.0,4
C109595,42,Female,5,Uneducated,Unknown,NC,69073,No,No,Yes,Cellular,Retired,63850.0,4
C109596,25,Female,5,College,Divorced,FL,96260,Yes,No,No,Email,Student,101976.0,3
C109597,40,Male,4,High School,Unknown,IL,74614,No,No,Yes,Cellular,Salaried,72474.0,5
C109598,63,Male,0,Graduate,Unknown,TX,96490,Yes,Yes,Yes,Telephone,Retired,158932.0,3
C109599,54,Male,1,Post-Graduate,Divorced,MI,98244,No,Yes,No,Cellular,Unemployed,36946.0,4
C109600,50,Female,2,College,Divorced,CA,44996,Yes,No,No,Telephone,nan,162269.0,4
C109601,30,Female,0,Post-Graduate,Married,FL,58911,No,No,No,Cellular,Student,87384.0,4
C109602,57,Female,1,Graduate,Single,CA,69462,Yes,No,No,Cellular,Unemployed,170567.0,4
C109603,52,Male,5,College,Divorced,OH,76088,Yes,No,Yes,Cellular,Salaried,58656.0,4
C109604,44,Male,1,College,Married,OH,25369,Yes,No,No,Email,Unemployed,93184.0,3
C109605,37,Male,4,Post-Graduate,Divorced,FL,95618,Yes,No,No,Cellular,Self-employed,73767.0,5
C109606,64,nan,0,nan,Married,IL,52438,No,Yes,Yes,Cellular,nan,134557.0,4
C109607,23,Female,0,High School,Single,MI,47009,No,Yes,No,Email,Retired,60486.0,5
C109608,59,Male,5,College,Married,OH,60839,No,Yes,No,Cellular,Retired,85964.0,1
C109609,63,Male,4,High School,Married,PA,38752,No,Yes,Yes,Email,Student,55766.0,2
C109610,63,Female,5,Graduate,Unknown,FL,68931,No,No,No,Email,Retired,172300.0,4
C109611,46,Female,2,College,Divorced,FL,12646,Yes,Yes,No,Email,Retired,119413.0,4
C109612,32,Male,2,College,Married,NY,36256,No,Yes,Yes,Cellular,Unemployed,61684.0,4
C109613,57,Male,3,High School,Divorced,MI,79805,No,No,No,Telephone,Businessman,33348.0,2
C109614,62,Male,3,Uneducated,Married,NY,71629,Yes,Yes,No,Cellular,Businessman,52268.0,5
C109615,32,Male,4,High School,Unknown,FL,45596,No,Yes,Yes,Telephone,Government,36648.0,3
C109616,66,Male,5,High School,Unknown,IL,50137,No,Yes,Yes,Telephone,Unemployed,60052.0,4
C109617,53,Male,0,Uneducated,Single,FL,79508,No,No,No,Email,Businessman,81872.0,2
C109618,47,Female,1,Graduate,Married,TX,47478,Yes,No,No,Email,Student,164532.0,1
C109619,34,Female,2,Graduate,Unknown,NY,95882,Yes,No,No,Email,Government,170146.0,2
C109620,27,Female,5,College,Divorced,FL,21466,No,No,No,Email,Self-employed,133567.0,4
C109621,62,Female,0,Post-Graduate,Married,IL,16307,Yes,Yes,Yes,Cellular,Unemployed,35457.0,5
C109622,45,Male,5,Post-Graduate,Married,CA,29731,No,No,Yes,Cellular,Government,99586.0,5
C109623,58,Male,3,College,Single,CA,12331,Yes,No,Yes,Telephone,Retired,38457.0,1
C109624,68,Male,2,Post-Graduate,Divorced,PA,59705,Yes,No,No,Cellular,Salaried,152008.0,4
C109625,62,Male,1,High School,Single,IL,48940,No,Yes,Yes,Cellular,Unemployed,114312.0,1
C109626,64,Female,5,High School,Married,FL,43343,Yes,Yes,No,Telephone,Government,80913.0,1
C109627,47,Male,3,Uneducated,Single,CA,32339,No,Yes,No,Cellular,Businessman,108558.0,4
C109628,30,Male,1,Uneducated,Married,OH,73977,Yes,Yes,Yes,Cellular,Unemployed,33912.0,5
C109629,62,Male,3,College,Married,FL,93373,No,No,Yes,Email,Unemployed,48754.0,5
C109630,63,Male,1,College,Single,TX,88541,Yes,Yes,Yes,Email,Self-employed,129839.0,5
C109631,61,Female,5,College,Single,OH,18640,No,No,No,Telephone,Salaried,26116.0,5
C109632,29,Male,2,High School,Married,NY,46175,No,Yes,Yes,Email,Government,91292.0,5
C109633,64,Female,5,Post-Graduate,Single,MI,92377,No,No,No,Cellular,Self-employed,136755.0,1
C109634,54,Male,4,College,Single,CA,13367,No,Yes,Yes,Email,Businessman,159088.0,3
C109635,66,Male,1,College,Married,FL,21386,Yes,Yes,No,Email,Unemployed,57939.0,4
C109636,61,Male,2,High School,Divorced,GA,38477,No,Yes,Yes,Telephone,Self-employed,33479.0,3
C109637,49,Female,0,High School,Single,PA,61666,Yes,Yes,No,Cellular,Self-employed,33105.0,1
C109638,38,Male,0,High School,Single,NC,19923,Yes,No,No,Telephone,Salaried,79007.0,4
C109639,49,Male,3,Post-Graduate,Unknown,CA,85612,No,Yes,Yes,Cellular,Student,178634.0,1
C109640,50,Male,5,College,Divorced,CA,52793,No,No,No,Cellular,Businessman,142661.0,4
C109641,33,Female,5,Graduate,Single,IL,33087,No,No,Yes,Cellular,Salaried,38711.0,2
C109642,42,Female,4,Graduate,Married,PA,39335,No,Yes,No,Email,Salaried,69408.0,1
C109643,36,Male,3,College,Unknown,GA,90250,Yes,Yes,Yes,Telephone,Salaried,61190.0,1
C109644,65,Female,5,College,Unknown,TX,93021,No,Yes,Yes,Cellular,Student,105366.0,2
C109645,52,Male,5,College,Unknown,PA,29215,No,Yes,No,Email,Student,27026.0,5
C109646,60,Male,1,College,Single,TX,97964,No,No,Yes,Telephone,Unemployed,126314.0,2
C109647,46,Female,4,Post-Graduate,Married,GA,44317,No,No,No,Email,Government,162303.0,2
C109648,51,Male,1,Graduate,Unknown,FL,32658,Yes,Yes,No,Email,Government,48652.0,3
C109649,64,Male,5,Uneducated,Divorced,NY,54093,Yes,No,Yes,Cellular,Businessman,56415.0,3
C109650,39,Female,2,Graduate,Unknown,NC,99921,Yes,Yes,Yes,Telephone,Retired,98469.0,5
C109651,62,Female,4,Graduate,Unknown,MI,16569,No,No,No,Email,Businessman,131521.0,3
C109652,54,Female,0,High School,Divorced,GA,90470,Yes,Yes,No,Email,Student,179683.0,5
C109653,67,Female,2,College,Unknown,PA,72980,No,No,No,Email,Student,104812.0,2
C109654,69,Male,2,College,Unknown,TX,47813,Yes,Yes,No,Email,Student,156628.0,3
C109655,26,Male,1,College,Divorced,NY,53630,No,Yes,No,Cellular,Unemployed,28819.0,5
C109656,55,Male,3,High School,Single,FL,55713,Yes,Yes,Yes,Cellular,Salaried,55066.0,5
C109657,31,Male,5,Post-Graduate,Divorced,FL,82846,No,Yes,Yes,Telephone,Student,153541.0,3
C109658,57,Male,1,Post-Graduate,Single,CA,43512,No,No,No,Email,Salaried,167976.0,4
C109659,42,Male,2,Uneducated,Single,NC,99575,Yes,Yes,No,Cellular,Salaried,136835.0,3
C109660,33,Male,4,Post-Graduate,Single,MI,97081,No,Yes,No,Telephone,Businessman,98617.0,5
C109661,36,Male,0,Post-Graduate,Divorced,GA,10830,Yes,No,Yes,Telephone,Unemployed,44591.0,4
C109662,45,Female,2,College,Divorced,OH,55876,Yes,No,Yes,Cellular,Self-employed,92822.0,3
C109663,42,Male,3,Graduate,Single,PA,67384,Yes,No,Yes,Cellular,Government,169361.0,2
C109664,62,Male,5,Post-Graduate,Divorced,TX,42803,No,No,No,Email,Government,64680.0,1
C109665,33,Male,3,Post-Graduate,Single,FL,42218,Yes,No,Yes,Cellular,Unemployed,178584.0,3
C109666,43,Male,5,High School,Divorced,NY,46539,No,Yes,Yes,Cellular,Businessman,145603.0,3
C109667,52,Male,5,Uneducated,Married,OH,95985,No,Yes,Yes,Cellular,Businessman,96172.0,1
C109668,43,Female,4,High School,Divorced,NY,32193,Yes,Yes,Yes,Telephone,Student,79705.0,4
C109669,63,Female,3,College,Divorced,MI,21003,Yes,Yes,No,Cellular,Student,89698.0,1
C109670,52,Female,4,Graduate,Divorced,CA,75786,No,Yes,No,Telephone,Student,70050.0,4
C109671,68,Male,3,Uneducated,Single,PA,65888,No,No,Yes,Telephone,Salaried,111812.0,5
C109672,58,Male,1,High School,Single,FL,17558,Yes,No,Yes,Cellular,Salaried,156868.0,4
C109673,48,Male,5,Post-Graduate,Married,GA,10866,No,Yes,No,Telephone,Student,139794.0,2
C109674,53,Male,0,Post-Graduate,Married,CA,18573,No,Yes,No,Email,Unemployed,105317.0,1
C109675,60,Female,5,Uneducated,Unknown,NC,13881,No,Yes,Yes,Email,Salaried,165932.0,2
C109676,46,Female,0,Post-Graduate,Married,PA,13744,Yes,Yes,Yes,Telephone,Businessman,95735.0,2
C109677,50,Male,2,High School,Single,NY,97061,Yes,No,Yes,Cellular,Student,147398.0,1
C109678,37,Male,2,High School,Married,GA,72301,Yes,No,No,Cellular,Government,178473.0,4
C109679,62,Female,1,Post-Graduate,Married,IL,40539,No,Yes,Yes,Telephone,Government,37285.0,2
C109680,49,Female,5,Post-Graduate,Divorced,IL,31496,Yes,No,No,Cellular,Retired,178677.0,2
C109681,22,Female,1,College,Married,IL,91883,Yes,No,Yes,Telephone,Salaried,45272.0,4
C109682,58,Female,0,Graduate,Unknown,OH,32940,No,Yes,Yes,Email,Government,91315.0,2
C109683,54,Female,2,Uneducated,Divorced,OH,90351,Yes,Yes,No,Telephone,Student,23809.0,3
C109684,66,Female,2,High School,Single,MI,31106,Yes,No,Yes,Telephone,Unemployed,154687.0,1
C109685,58,Female,5,Uneducated,Unknown,OH,51211,Yes,No,Yes,Email,Government,137523.0,4
C109686,32,Male,0,College,Single,MI,41053,No,No,Yes,Email,Businessman,168367.0,3
C109687,41,Male,4,High School,Unknown,NY,90235,No,No,Yes,Telephone,Salaried,143279.0,3
C109688,47,Female,1,College,Divorced,GA,69206,Yes,Yes,Yes,Email,Government,46797.0,4
C109689,60,Male,2,nan,Unknown,CA,12971,No,No,No,Email,Salaried,29068.0,5
C109690,23,Female,0,Post-Graduate,Unknown,NY,79301,Yes,Yes,Yes,Cellular,Businessman,146918.0,2
C109691,57,Male,1,Uneducated,Married,OH,11491,Yes,No,No,Email,Government,153705.0,2
C109692,69,Female,5,Uneducated,Single,FL,16606,Yes,No,No,Email,Retired,59077.0,5
C109693,46,Male,0,Post-Graduate,Divorced,MI,34634,Yes,Yes,No,Telephone,Student,62495.0,5
C109694,25,Female,5,Uneducated,Unknown,MI,17479,No,Yes,No,Email,Self-employed,156469.0,5
C109695,66,Male,4,Post-Graduate,Single,NC,94269,Yes,No,Yes,Telephone,Unemployed,36672.0,2
C109696,40,Male,5,High School,Single,NC,45996,No,No,No,Cellular,Government,128594.0,1
C109697,66,Female,3,College,Married,TX,63404,No,Yes,No,Telephone,Businessman,174140.0,2
C109698,61,Female,2,College,Single,TX,58025,Yes,No,No,Telephone,Retired,139025.0,1
C109699,28,Female,5,Uneducated,Divorced,NC,98346,Yes,Yes,No,Cellular,Retired,111347.0,2
C109700,63,Male,5,Graduate,Married,MI,78347,Yes,Yes,No,Cellular,Self-employed,118168.0,1
C109701,48,Male,1,College,Unknown,GA,58446,Yes,No,No,Email,Retired,77607.0,1
C109702,49,Male,0,Post-Graduate,Divorced,CA,99284,No,No,No,Telephone,Government,113728.0,3
C109703,61,Male,0,Graduate,Divorced,PA,26277,No,Yes,Yes,Telephone,Salaried,45611.0,2
C109704,22,Female,1,Graduate,Divorced,OH,53985,No,Yes,Yes,Telephone,Businessman,35728.0,1
C109705,22,Female,2,College,Married,GA,32246,No,Yes,Yes,Cellular,Government,107704.0,3
C109706,58,Male,5,College,Single,NY,68274,Yes,Yes,No,Telephone,Unemployed,28092.0,2
C109707,58,Female,2,College,Divorced,CA,13404,Yes,Yes,Yes,Email,Unemployed,36024.0,1
C109708,63,Female,5,Post-Graduate,Single,FL,11753,No,Yes,No,Cellular,Businessman,134642.0,3
C109709,43,Female,0,Graduate,Single,CA,54309,No,No,Yes,Telephone,Student,66119.0,5
C109710,30,Female,2,Uneducated,Divorced,NY,38708,No,No,Yes,Cellular,Self-employed,122847.0,1
C109711,65,Male,5,Post-Graduate,Single,TX,29014,Yes,Yes,Yes,Cellular,Self-employed,67710.0,3
C109712,48,Female,3,High School,nan,FL,18660,Yes,No,Yes,Cellular,Student,108226.0,1
C109713,39,Female,4,College,Married,PA,63941,No,Yes,No,Telephone,Self-employed,-1000.0,2
C109714,48,Female,4,Graduate,Unknown,GA,73636,Yes,Yes,Yes,Telephone,Self-employed,87000.0,3
C109715,51,Male,3,Post-Graduate,Single,NC,64495,No,Yes,No,Email,Retired,169243.0,2
C109716,22,Female,2,High School,Single,FL,93412,No,No,Yes,Cellular,Unemployed,67481.0,3
C109717,49,Male,5,Post-Graduate,Unknown,CA,21891,Yes,No,Yes,Telephone,Student,171774.0,1
C109718,34,Male,0,Post-Graduate,Married,IL,75663,Yes,Yes,No,Telephone,Salaried,56099.0,2
C109719,48,Female,2,Uneducated,Unknown,IL,63241,No,Yes,No,Email,Retired,82425.0,4
C109720,21,Female,1,Uneducated,Unknown,NC,15726,Yes,No,No,Telephone,Self-employed,96188.0,4
C109721,64,Male,1,Post-Graduate,Unknown,PA,80915,Yes,No,No,Telephone,Salaried,176264.0,4
C109722,36,Male,2,High School,Single,IL,29156,Yes,Yes,No,Telephone,Businessman,75071.0,4
C109723,57,Male,3,Graduate,Single,MI,88344,Yes,Yes,Yes,Cellular,Businessman,130990.0,3
C109724,41,Male,1,Graduate,Single,MI,18149,Yes,No,No,Email,Unemployed,106487.0,2
C109725,34,Female,5,College,Single,IL,19008,Yes,No,No,Email,Self-employed,47426.0,3
C109726,63,Male,4,College,Divorced,GA,88231,No,Yes,No,Email,Businessman,165105.0,2
C109727,37,Female,0,Graduate,Unknown,CA,50566,No,Yes,No,Telephone,Student,40915.0,4
C109728,35,Female,3,Post-Graduate,Unknown,IL,26386,No,Yes,No,Telephone,Self-employed,145791.0,5
C109729,68,Male,1,Post-Graduate,Single,CA,95578,No,Yes,No,Telephone,Student,83919.0,1
C109730,51,Female,0,Uneducated,Married,OH,21002,Yes,Yes,Yes,Cellular,Unemployed,170677.0,4
C109731,66,Male,5,Uneducated,Divorced,OH,45934,No,Yes,No,Cellular,Salaried,48144.0,4
C109732,69,Male,4,College,Divorced,MI,69443,Yes,No,No,Email,Government,21889.0,5
C109733,56,Male,1,Graduate,nan,GA,13244,No,No,Yes,Cellular,Government,119933.0,3
C109734,34,Female,1,Post-Graduate,Single,OH,99240,No,No,Yes,Cellular,Retired,106105.0,3
C109735,56,Female,0,Graduate,Divorced,NC,69576,Yes,Yes,Yes,Telephone,Unemployed,101788.0,2
C109736,47,Male,0,High School,Divorced,GA,85570,Yes,Yes,Yes,Telephone,Self-employed,172393.0,1
C109737,23,Female,2,Graduate,Unknown,GA,89006,No,No,Yes,Email,Unemployed,177613.0,2
C109738,56,Female,1,High School,Unknown,TX,22454,Yes,No,Yes,Telephone,Student,107473.0,4
C109739,26,Female,4,Uneducated,Single,MI,33671,Yes,Yes,No,Telephone,Government,90928.0,3
C109740,47,Female,0,Uneducated,Single,FL,31326,Yes,No,Yes,Cellular,Self-employed,94485.0,4
C109741,42,Female,3,College,Unknown,FL,17863,Yes,No,No,Email,Unemployed,170252.0,4
C109742,42,Male,1,Graduate,Unknown,CA,23721,No,Yes,Yes,Cellular,Retired,82762.0,3
C109743,56,Female,3,Graduate,Unknown,PA,94013,Yes,No,Yes,Email,Unemployed,131202.0,4
C109744,45,Female,1,High School,Married,NY,54222,No,No,Yes,Email,Government,145568.0,4
C109745,47,Male,0,Uneducated,Divorced,NC,53143,No,No,No,Telephone,Unemployed,164687.0,1
C109746,27,Female,2,High School,Single,CA,46689,No,Yes,Yes,Cellular,Retired,75824.0,2
C109747,59,Female,1,Uneducated,Single,CA,15275,No,Yes,Yes,Cellular,Government,60157.0,1
C109748,32,Female,5,High School,Married,MI,50166,No,No,Yes,Telephone,Businessman,107948.0,5
C109749,36,Male,0,Uneducated,Unknown,PA,85799,No,No,Yes,Email,Unemployed,76950.0,1
C109750,58,Female,0,High School,Divorced,CA,78768,No,Yes,Yes,Email,Unemployed,158835.0,2
C109751,25,Female,0,Uneducated,Unknown,TX,95181,Yes,Yes,Yes,Email,Unemployed,94467.0,1
C109752,62,Male,3,High School,Single,MI,69388,No,Yes,No,Email,Self-employed,146043.0,5
C109753,69,Male,0,Graduate,Married,NY,60287,Yes,Yes,Yes,Telephone,Retired,153646.0,4
C109754,55,Female,3,College,Divorced,NC,38030,Yes,Yes,Yes,Email,Retired,81757.0,4
C109755,29,Male,4,High School,Divorced,IL,44567,No,No,Yes,Cellular,Government,120341.0,1
C109756,49,Male,5,College,Divorced,PA,51433,No,Yes,Yes,Email,Retired,44194.0,5
C109757,47,Male,5,Graduate,Divorced,NY,88466,No,No,Yes,Email,Self-employed,84714.0,2
C109758,52,Female,5,Graduate,Married,GA,67073,Yes,No,No,Email,Businessman,149073.0,5
C109759,30,Female,2,Uneducated,Single,PA,76641,Yes,Yes,Yes,Telephone,Self-employed,88134.0,1
C109760,45,Male,5,College,Divorced,GA,48045,Yes,Yes,No,Email,Unemployed,35596.0,3
C109761,62,Male,0,Post-Graduate,Divorced,GA,99326,No,Yes,No,Telephone,Businessman,43895.0,3
C109762,58,Male,4,Uneducated,Single,CA,26355,Yes,No,Yes,Cellular,Unemployed,124253.0,5
C109763,45,Male,0,College,Unknown,OH,36641,No,Yes,Yes,Email,Government,75566.0,1
C109764,24,Female,4,High School,Divorced,NY,75720,Yes,No,Yes,Email,Retired,100629.0,5
C109765,63,Male,5,High School,Divorced,GA,41215,No,Yes,No,Cellular,Retired,48027.0,1
C109766,61,Female,0,Graduate,Unknown,NY,45414,No,No,No,Email,Government,104466.0,2
C109767,64,Male,2,Post-Graduate,Single,FL,96963,No,No,Yes,Email,Government,119998.0,3
C109768,43,Female,0,High School,Single,NY,54953,Yes,Yes,Yes,Telephone,Businessman,89921.0,4
C109769,30,Female,3,College,Divorced,OH,58596,Yes,Yes,No,Telephone,Salaried,121574.0,3
C109770,26,Male,0,College,Single,IL,72224,Yes,No,No,Cellular,Businessman,54288.0,4
C109771,33,Female,1,High School,Unknown,NC,51113,Yes,No,No,Telephone,Businessman,101022.0,1
C109772,51,Female,3,College,Married,IL,44063,Yes,Yes,Yes,Telephone,Unemployed,138560.0,4
C109773,25,Female,4,College,Unknown,GA,77173,No,No,Yes,Cellular,Retired,89143.0,2
C109774,24,Male,5,Graduate,Unknown,NY,81759,No,No,Yes,Cellular,Student,179356.0,1
C109775,23,Female,5,Post-Graduate,Married,TX,69151,No,Yes,No,Email,Government,153589.0,3
C109776,50,Female,0,Graduate,Unknown,PA,84936,No,Yes,Yes,Email,Government,174301.0,3
C109777,43,Male,5,Post-Graduate,Divorced,OH,49506,Yes,No,Yes,Email,Unemployed,148395.0,5
C109778,57,Male,5,College,Divorced,MI,77109,Yes,No,No,Email,Student,136560.0,4
C109779,38,Female,5,Post-Graduate,Single,GA,77715,No,Yes,Yes,Telephone,Retired,152659.0,1
C109780,55,Female,0,College,Single,TX,85057,No,Yes,No,Telephone,Salaried,148841.0,4
C109781,25,Male,0,College,Unknown,OH,73382,Yes,Yes,Yes,Cellular,Self-employed,154216.0,2
C109782,45,Male,1,Graduate,Divorced,GA,84422,Yes,No,Yes,Cellular,Government,167730.0,2
C109783,48,Female,2,Graduate,Divorced,MI,85886,No,Yes,Yes,Telephone,Government,151365.0,5
C109784,58,Female,2,Uneducated,Married,PA,78635,No,No,Yes,Email,Businessman,141271.0,1
C109785,67,Male,3,High School,Single,FL,12436,Yes,Yes,Yes,Email,Salaried,146451.0,1
C109786,38,Male,3,Uneducated,Divorced,PA,31731,Yes,Yes,Yes,Email,Salaried,160670.0,4
C109787,28,Female,1,Uneducated,Unknown,NC,44945,Yes,No,Yes,Email,Retired,53015.0,5
C109788,32,Female,5,Post-Graduate,Divorced,TX,57876,No,Yes,No,Cellular,Salaried,74413.0,3
C109789,50,Male,1,College,Single,NY,61639,No,No,No,Telephone,Salaried,51070.0,1
C109790,42,Female,1,College,Unknown,IL,48424,Yes,Yes,Yes,Cellular,Student,127176.0,1
C109791,26,Female,4,College,Single,OH,76670,No,Yes,No,Telephone,Businessman,135926.0,1
C109792,50,Female,5,High School,Divorced,TX,87334,No,Yes,No,Email,Unemployed,119055.0,5
C109793,28,Female,5,Post-Graduate,Divorced,IL,21415,Yes,Yes,Yes,Cellular,Retired,142147.0,2
C109794,67,Male,1,Post-Graduate,Divorced,FL,32741,No,Yes,No,Telephone,Unemployed,168667.0,3
C109795,68,Male,1,College,Single,OH,82526,No,No,Yes,Telephone,Student,119411.0,2
C109796,49,Female,1,Uneducated,Unknown,NY,94488,No,No,Yes,Telephone,Student,73274.0,4
C109797,51,Female,1,High School,Divorced,OH,95072,Yes,No,No,Telephone,Self-employed,29058.0,1
C109798,25,Female,5,Uneducated,Divorced,NY,30963,Yes,Yes,Yes,Email,Businessman,36587.0,4
C109799,31,Female,2,Graduate,Divorced,TX,62312,No,Yes,No,Email,Salaried,127715.0,4
C109800,37,Male,0,Post-Graduate,Married,IL,12619,No,Yes,No,Telephone,Retired,93148.0,1
C109801,33,Female,0,Post-Graduate,Married,OH,54122,No,Yes,No,Telephone,Businessman,34557.0,5
C109802,40,Female,2,Uneducated,Unknown,PA,34327,No,No,No,Telephone,Salaried,25084.0,4
C109803,51,Male,1,High School,Single,OH,97549,Yes,No,No,Email,Self-employed,27296.0,5
C109804,46,Male,5,Post-Graduate,Divorced,PA,34237,No,Yes,No,Cellular,Government,99949.0,2
C109805,48,Female,4,Uneducated,Divorced,CA,90090,No,No,No,Telephone,Student,25568.0,3
C109806,45,Male,4,High School,Single,IL,52240,No,Yes,No,Cellular,Self-employed,43387.0,3
C109807,68,Male,3,Uneducated,Single,CA,98730,No,Yes,Yes,Email,Student,133323.0,3
C109808,38,Female,0,High School,Unknown,OH,83922,Yes,Yes,Yes,Email,Retired,44194.0,3
C109809,65,Female,3,College,Single,FL,43148,No,No,No,Email,Salaried,45720.0,5
C109810,52,Male,1,High School,Divorced,IL,71675,Yes,Yes,No,Email,Retired,140431.0,2
C109811,49,Female,3,Graduate,Unknown,CA,32581,Yes,No,yes,Email,Salaried,94761.0,5
C109812,23,Male,1,College,Married,GA,10679,No,No,Yes,Cellular,Unemployed,145611.0,4
C109813,55,Male,3,Uneducated,Unknown,FL,59772,Yes,Yes,No,Cellular,Self-employed,175824.0,1
C109814,58,Male,2,College,Unknown,TX,24287,Yes,No,No,Cellular,Government,161122.0,4
C109815,35,Female,5,College,Unknown,CA,85392,Yes,Yes,No,Cellular,Government,34492.0,5
C109816,23,Female,1,Uneducated,Single,FL,79091,No,No,No,Telephone,Student,40646.0,4
C109817,41,Male,4,Uneducated,Divorced,TX,98242,Yes,Yes,No,Email,Salaried,38507.0,4
C109818,23,Male,1,Graduate,Single,GA,85631,Yes,Yes,No,Cellular,Salaried,119349.0,4
C109819,55,Female,4,Uneducated,Divorced,NC,38560,No,Yes,No,Cellular,Government,37870.0,2
C109820,28,Male,5,Post-Graduate,Single,IL,54320,Yes,Yes,Yes,Telephone,Unemployed,48260.0,2
C109821,68,Male,4,Post-Graduate,Unknown,NC,87173,No,Yes,No,Telephone,Salaried,148996.0,1
C109822,23,Female,3,Graduate,Divorced,CA,37053,No,No,Yes,Email,Retired,36954.0,3
C109823,31,Female,0,High School,Single,OH,26597,No,Yes,No,Email,Salaried,98617.0,5
C109824,68,Female,0,High School,Unknown,OH,62688,No,Yes,Yes,Telephone,Self-employed,115838.0,5
C109825,22,Female,0,Post-Graduate,Married,PA,94352,No,No,No,Telephone,Government,141484.0,2
C109826,53,Male,4,Uneducated,Single,FL,92092,Yes,Yes,Yes,Telephone,Unemployed,73309.0,2
C109827,28,Female,0,Graduate,Single,NC,81849,No,Yes,Yes,Email,Government,150063.0,1
C109828,32,Female,1,nan,Married,TX,77169,Yes,No,No,Telephone,Retired,72143.0,5
C109829,39,Male,1,High School,Single,CA,82415,Yes,Yes,Yes,Cellular,Unemployed,102486.0,5
C109830,38,Male,5,College,Married,NY,51301,No,No,No,Email,Retired,176107.0,1
C109831,41,Male,1,Post-Graduate,Divorced,TX,63398,Yes,No,No,Email,Businessman,121190.0,1
C109832,42,Female,5,Uneducated,Married,NY,71841,Yes,No,No,Cellular,Retired,117209.0,4
C109833,63,Male,4,Graduate,Unknown,PA,85353,No,Yes,Yes,Cellular,Government,50080.0,1
C109834,50,Female,4,High School,Married,OH,32492,No,No,Yes,Email,Government,161157.0,4
C109835,38,Male,0,College,Divorced,IL,35266,No,Yes,Yes,Email,Retired,131725.0,5
C109836,26,Female,5,Post-Graduate,Married,IL,63407,Yes,No,No,Telephone,Businessman,117086.0,4
C109837,21,Male,3,Post-Graduate,Married,OH,98973,Yes,No,No,Telephone,Salaried,66525.0,3
C109838,29,Female,4,Graduate,Divorced,PA,55002,Yes,No,Yes,Cellular,Salaried,85382.0,2
C109839,36,Female,2,High School,Single,GA,12099,Yes,Yes,No,Cellular,Student,81580.0,4
C109840,49,Male,1,Graduate,Single,NC,77320,No,No,No,Cellular,Salaried,154217.0,3
C109841,49,Male,1,Graduate,Unknown,NY,30257,Yes,Yes,Yes,Cellular,Government,49790.0,1
C109842,25,Female,0,College,Unknown,NY,94841,Yes,No,No,Telephone,Student,76072.0,1
C109843,39,Male,3,Post-Graduate,Married,CA,42788,No,No,No,Email,Student,68087.0,1
C109844,42,Female,1,Uneducated,Single,OH,24512,Yes,Yes,Yes,Telephone,Retired,69626.0,1
C109845,69,Female,4,Post-Graduate,Single,FL,53900,No,No,Yes,Cellular,Retired,177168.0,3
C109846,28,Female,3,Post-Graduate,Married,NC,42840,Yes,No,Yes,Telephone,Salaried,32610.0,2
C109847,38,Male,1,College,Divorced,PA,58072,No,Yes,No,Cellular,Student,131034.0,4
C109848,64,Female,0,Uneducated,Single,OH,78326,Yes,No,No,Telephone,Businessman,35279.0,2
C109849,68,Female,0,High School,Unknown,OH,20204,No,No,No,Email,Unemployed,26562.0,4
C109850,34,Female,0,Uneducated,Married,GA,46473,Yes,No,Yes,Cellular,Student,146180.0,2
C109851,24,Female,4,High School,Divorced,FL,60152,Yes,No,No,Telephone,Self-employed,22077.0,3
C109852,60,Male,0,Uneducated,Unknown,TX,28062,No,Yes,Yes,Cellular,Businessman,65954.0,3
C109853,47,Male,2,Graduate,Single,TX,65475,No,Yes,No,Email,Government,78203.0,1
C109854,44,Female,4,Uneducated,Divorced,MI,97758,No,No,No,Cellular,Salaried,102402.0,5
C109855,50,Male,2,College,Unknown,GA,74639,Yes,Yes,No,Email,Salaried,18810.0,3
C109856,32,Male,0,High School,Married,TX,79201,No,Yes,No,Telephone,Retired,100437.0,3
C109857,63,Female,3,Post-Graduate,Divorced,GA,58533,No,No,No,Email,Self-employed,98457.0,1
C109858,33,Male,4,College,Divorced,NY,49421,Yes,Yes,No,Cellular,Salaried,47341.0,5
C109859,60,Male,2,High School,Married,IL,26103,No,Yes,No,Telephone,Government,143000.0,3
C109860,65,Male,4,High School,Single,IL,77420,No,Yes,Yes,Cellular,Student,121557.0,3
C109861,24,Male,2,Post-Graduate,Single,OH,15926,No,Yes,No,Cellular,Salaried,66876.0,2
C109862,46,Male,5,Graduate,Divorced,IL,79156,Yes,Yes,Yes,Telephone,Government,144277.0,4
C109863,21,Male,4,College,Divorced,NC,70132,Yes,No,No,Email,Retired,27939.0,4
C109864,47,Female,1,Post-Graduate,Divorced,TX,96025,Yes,Yes,Yes,Email,Businessman,25553.0,2
C109865,43,Male,2,Post-Graduate,Unknown,NC,78332,No,Yes,Yes,Telephone,Unemployed,45137.0,4
C109866,62,Female,2,Graduate,Divorced,CA,86515,Yes,Yes,Yes,Telephone,Government,86617.0,1
C109867,58,Female,4,College,Single,TX,56395,Yes,Yes,No,Cellular,Retired,68236.0,5
C109868,31,Female,3,Post-Graduate,Married,FL,27645,Yes,No,Yes,Cellular,Self-employed,92240.0,3
C109869,59,Male,1,Graduate,Married,PA,74850,No,No,Yes,Telephone,Government,36721.0,4
C109870,62,Male,2,College,Married,MI,97862,Yes,Yes,Yes,Telephone,Unemployed,30020.0,3
C109871,64,Female,0,Uneducated,Divorced,GA,67489,Yes,No,No,Cellular,Salaried,18915.0,2
C109872,41,Female,0,High School,Divorced,OH,74082,Yes,Yes,Yes,Cellular,Student,92975.0,2
C109873,42,Female,5,Graduate,Married,GA,75028,Yes,No,Yes,Email,Government,23687.0,4
C109874,48,Male,4,High School,Unknown,PA,32521,No,Yes,Yes,Telephone,Self-employed,136438.0,2
C109875,58,Male,3,nan,Unknown,PA,23296,Yes,Yes,Yes,Cellular,Businessman,150565.0,4
C109876,26,Male,1,Post-Graduate,Unknown,PA,52509,Yes,No,No,Email,Self-employed,50900.0,1
C109877,45,Female,2,Post-Graduate,Unknown,TX,93915,Yes,Yes,Yes,Cellular,Retired,160144.0,4
C109878,24,Male,0,College,Single,MI,51587,No,No,Yes,Telephone,Businessman,135470.0,2
C109879,54,Male,2,Graduate,Married,FL,39995,No,Yes,Yes,Email,Government,109153.0,1
C109880,46,Female,0,Graduate,Single,PA,12312,Yes,No,Yes,Cellular,Student,106132.0,1
C109881,59,Male,4,College,Divorced,OH,18596,No,No,Yes,Telephone,Self-employed,157325.0,4
C109882,47,Female,4,High School,Unknown,TX,87947,Yes,No,No,Telephone,Student,148904.0,3
C109883,59,Male,2,Post-Graduate,Unknown,FL,23522,No,No,Yes,Telephone,Retired,39830.0,3
C109884,41,Female,4,Post-Graduate,Married,PA,14295,No,Yes,No,Telephone,Government,33238.0,2
C109885,41,Male,1,Graduate,Unknown,CA,87242,Yes,Yes,Yes,Email,Student,172717.0,4
C109886,49,Female,5,Graduate,Married,OH,54928,No,No,Yes,Cellular,Student,71648.0,3
C109887,54,Male,4,College,Divorced,CA,43909,No,Yes,No,Cellular,Self-employed,141710.0,4
C109888,47,Female,1,Uneducated,Unknown,MI,29191,Yes,Yes,No,Telephone,Government,111841.0,3
C109889,62,Female,4,High School,Unknown,NC,68782,Yes,Yes,No,Cellular,Student,85096.0,1
C109890,66,Male,2,Uneducated,Single,MI,46333,No,No,Yes,Telephone,Businessman,58747.0,4
C109891,46,Male,1,Uneducated,Married,NC,99428,No,No,No,Cellular,Salaried,92644.0,3
C109892,25,Female,5,Graduate,Married,NC,43381,No,Yes,No,Cellular,Businessman,54845.0,5
C109893,40,Male,5,Graduate,Unknown,FL,50458,No,Yes,Yes,Cellular,Retired,158060.0,2
C109894,28,Female,5,Graduate,Single,NY,80034,Yes,No,Yes,Email,Student,128139.0,2
C109895,38,Female,3,Uneducated,Unknown,OH,91376,No,Yes,Yes,Telephone,Government,46789.0,4
C109896,25,Male,5,High School,Married,FL,26546,Yes,Yes,Yes,Email,Businessman,131156.0,5
C109897,24,Male,2,Graduate,Married,IL,91964,Yes,Yes,No,Cellular,Government,51473.0,1
C109898,63,Male,1,Post-Graduate,Unknown,CA,97519,Yes,No,No,Email,nan,85990.0,2
C109899,25,Female,0,High School,Divorced,MI,98940,No,No,No,Email,Businessman,106171.0,4
C109900,36,Female,5,Post-Graduate,Unknown,PA,33748,No,No,Yes,Email,Government,97280.0,2
C109901,29,Male,0,High School,Single,OH,93860,Yes,Yes,Yes,Cellular,Student,156704.0,4
C109902,45,Female,3,Graduate,Married,TX,15448,Yes,Yes,Yes,Email,Self-employed,178956.0,5
C109903,58,Female,0,College,Married,MI,89986,Yes,Yes,Yes,Cellular,Unemployed,77166.0,3
C109904,28,Male,2,Graduate,Unknown,NY,66475,Yes,No,No,Telephone,Businessman,38504.0,3
C109905,21,Female,5,Uneducated,Divorced,MI,60978,Yes,No,No,Cellular,Retired,164385.0,3
C109906,51,Female,1,Uneducated,Married,OH,10823,No,No,Yes,Cellular,Unemployed,159407.0,3
C109907,53,Female,5,High School,Unknown,CA,33716,No,Yes,Yes,Cellular,Government,94473.0,1
C109908,25,Male,2,Uneducated,Divorced,NY,10469,No,No,Yes,Telephone,Businessman,150668.0,4
C109909,38,Male,4,Graduate,Unknown,TX,52952,No,Yes,Yes,Telephone,Government,150423.0,1
C109910,56,Female,4,Post-Graduate,Unknown,FL,77799,Yes,Yes,No,Cellular,Government,67285.0,3
C109911,68,Male,0,Graduate,Unknown,IL,61819,Yes,No,Yes,Cellular,Self-employed,135878.0,3
C109912,40,Female,3,High School,Married,FL,17765,No,Yes,No,Telephone,Government,101478.0,5
C109913,44,Male,3,Uneducated,Divorced,MI,27324,Yes,Yes,Yes,Telephone,Businessman,135838.0,2
C109914,39,Female,5,Post-Graduate,Single,TX,77883,Yes,No,Yes,Cellular,Retired,151077.0,3
C109915,48,Female,4,College,Single,CA,13146,Yes,Yes,Yes,Telephone,Unemployed,125171.0,1
C109916,50,Female,3,Post-Graduate,Married,OH,23762,No,No,Yes,Cellular,Unemployed,51730.0,1
C109917,59,Female,3,Post-Graduate,Married,MI,71885,No,No,Yes,Cellular,Student,98299.0,1
C109918,35,Male,0,Graduate,Unknown,PA,85254,No,No,Yes,Cellular,Retired,75052.0,5
C109919,29,Female,5,College,Unknown,NY,26377,No,Yes,Yes,Telephone,Salaried,54928.0,1
C109920,59,Female,2,High School,Divorced,NY,27436,No,No,Yes,Telephone,Government,54576.0,4
C109921,51,Male,2,High School,Unknown,TX,30638,No,No,No,Telephone,nan,115463.0,4
C109922,21,Male,1,Post-Graduate,Divorced,GA,86882,Yes,No,Yes,Cellular,Student,68877.0,5
C109923,33,Female,2,Post-Graduate,Unknown,GA,15226,No,Yes,Yes,Cellular,Retired,96868.0,4
C109924,56,Female,2,Uneducated,Unknown,MI,56722,Yes,Yes,Yes,Email,Salaried,69802.0,5
C109925,22,Male,0,College,Single,MI,93290,No,Yes,No,Cellular,Government,145489.0,5
C109926,62,Female,5,Post-Graduate,Married,MI,15294,No,No,No,Cellular,Businessman,62423.0,5
C109927,57,Female,0,Uneducated,Divorced,MI,72291,Yes,No,Yes,Email,Retired,131035.0,4
C109928,55,nan,5,College,Single,GA,82217,No,No,Yes,Cellular,Retired,97509.0,3
C109929,57,Female,2,High School,Unknown,OH,55545,Yes,Yes,No,Cellular,Self-employed,175704.0,4
C109930,31,Female,1,Uneducated,Single,NY,16804,No,No,No,Telephone,Retired,112117.0,5
C109931,38,Female,2,College,Divorced,CA,25354,Yes,No,No,Email,Unemployed,45394.0,2
C109932,40,Female,5,Uneducated,Married,PA,90646,No,Yes,Yes,Telephone,Government,28051.0,4
C109933,22,Female,2,Post-Graduate,Single,GA,54818,Yes,Yes,Yes,Email,Government,31288.0,2
C109934,44,Female,4,Graduate,Divorced,CA,98753,No,No,No,Cellular,Self-employed,99535.0,4
C109935,36,Male,5,High School,Unknown,TX,96994,Yes,No,No,Email,Self-employed,19751.0,5
C109936,43,Male,1,Post-Graduate,Single,CA,22180,No,No,Yes,Telephone,Unemployed,163543.0,4
C109937,58,Male,5,Post-Graduate,Married,MI,80503,No,Yes,Yes,Cellular,Retired,21687.0,1
C109938,67,Female,2,College,Divorced,NC,63410,No,Yes,Yes,Telephone,Self-employed,127550.0,1
C109939,64,Female,0,Uneducated,Married,OH,76954,No,No,Yes,Email,Self-employed,57623.0,5
C109940,49,Female,5,nan,Unknown,GA,34865,No,Yes,No,Email,Self-employed,55037.0,3
C109941,50,Male,2,Post-Graduate,Married,NC,30083,No,Yes,Yes,Email,Government,45686.0,2
C109942,24,Male,3,College,Unknown,TX,46755,Yes,No,Yes,Telephone,Salaried,75147.0,4
C109943,49,Female,4,High School,Unknown,MI,25407,Yes,No,No,Cellular,Businessman,57037.0,5
C109944,64,Male,4,Uneducated,Single,NY,29121,Yes,Yes,Yes,Cellular,Unemployed,44567.0,2
C109945,63,Male,4,Post-Graduate,Unknown,PA,48851,Yes,Yes,No,Telephone,Government,97308.0,4
C109946,61,Female,1,Post-Graduate,Married,IL,34606,Yes,Yes,No,Telephone,Unemployed,164360.0,4
C109947,47,Female,5,Post-Graduate,Single,FL,23799,Yes,Yes,Yes,Telephone,Student,76539.0,3
C109948,53,Male,4,High School,Unknown,PA,71909,No,No,Yes,Cellular,Retired,126844.0,2
C109949,38,Female,2,High School,Divorced,PA,86091,No,Yes,No,Email,Unemployed,38655.0,4
C109950,26,Male,1,High School,Divorced,TX,62174,No,No,No,Telephone,Government,172845.0,3
C109951,52,Male,3,High School,Unknown,NY,32815,Yes,Yes,Yes,Telephone,Retired,154718.0,1
C109952,51,Male,0,College,Single,NC,79909,No,No,Yes,Email,Government,134615.0,3
C109953,32,Female,4,Graduate,Single,GA,39969,Yes,Yes,Yes,Cellular,Unemployed,132349.0,2
C109954,43,Male,2,College,Single,FL,17166,Yes,No,No,Telephone,Salaried,26700.0,3
C109955,49,Male,1,Post-Graduate,Married,PA,21189,Yes,No,Yes,Telephone,Retired,155550.0,1
C109956,23,Female,5,College,Divorced,TX,26792,No,No,No,Telephone,Unemployed,173365.0,1
C109957,53,Female,5,Uneducated,Unknown,GA,28661,No,Yes,Yes,Email,Self-employed,-1000.0,2
C109958,59,Male,2,High School,Unknown,TX,91832,Yes,Yes,No,Email,Retired,130289.0,5
C109959,48,Female,5,Uneducated,Divorced,NY,82937,No,Yes,No,Email,Unemployed,170867.0,3
C109960,38,Female,4,Uneducated,Married,OH,16754,No,Yes,No,Email,Student,39523.0,2
C109961,64,Male,0,Post-Graduate,Single,TX,75300,Yes,No,Yes,Cellular,Salaried,93627.0,4
C109962,42,Female,1,High School,Divorced,NC,90144,No,Yes,Yes,Email,Businessman,106588.0,3
C109963,40,Male,2,Uneducated,Unknown,TX,10826,No,No,No,Telephone,Unemployed,87163.0,1
C109964,36,Female,1,Post-Graduate,Married,GA,21313,Yes,No,Yes,Telephone,Student,19580.0,3
C109965,27,Female,4,High School,Unknown,NY,48314,Yes,Yes,No,Telephone,Student,172132.0,2
C109966,69,Male,5,Graduate,Single,NC,34972,No,No,No,Telephone,Salaried,155070.0,5
C109967,24,Male,4,Post-Graduate,Divorced,CA,58058,No,No,No,Cellular,Student,43133.0,5
C109968,62,Female,3,College,Single,TX,91688,No,Yes,No,Cellular,Government,35154.0,4
C109969,58,Female,3,High School,Married,NY,39986,Yes,Yes,Yes,Cellular,Government,89260.0,2
C109970,54,Female,4,Uneducated,Divorced,OH,20685,Yes,No,Yes,Cellular,Self-employed,115703.0,3
C109971,56,Male,1,Uneducated,Single,IL,90102,Yes,Yes,Yes,Cellular,Salaried,120109.0,1
C109972,38,Female,2,College,Single,GA,29697,No,No,Yes,Cellular,Unemployed,66471.0,3
C109973,53,Male,2,College,Single,NY,67102,No,Yes,No,Email,Government,165889.0,3
C109974,21,Female,1,Uneducated,Married,GA,15739,Yes,Yes,No,Cellular,Unemployed,19171.0,1
C109975,68,Female,0,High School,Single,OH,42998,Yes,No,No,Cellular,Student,116086.0,4
C109976,45,Female,1,Post-Graduate,Unknown,IL,10246,Yes,Yes,Yes,Telephone,Unemployed,152293.0,5
C109977,65,Female,4,College,Divorced,NY,83829,No,Yes,Yes,Telephone,Student,70604.0,5
C109978,34,nan,4,College,Divorced,MI,12857,No,Yes,Yes,Cellular,Government,115362.0,3
C109979,31,Male,3,College,Single,OH,17788,No,No,No,Email,Salaried,111215.0,2
C109980,28,Male,2,Graduate,Married,MI,62153,No,No,Yes,Email,Salaried,104388.0,5
C109981,62,Male,3,High School,Unknown,FL,69038,Yes,Yes,Yes,Email,Businessman,110914.0,4
C109982,36,Female,2,High School,Unknown,FL,30554,No,No,Yes,Email,Salaried,19049.0,4
C109983,59,Male,1,High School,Divorced,GA,27511,No,No,Yes,Cellular,Retired,34683.0,1
C109984,57,Male,0,High School,Divorced,PA,19308,Yes,No,No,Email,Retired,75607.0,2
C109985,51,Female,5,High School,Unknown,NC,50694,Yes,Yes,Yes,Cellular,Retired,103770.0,5
C109986,62,Female,2,Uneducated,Divorced,NY,35837,Yes,Yes,No,Cellular,Government,102711.0,2
C109987,38,Male,0,College,Single,IL,70115,No,Yes,No,Cellular,Businessman,34911.0,5
C109988,27,Male,0,Uneducated,Unknown,PA,97646,Yes,No,No,Cellular,Student,147992.0,1
C109989,24,Male,0,Graduate,Divorced,GA,64196,No,No,Yes,Cellular,Government,100792.0,2
C109990,52,Male,1,Post-Graduate,Single,FL,56103,Yes,Yes,No,Telephone,Self-employed,177683.0,2
C109991,51,Male,0,College,Single,OH,39535,No,Yes,No,Cellular,Self-employed,106778.0,5
C109992,30,Male,0,Graduate,Unknown,OH,63247,No,Yes,Yes,Cellular,Salaried,37209.0,3
C109993,50,Male,4,Uneducated,Single,FL,25220,Yes,Yes,No,Cellular,Businessman,103562.0,5
C109994,55,Female,4,Post-Graduate,Unknown,CA,43626,Yes,No,No,Telephone,Businessman,156716.0,2
C109995,65,Male,2,Graduate,Single,TX,56030,No,Yes,Yes,Telephone,Student,77944.0,1
C109996,51,Female,4,Post-Graduate,Unknown,NY,90646,Yes,No,Yes,Cellular,Unemployed,45140.0,1
C109997,51,Female,2,Graduate,Unknown,TX,99249,No,Yes,Yes,Email,Salaried,104018.0,3
C109998,66,Female,0,Uneducated,Unknown,IL,57112,Yes,Yes,Yes,Cellular,Businessman,131100.0,3
C109999,66,Male,4,Post-Graduate,Unknown,CA,66639,No,No,Yes,Email,Unemployed,91167.0,2
C110000,53,Male,3,Graduate,Single,IL,80788,No,Yes,Yes,Email,Government,156135.0,3
C110001,25,Female,5,Uneducated,Unknown,NY,50845,Yes,Yes,Yes,Cellular,Student,145141.0,1
C110002,30,Male,5,College,Divorced,FL,13619,No,No,No,Email,Businessman,130957.0,2
C110003,66,Male,1,Uneducated,Single,PA,12141,No,No,Yes,Telephone,Self-employed,156501.0,3
C110004,43,Female,4,Uneducated,Unknown,NC,62185,No,Yes,Yes,Cellular,Self-employed,88418.0,1
C110005,27,Male,1,College,Single,MI,88754,No,No,No,Telephone,Businessman,38951.0,3
C110006,67,Female,5,Uneducated,Single,PA,94280,Yes,No,No,Telephone,Retired,97142.0,1
C110007,48,Female,4,College,Single,MI,81307,No,Yes,Yes,Cellular,Retired,124259.0,2
C110008,41,Female,5,College,Single,NY,36918,No,Yes,No,Cellular,Self-employed,80167.0,1
C110009,51,Female,4,College,Unknown,GA,12781,Yes,Yes,Yes,Cellular,Government,123015.0,4
C110010,61,Male,3,Graduate,Single,IL,31078,Yes,No,No,Telephone,Student,166858.0,5
C110011,47,Female,0,Post-Graduate,Divorced,NC,22730,No,No,Yes,Cellular,Government,131379.0,1
C110012,49,Male,2,Graduate,Single,MI,94598,No,Yes,No,Telephone,Self-employed,159922.0,4
C110013,30,Male,4,College,Single,NC,97714,No,Yes,Yes,Email,Businessman,108246.0,3
C110014,28,Male,4,Post-Graduate,Divorced,FL,96638,Yes,Yes,No,Cellular,Businessman,99565.0,5
C110015,29,Male,1,Post-Graduate,Unknown,CA,10463,No,Yes,No,Telephone,Student,143866.0,1
C110016,31,Female,0,College,Divorced,NC,93263,No,No,No,Cellular,Self-employed,60903.0,1
C110017,42,Female,4,Post-Graduate,Married,NC,43389,Yes,Yes,No,Telephone,Self-employed,174045.0,2
C110018,60,Female,4,Post-Graduate,Divorced,GA,46775,No,No,Yes,Telephone,Self-employed,47711.0,1
C110019,46,Female,2,Graduate,Unknown,IL,37876,Yes,No,Yes,Email,Unemployed,72559.0,5
C110020,57,Female,5,Post-Graduate,Divorced,IL,64180,No,Yes,No,Cellular,Salaried,166915.0,3
C110021,60,Male,0,College,Single,MI,86592,Yes,No,No,Telephone,Businessman,56726.0,2
C110022,22,Female,0,High School,Unknown,PA,83463,No,No,No,Cellular,Self-employed,34216.0,5
C110023,39,Male,5,High School,Married,CA,58525,No,No,No,Telephone,Student,158374.0,1
C110024,36,Male,4,High School,Unknown,NC,55058,Yes,Yes,Yes,Email,Retired,81745.0,5
C110025,24,Female,0,College,Single,IL,32127,Yes,Yes,Yes,Telephone,Unemployed,156184.0,5
C110026,69,Male,0,High School,Married,OH,62635,No,Yes,Yes,Telephone,Salaried,82489.0,3
C110027,58,Male,2,Graduate,Unknown,GA,27159,Yes,Yes,Yes,Cellular,Self-employed,113274.0,1
C110028,64,Female,3,College,Unknown,IL,70521,Yes,Yes,Yes,Email,Businessman,178469.0,4
C110029,27,Female,5,nan,Single,TX,76778,Yes,Yes,Yes,Telephone,Retired,28257.0,2
C110030,34,Female,5,College,Divorced,PA,76472,No,No,No,Cellular,Salaried,62457.0,3
C110031,32,Male,2,Post-Graduate,Divorced,OH,85066,No,No,No,Telephone,Unemployed,42188.0,2
C110032,41,Female,3,Post-Graduate,Married,FL,29914,Yes,No,No,Cellular,Government,58126.0,1
C110033,54,Female,2,Post-Graduate,Single,NC,80436,Yes,No,Yes,Email,Student,83288.0,2
C110034,41,Male,5,Uneducated,Single,FL,54032,Yes,No,Yes,Email,Businessman,53809.0,5
C110035,56,Female,5,Graduate,Divorced,MI,22096,No,No,Yes,Cellular,Government,95448.0,5
C110036,60,Male,4,College,Divorced,NY,98091,Yes,No,Yes,Email,Businessman,86752.0,5
C110037,62,Male,2,College,Married,NC,33176,Yes,No,No,Cellular,Student,157012.0,4
C110038,69,Female,0,Post-Graduate,Divorced,FL,40081,No,Yes,No,Cellular,Self-employed,157661.0,5
C110039,27,Male,0,College,Married,FL,29071,Yes,Yes,Yes,Email,Government,98617.0,5
C110040,41,Male,1,College,Unknown,MI,26457,No,No,Yes,Email,Government,32999.0,1
C110041,30,Female,4,High School,Married,CA,52375,No,No,Yes,Cellular,Salaried,80110.0,5
C110042,41,Female,0,College,Married,NY,41196,Yes,Yes,Yes,Cellular,Self-employed,35919.0,4
C110043,69,Female,4,Uneducated,Married,TX,77965,No,Yes,No,Email,Student,108896.0,4
C110044,36,Male,2,Post-Graduate,Unknown,OH,73970,No,Yes,No,Email,Retired,47830.0,3
C110045,45,Male,0,Graduate,Divorced,NC,49056,No,No,Yes,Cellular,Salaried,58578.0,4
C110046,33,Female,4,Graduate,Married,IL,47578,No,No,No,Cellular,Government,46584.0,5
C110047,47,Female,2,High School,Divorced,FL,50266,Yes,Yes,Yes,Cellular,Businessman,156974.0,2
C110048,57,Female,5,Graduate,Married,NY,28606,No,No,Yes,Email,Unemployed,162276.0,3
C110049,28,Male,3,Graduate,Divorced,OH,95917,Yes,No,No,Telephone,Unemployed,68235.0,4
C110050,50,Female,1,Post-Graduate,Married,PA,71145,No,Yes,No,Cellular,Student,118346.0,3
C110051,51,Male,2,Post-Graduate,Divorced,OH,44227,YES,Yes,No,Telephone,Salaried,126797.0,1
C110052,27,Female,5,Uneducated,Single,GA,95715,Yes,Yes,No,Email,Retired,149917.0,5
C110053,50,Male,3,High School,Unknown,NC,95493,No,No,No,Telephone,Self-employed,81853.0,5
C110054,38,Male,4,Graduate,Married,MI,91567,Yes,Yes,Yes,Telephone,Retired,96012.0,3
C110055,43,Female,3,Uneducated,Unknown,IL,13362,No,Yes,Yes,Cellular,Businessman,108671.0,4
C110056,58,Male,0,High School,Married,IL,11756,No,Yes,Yes,Telephone,Salaried,119260.0,2
C110057,65,Male,5,Graduate,Single,FL,20515,Yes,No,Yes,Email,Unemployed,47832.0,4
C110058,61,Female,5,Graduate,Single,TX,40108,No,No,Yes,Cellular,Unemployed,37150.0,3
C110059,50,Female,4,Post-Graduate,Unknown,OH,63254,No,No,No,Telephone,Student,88322.0,4
C110060,50,Male,1,College,Married,IL,51563,Yes,Yes,Yes,Telephone,Unemployed,64529.0,3
C110061,28,Male,1,High School,Divorced,OH,57268,No,No,No,Telephone,Businessman,159260.0,5
C110062,32,Male,4,Graduate,Married,NY,34065,No,No,No,Telephone,Salaried,126375.0,5
C110063,30,Female,0,High School,Divorced,NC,39743,No,Yes,Yes,Cellular,Salaried,168305.0,5
C110064,27,Male,4,Uneducated,Unknown,NC,75559,No,No,Yes,Cellular,Retired,77597.0,3
C110065,59,Male,4,Uneducated,Unknown,NC,95187,No,No,Yes,Cellular,Student,56553.0,5
C110066,37,Female,5,College,Single,IL,66405,Yes,No,No,Email,Self-employed,162064.0,1
C110067,52,Female,4,Graduate,Divorced,MI,69736,Yes,No,Yes,Email,Businessman,83628.0,2
C110068,25,Female,2,Post-Graduate,Married,NC,52895,No,No,No,Cellular,Retired,149595.0,3
C110069,62,Female,1,Graduate,Single,CA,64571,No,No,Yes,Cellular,Salaried,121684.0,5
C110070,41,Female,1,High School,Unknown,NY,34456,No,No,Yes,Email,Retired,150411.0,1
C110071,51,Male,0,Uneducated,Single,MI,97411,Yes,No,Yes,Telephone,Retired,100738.0,4
C110072,35,Male,1,High School,Married,IL,50546,No,Yes,No,Cellular,Retired,145208.0,2
C110073,33,Male,0,College,Married,IL,72434,No,Yes,No,Cellular,Student,126102.0,2
C110074,66,Female,5,Uneducated,Unknown,PA,55228,No,Yes,No,Telephone,Salaried,63894.0,5
C110075,69,Female,0,Post-Graduate,Single,GA,64504,No,Yes,Yes,Email,Student,157054.0,3
C110076,27,Female,1,Uneducated,Divorced,CA,22774,Yes,Yes,Yes,Email,Student,45608.0,3
C110077,44,Male,4,Graduate,Divorced,MI,39379,No,Yes,No,Cellular,Salaried,77487.0,1
C110078,24,Female,4,Graduate,Divorced,NC,97200,No,Yes,Yes,Telephone,Retired,137934.0,3
C110079,61,Female,2,Uneducated,Married,FL,30523,No,No,No,Email,Retired,80363.0,5
C110080,39,Female,0,College,Single,GA,59899,No,No,Yes,Telephone,Student,135930.0,2
C110081,66,Male,3,Graduate,Divorced,IL,23770,No,No,No,Telephone,Unemployed,150091.0,2
C110082,55,Female,3,Graduate,Single,CA,99546,No,No,Yes,Cellular,Businessman,52777.0,2
C110083,49,Female,5,Post-Graduate,Unknown,NC,71246,No,No,No,Telephone,Retired,176776.0,5
C110084,56,Male,1,Uneducated,Divorced,GA,41985,Yes,Yes,Yes,Telephone,Student,63280.0,4
C110085,54,Female,1,Graduate,Single,IL,19611,No,Yes,No,Telephone,Self-employed,158706.0,5
C110086,28,Female,3,College,Married,FL,72926,Yes,No,No,Telephone,Unemployed,138771.0,2
C110087,22,Female,2,High School,Unknown,GA,30959,Yes,No,No,Telephone,Self-employed,120496.0,2
